solid kangaroo_basic_assembly
  facet normal 0 0 1
    outer loop
      vertex -125 -10 -45
      vertex 250 -10 -45
      vertex 250 -6 -45
    endloop
  endfacet
  facet normal 0 0 1
    outer loop
      vertex -125 -10 -45
      vertex 250 -6 -45
      vertex -125 -6 -45
    endloop
  endfacet
  facet normal -0.707107 0 0.707107
    outer loop
      vertex 250 -10 -45
      vertex 330 -10 35
      vertex 330 -6 35
    endloop
  endfacet
  facet normal -0.707107 0 0.707107
    outer loop
      vertex 250 -10 -45
      vertex 330 -6 35
      vertex 250 -6 -45
    endloop
  endfacet
  facet normal -0.816968 0 -0.576683
    outer loop
      vertex 330 -10 35
      vertex 270 -10 120
      vertex 270 -6 120
    endloop
  endfacet
  facet normal -0.816968 0 -0.576683
    outer loop
      vertex 330 -10 35
      vertex 270 -6 120
      vertex 330 -6 35
    endloop
  endfacet
  facet normal -0.0263067 0 -0.999654
    outer loop
      vertex 270 -10 120
      vertex -110 -10 130
      vertex -110 -6 130
    endloop
  endfacet
  facet normal -0.0263067 0 -0.999654
    outer loop
      vertex 270 -10 120
      vertex -110 -6 130
      vertex 270 -6 120
    endloop
  endfacet
  facet normal 0.824042 0 -0.566529
    outer loop
      vertex -110 -10 130
      vertex -165 -10 50
      vertex -165 -6 50
    endloop
  endfacet
  facet normal 0.824042 0 -0.566529
    outer loop
      vertex -110 -10 130
      vertex -165 -6 50
      vertex -110 -6 130
    endloop
  endfacet
  facet normal 0.921635 0 0.388057
    outer loop
      vertex -165 -10 50
      vertex -125 -10 -45
      vertex -125 -6 -45
    endloop
  endfacet
  facet normal 0.921635 0 0.388057
    outer loop
      vertex -165 -10 50
      vertex -125 -6 -45
      vertex -165 -6 50
    endloop
  endfacet
  facet normal 0 1 0
    outer loop
      vertex 75 -10 40.8333
      vertex 250 -10 -45
      vertex -125 -10 -45
    endloop
  endfacet
  facet normal 0 -1 -0
    outer loop
      vertex 75 -6 40.8333
      vertex -125 -6 -45
      vertex 250 -6 -45
    endloop
  endfacet
  facet normal 0 1 0
    outer loop
      vertex 75 -10 40.8333
      vertex 330 -10 35
      vertex 250 -10 -45
    endloop
  endfacet
  facet normal 0 -1 0
    outer loop
      vertex 75 -6 40.8333
      vertex 250 -6 -45
      vertex 330 -6 35
    endloop
  endfacet
  facet normal -0 1 0
    outer loop
      vertex 75 -10 40.8333
      vertex 270 -10 120
      vertex 330 -10 35
    endloop
  endfacet
  facet normal 0 -1 0
    outer loop
      vertex 75 -6 40.8333
      vertex 330 -6 35
      vertex 270 -6 120
    endloop
  endfacet
  facet normal 0 1 -0
    outer loop
      vertex 75 -10 40.8333
      vertex -110 -10 130
      vertex 270 -10 120
    endloop
  endfacet
  facet normal 0 -1 0
    outer loop
      vertex 75 -6 40.8333
      vertex 270 -6 120
      vertex -110 -6 130
    endloop
  endfacet
  facet normal 0 1 0
    outer loop
      vertex 75 -10 40.8333
      vertex -165 -10 50
      vertex -110 -10 130
    endloop
  endfacet
  facet normal 0 -1 0
    outer loop
      vertex 75 -6 40.8333
      vertex -110 -6 130
      vertex -165 -6 50
    endloop
  endfacet
  facet normal 0 1 0
    outer loop
      vertex 75 -10 40.8333
      vertex -125 -10 -45
      vertex -165 -10 50
    endloop
  endfacet
  facet normal -0 -1 0
    outer loop
      vertex 75 -6 40.8333
      vertex -165 -6 50
      vertex -125 -6 -45
    endloop
  endfacet
  facet normal 0 0 1
    outer loop
      vertex -125 6 -45
      vertex 250 6 -45
      vertex 250 10 -45
    endloop
  endfacet
  facet normal 0 0 1
    outer loop
      vertex -125 6 -45
      vertex 250 10 -45
      vertex -125 10 -45
    endloop
  endfacet
  facet normal -0.707107 0 0.707107
    outer loop
      vertex 250 6 -45
      vertex 330 6 35
      vertex 330 10 35
    endloop
  endfacet
  facet normal -0.707107 0 0.707107
    outer loop
      vertex 250 6 -45
      vertex 330 10 35
      vertex 250 10 -45
    endloop
  endfacet
  facet normal -0.816968 0 -0.576683
    outer loop
      vertex 330 6 35
      vertex 270 6 120
      vertex 270 10 120
    endloop
  endfacet
  facet normal -0.816968 0 -0.576683
    outer loop
      vertex 330 6 35
      vertex 270 10 120
      vertex 330 10 35
    endloop
  endfacet
  facet normal -0.0263067 0 -0.999654
    outer loop
      vertex 270 6 120
      vertex -110 6 130
      vertex -110 10 130
    endloop
  endfacet
  facet normal -0.0263067 0 -0.999654
    outer loop
      vertex 270 6 120
      vertex -110 10 130
      vertex 270 10 120
    endloop
  endfacet
  facet normal 0.824042 0 -0.566529
    outer loop
      vertex -110 6 130
      vertex -165 6 50
      vertex -165 10 50
    endloop
  endfacet
  facet normal 0.824042 0 -0.566529
    outer loop
      vertex -110 6 130
      vertex -165 10 50
      vertex -110 10 130
    endloop
  endfacet
  facet normal 0.921635 0 0.388057
    outer loop
      vertex -165 6 50
      vertex -125 6 -45
      vertex -125 10 -45
    endloop
  endfacet
  facet normal 0.921635 0 0.388057
    outer loop
      vertex -165 6 50
      vertex -125 10 -45
      vertex -165 10 50
    endloop
  endfacet
  facet normal 0 1 0
    outer loop
      vertex 75 6 40.8333
      vertex 250 6 -45
      vertex -125 6 -45
    endloop
  endfacet
  facet normal 0 -1 -0
    outer loop
      vertex 75 10 40.8333
      vertex -125 10 -45
      vertex 250 10 -45
    endloop
  endfacet
  facet normal 0 1 0
    outer loop
      vertex 75 6 40.8333
      vertex 330 6 35
      vertex 250 6 -45
    endloop
  endfacet
  facet normal 0 -1 0
    outer loop
      vertex 75 10 40.8333
      vertex 250 10 -45
      vertex 330 10 35
    endloop
  endfacet
  facet normal -0 1 0
    outer loop
      vertex 75 6 40.8333
      vertex 270 6 120
      vertex 330 6 35
    endloop
  endfacet
  facet normal 0 -1 0
    outer loop
      vertex 75 10 40.8333
      vertex 330 10 35
      vertex 270 10 120
    endloop
  endfacet
  facet normal 0 1 -0
    outer loop
      vertex 75 6 40.8333
      vertex -110 6 130
      vertex 270 6 120
    endloop
  endfacet
  facet normal 0 -1 0
    outer loop
      vertex 75 10 40.8333
      vertex 270 10 120
      vertex -110 10 130
    endloop
  endfacet
  facet normal 0 1 0
    outer loop
      vertex 75 6 40.8333
      vertex -165 6 50
      vertex -110 6 130
    endloop
  endfacet
  facet normal 0 -1 0
    outer loop
      vertex 75 10 40.8333
      vertex -110 10 130
      vertex -165 10 50
    endloop
  endfacet
  facet normal 0 1 0
    outer loop
      vertex 75 6 40.8333
      vertex -125 6 -45
      vertex -165 6 50
    endloop
  endfacet
  facet normal -0 -1 0
    outer loop
      vertex 75 10 40.8333
      vertex -165 10 50
      vertex -125 10 -45
    endloop
  endfacet
  facet normal -0.258819 0 -0.965926
    outer loop
      vertex -77.2638 58.25 -6.48246
      vertex -78.6108 58.25 -6.12154
      vertex -78.6108 61.75 -6.12154
    endloop
  endfacet
  facet normal -0.258819 0 -0.965926
    outer loop
      vertex -77.2638 58.25 -6.48246
      vertex -78.6108 61.75 -6.12154
      vertex -77.2638 61.75 -6.48246
    endloop
  endfacet
  facet normal -0.0871557 0 -0.996195
    outer loop
      vertex -78.6108 58.25 -6.12154
      vertex -80 58.25 -6
      vertex -80 61.75 -6
    endloop
  endfacet
  facet normal -0.0871557 0 -0.996195
    outer loop
      vertex -78.6108 58.25 -6.12154
      vertex -80 61.75 -6
      vertex -78.6108 61.75 -6.12154
    endloop
  endfacet
  facet normal 0.0871557 0 -0.996195
    outer loop
      vertex -80 58.25 -6
      vertex -81.3892 58.25 -6.12154
      vertex -81.3892 61.75 -6.12154
    endloop
  endfacet
  facet normal 0.0871557 0 -0.996195
    outer loop
      vertex -80 58.25 -6
      vertex -81.3892 61.75 -6.12154
      vertex -80 61.75 -6
    endloop
  endfacet
  facet normal 0.258819 0 -0.965926
    outer loop
      vertex -81.3892 58.25 -6.12154
      vertex -82.7362 58.25 -6.48246
      vertex -82.7362 61.75 -6.48246
    endloop
  endfacet
  facet normal 0.258819 0 -0.965926
    outer loop
      vertex -81.3892 58.25 -6.12154
      vertex -82.7362 61.75 -6.48246
      vertex -81.3892 61.75 -6.12154
    endloop
  endfacet
  facet normal 0.422618 0 -0.906308
    outer loop
      vertex -82.7362 58.25 -6.48246
      vertex -84 58.25 -7.0718
      vertex -84 61.75 -7.0718
    endloop
  endfacet
  facet normal 0.422618 0 -0.906308
    outer loop
      vertex -82.7362 58.25 -6.48246
      vertex -84 61.75 -7.0718
      vertex -82.7362 61.75 -6.48246
    endloop
  endfacet
  facet normal 0.573576 0 -0.819152
    outer loop
      vertex -84 58.25 -7.0718
      vertex -85.1423 58.25 -7.87164
      vertex -85.1423 61.75 -7.87164
    endloop
  endfacet
  facet normal 0.573576 0 -0.819152
    outer loop
      vertex -84 58.25 -7.0718
      vertex -85.1423 61.75 -7.87164
      vertex -84 61.75 -7.0718
    endloop
  endfacet
  facet normal 0.707107 0 -0.707107
    outer loop
      vertex -85.1423 58.25 -7.87164
      vertex -86.1284 58.25 -8.8577
      vertex -86.1284 61.75 -8.8577
    endloop
  endfacet
  facet normal 0.707107 0 -0.707107
    outer loop
      vertex -85.1423 58.25 -7.87164
      vertex -86.1284 61.75 -8.8577
      vertex -85.1423 61.75 -7.87164
    endloop
  endfacet
  facet normal 0.819152 0 -0.573576
    outer loop
      vertex -86.1284 58.25 -8.8577
      vertex -86.9282 58.25 -10
      vertex -86.9282 61.75 -10
    endloop
  endfacet
  facet normal 0.819152 0 -0.573576
    outer loop
      vertex -86.1284 58.25 -8.8577
      vertex -86.9282 61.75 -10
      vertex -86.1284 61.75 -8.8577
    endloop
  endfacet
  facet normal 0.906308 0 -0.422618
    outer loop
      vertex -86.9282 58.25 -10
      vertex -87.5175 58.25 -11.2638
      vertex -87.5175 61.75 -11.2638
    endloop
  endfacet
  facet normal 0.906308 0 -0.422618
    outer loop
      vertex -86.9282 58.25 -10
      vertex -87.5175 61.75 -11.2638
      vertex -86.9282 61.75 -10
    endloop
  endfacet
  facet normal 0.965926 0 -0.258819
    outer loop
      vertex -87.5175 58.25 -11.2638
      vertex -87.8785 58.25 -12.6108
      vertex -87.8785 61.75 -12.6108
    endloop
  endfacet
  facet normal 0.965926 0 -0.258819
    outer loop
      vertex -87.5175 58.25 -11.2638
      vertex -87.8785 61.75 -12.6108
      vertex -87.5175 61.75 -11.2638
    endloop
  endfacet
  facet normal 0.996195 0 -0.0871557
    outer loop
      vertex -87.8785 58.25 -12.6108
      vertex -88 58.25 -14
      vertex -88 61.75 -14
    endloop
  endfacet
  facet normal 0.996195 0 -0.0871557
    outer loop
      vertex -87.8785 58.25 -12.6108
      vertex -88 61.75 -14
      vertex -87.8785 61.75 -12.6108
    endloop
  endfacet
  facet normal 0.996195 0 0.0871557
    outer loop
      vertex -88 58.25 -14
      vertex -87.8785 58.25 -15.3892
      vertex -87.8785 61.75 -15.3892
    endloop
  endfacet
  facet normal 0.996195 -0 0.0871557
    outer loop
      vertex -88 58.25 -14
      vertex -87.8785 61.75 -15.3892
      vertex -88 61.75 -14
    endloop
  endfacet
  facet normal 0.965926 0 0.258819
    outer loop
      vertex -87.8785 58.25 -15.3892
      vertex -87.5175 58.25 -16.7362
      vertex -87.5175 61.75 -16.7362
    endloop
  endfacet
  facet normal 0.965926 -0 0.258819
    outer loop
      vertex -87.8785 58.25 -15.3892
      vertex -87.5175 61.75 -16.7362
      vertex -87.8785 61.75 -15.3892
    endloop
  endfacet
  facet normal 0.906308 0 0.422618
    outer loop
      vertex -87.5175 58.25 -16.7362
      vertex -86.9282 58.25 -18
      vertex -86.9282 61.75 -18
    endloop
  endfacet
  facet normal 0.906308 -0 0.422618
    outer loop
      vertex -87.5175 58.25 -16.7362
      vertex -86.9282 61.75 -18
      vertex -87.5175 61.75 -16.7362
    endloop
  endfacet
  facet normal 0.819152 0 0.573576
    outer loop
      vertex -86.9282 58.25 -18
      vertex -86.1284 58.25 -19.1423
      vertex -86.1284 61.75 -19.1423
    endloop
  endfacet
  facet normal 0.819152 -0 0.573576
    outer loop
      vertex -86.9282 58.25 -18
      vertex -86.1284 61.75 -19.1423
      vertex -86.9282 61.75 -18
    endloop
  endfacet
  facet normal 0.707107 0 0.707107
    outer loop
      vertex -86.1284 58.25 -19.1423
      vertex -85.1423 58.25 -20.1284
      vertex -85.1423 61.75 -20.1284
    endloop
  endfacet
  facet normal 0.707107 -0 0.707107
    outer loop
      vertex -86.1284 58.25 -19.1423
      vertex -85.1423 61.75 -20.1284
      vertex -86.1284 61.75 -19.1423
    endloop
  endfacet
  facet normal 0.573576 0 0.819152
    outer loop
      vertex -85.1423 58.25 -20.1284
      vertex -84 58.25 -20.9282
      vertex -84 61.75 -20.9282
    endloop
  endfacet
  facet normal 0.573576 -0 0.819152
    outer loop
      vertex -85.1423 58.25 -20.1284
      vertex -84 61.75 -20.9282
      vertex -85.1423 61.75 -20.1284
    endloop
  endfacet
  facet normal 0.422618 0 0.906308
    outer loop
      vertex -84 58.25 -20.9282
      vertex -82.7362 58.25 -21.5175
      vertex -82.7362 61.75 -21.5175
    endloop
  endfacet
  facet normal 0.422618 -0 0.906308
    outer loop
      vertex -84 58.25 -20.9282
      vertex -82.7362 61.75 -21.5175
      vertex -84 61.75 -20.9282
    endloop
  endfacet
  facet normal 0.34202 0 0.939693
    outer loop
      vertex -82.7362 58.25 -21.5175
      vertex -45.1485 58.25 -35.1983
      vertex -45.1485 61.75 -35.1983
    endloop
  endfacet
  facet normal 0.34202 -0 0.939693
    outer loop
      vertex -82.7362 58.25 -21.5175
      vertex -45.1485 61.75 -35.1983
      vertex -82.7362 61.75 -21.5175
    endloop
  endfacet
  facet normal 0.258819 0 0.965926
    outer loop
      vertex -45.1485 58.25 -35.1983
      vertex -43.8015 58.25 -35.5593
      vertex -43.8015 61.75 -35.5593
    endloop
  endfacet
  facet normal 0.258819 -0 0.965926
    outer loop
      vertex -45.1485 58.25 -35.1983
      vertex -43.8015 61.75 -35.5593
      vertex -45.1485 61.75 -35.1983
    endloop
  endfacet
  facet normal 0.0871557 0 0.996195
    outer loop
      vertex -43.8015 58.25 -35.5593
      vertex -42.4123 58.25 -35.6808
      vertex -42.4123 61.75 -35.6808
    endloop
  endfacet
  facet normal 0.0871557 -0 0.996195
    outer loop
      vertex -43.8015 58.25 -35.5593
      vertex -42.4123 61.75 -35.6808
      vertex -43.8015 61.75 -35.5593
    endloop
  endfacet
  facet normal -0.0871557 0 0.996195
    outer loop
      vertex -42.4123 58.25 -35.6808
      vertex -41.0231 58.25 -35.5593
      vertex -41.0231 61.75 -35.5593
    endloop
  endfacet
  facet normal -0.0871557 0 0.996195
    outer loop
      vertex -42.4123 58.25 -35.6808
      vertex -41.0231 61.75 -35.5593
      vertex -42.4123 61.75 -35.6808
    endloop
  endfacet
  facet normal -0.258819 0 0.965926
    outer loop
      vertex -41.0231 58.25 -35.5593
      vertex -39.6761 58.25 -35.1983
      vertex -39.6761 61.75 -35.1983
    endloop
  endfacet
  facet normal -0.258819 0 0.965926
    outer loop
      vertex -41.0231 58.25 -35.5593
      vertex -39.6761 61.75 -35.1983
      vertex -41.0231 61.75 -35.5593
    endloop
  endfacet
  facet normal -0.422618 0 0.906308
    outer loop
      vertex -39.6761 58.25 -35.1983
      vertex -38.4123 58.25 -34.609
      vertex -38.4123 61.75 -34.609
    endloop
  endfacet
  facet normal -0.422618 0 0.906308
    outer loop
      vertex -39.6761 58.25 -35.1983
      vertex -38.4123 61.75 -34.609
      vertex -39.6761 61.75 -35.1983
    endloop
  endfacet
  facet normal -0.573576 0 0.819152
    outer loop
      vertex -38.4123 58.25 -34.609
      vertex -37.27 58.25 -33.8092
      vertex -37.27 61.75 -33.8092
    endloop
  endfacet
  facet normal -0.573576 0 0.819152
    outer loop
      vertex -38.4123 58.25 -34.609
      vertex -37.27 61.75 -33.8092
      vertex -38.4123 61.75 -34.609
    endloop
  endfacet
  facet normal -0.707107 0 0.707107
    outer loop
      vertex -37.27 58.25 -33.8092
      vertex -36.2839 58.25 -32.8231
      vertex -36.2839 61.75 -32.8231
    endloop
  endfacet
  facet normal -0.707107 0 0.707107
    outer loop
      vertex -37.27 58.25 -33.8092
      vertex -36.2839 61.75 -32.8231
      vertex -37.27 61.75 -33.8092
    endloop
  endfacet
  facet normal -0.819152 0 0.573576
    outer loop
      vertex -36.2839 58.25 -32.8231
      vertex -35.4841 58.25 -31.6808
      vertex -35.4841 61.75 -31.6808
    endloop
  endfacet
  facet normal -0.819152 0 0.573576
    outer loop
      vertex -36.2839 58.25 -32.8231
      vertex -35.4841 61.75 -31.6808
      vertex -36.2839 61.75 -32.8231
    endloop
  endfacet
  facet normal -0.906308 0 0.422618
    outer loop
      vertex -35.4841 58.25 -31.6808
      vertex -34.8948 58.25 -30.417
      vertex -34.8948 61.75 -30.417
    endloop
  endfacet
  facet normal -0.906308 0 0.422618
    outer loop
      vertex -35.4841 58.25 -31.6808
      vertex -34.8948 61.75 -30.417
      vertex -35.4841 61.75 -31.6808
    endloop
  endfacet
  facet normal -0.965926 0 0.258819
    outer loop
      vertex -34.8948 58.25 -30.417
      vertex -34.5338 58.25 -29.07
      vertex -34.5338 61.75 -29.07
    endloop
  endfacet
  facet normal -0.965926 0 0.258819
    outer loop
      vertex -34.8948 58.25 -30.417
      vertex -34.5338 61.75 -29.07
      vertex -34.8948 61.75 -30.417
    endloop
  endfacet
  facet normal -0.996195 0 0.0871557
    outer loop
      vertex -34.5338 58.25 -29.07
      vertex -34.4123 58.25 -27.6808
      vertex -34.4123 61.75 -27.6808
    endloop
  endfacet
  facet normal -0.996195 0 0.0871557
    outer loop
      vertex -34.5338 58.25 -29.07
      vertex -34.4123 61.75 -27.6808
      vertex -34.5338 61.75 -29.07
    endloop
  endfacet
  facet normal -0.996195 0 -0.0871557
    outer loop
      vertex -34.4123 58.25 -27.6808
      vertex -34.5338 58.25 -26.2916
      vertex -34.5338 61.75 -26.2916
    endloop
  endfacet
  facet normal -0.996195 0 -0.0871557
    outer loop
      vertex -34.4123 58.25 -27.6808
      vertex -34.5338 61.75 -26.2916
      vertex -34.4123 61.75 -27.6808
    endloop
  endfacet
  facet normal -0.965926 0 -0.258819
    outer loop
      vertex -34.5338 58.25 -26.2916
      vertex -34.8948 58.25 -24.9446
      vertex -34.8948 61.75 -24.9446
    endloop
  endfacet
  facet normal -0.965926 0 -0.258819
    outer loop
      vertex -34.5338 58.25 -26.2916
      vertex -34.8948 61.75 -24.9446
      vertex -34.5338 61.75 -26.2916
    endloop
  endfacet
  facet normal -0.906308 0 -0.422618
    outer loop
      vertex -34.8948 58.25 -24.9446
      vertex -35.4841 58.25 -23.6808
      vertex -35.4841 61.75 -23.6808
    endloop
  endfacet
  facet normal -0.906308 0 -0.422618
    outer loop
      vertex -34.8948 58.25 -24.9446
      vertex -35.4841 61.75 -23.6808
      vertex -34.8948 61.75 -24.9446
    endloop
  endfacet
  facet normal -0.819152 0 -0.573576
    outer loop
      vertex -35.4841 58.25 -23.6808
      vertex -36.2839 58.25 -22.5385
      vertex -36.2839 61.75 -22.5385
    endloop
  endfacet
  facet normal -0.819152 0 -0.573576
    outer loop
      vertex -35.4841 58.25 -23.6808
      vertex -36.2839 61.75 -22.5385
      vertex -35.4841 61.75 -23.6808
    endloop
  endfacet
  facet normal -0.707107 0 -0.707107
    outer loop
      vertex -36.2839 58.25 -22.5385
      vertex -37.27 58.25 -21.5525
      vertex -37.27 61.75 -21.5525
    endloop
  endfacet
  facet normal -0.707107 0 -0.707107
    outer loop
      vertex -36.2839 58.25 -22.5385
      vertex -37.27 61.75 -21.5525
      vertex -36.2839 61.75 -22.5385
    endloop
  endfacet
  facet normal -0.573576 0 -0.819152
    outer loop
      vertex -37.27 58.25 -21.5525
      vertex -38.4123 58.25 -20.7526
      vertex -38.4123 61.75 -20.7526
    endloop
  endfacet
  facet normal -0.573576 0 -0.819152
    outer loop
      vertex -37.27 58.25 -21.5525
      vertex -38.4123 61.75 -20.7526
      vertex -37.27 61.75 -21.5525
    endloop
  endfacet
  facet normal -0.422618 0 -0.906308
    outer loop
      vertex -38.4123 58.25 -20.7526
      vertex -39.6761 58.25 -20.1633
      vertex -39.6761 61.75 -20.1633
    endloop
  endfacet
  facet normal -0.422618 0 -0.906308
    outer loop
      vertex -38.4123 58.25 -20.7526
      vertex -39.6761 61.75 -20.1633
      vertex -38.4123 61.75 -20.7526
    endloop
  endfacet
  facet normal -0.34202 0 -0.939693
    outer loop
      vertex -39.6761 58.25 -20.1633
      vertex -77.2638 58.25 -6.48246
      vertex -77.2638 61.75 -6.48246
    endloop
  endfacet
  facet normal -0.34202 0 -0.939693
    outer loop
      vertex -39.6761 58.25 -20.1633
      vertex -77.2638 61.75 -6.48246
      vertex -39.6761 61.75 -20.1633
    endloop
  endfacet
  facet normal 0 1 0
    outer loop
      vertex -61.2061 58.25 -20.8404
      vertex -78.6108 58.25 -6.12154
      vertex -77.2638 58.25 -6.48246
    endloop
  endfacet
  facet normal 0 -1 0
    outer loop
      vertex -61.2061 61.75 -20.8404
      vertex -77.2638 61.75 -6.48246
      vertex -78.6108 61.75 -6.12154
    endloop
  endfacet
  facet normal 0 1 0
    outer loop
      vertex -61.2061 58.25 -20.8404
      vertex -80 58.25 -6
      vertex -78.6108 58.25 -6.12154
    endloop
  endfacet
  facet normal 0 -1 0
    outer loop
      vertex -61.2061 61.75 -20.8404
      vertex -78.6108 61.75 -6.12154
      vertex -80 61.75 -6
    endloop
  endfacet
  facet normal 0 1 0
    outer loop
      vertex -61.2061 58.25 -20.8404
      vertex -81.3892 58.25 -6.12154
      vertex -80 58.25 -6
    endloop
  endfacet
  facet normal 0 -1 0
    outer loop
      vertex -61.2061 61.75 -20.8404
      vertex -80 61.75 -6
      vertex -81.3892 61.75 -6.12154
    endloop
  endfacet
  facet normal 0 1 0
    outer loop
      vertex -61.2061 58.25 -20.8404
      vertex -82.7362 58.25 -6.48246
      vertex -81.3892 58.25 -6.12154
    endloop
  endfacet
  facet normal 0 -1 0
    outer loop
      vertex -61.2061 61.75 -20.8404
      vertex -81.3892 61.75 -6.12154
      vertex -82.7362 61.75 -6.48246
    endloop
  endfacet
  facet normal 0 1 0
    outer loop
      vertex -61.2061 58.25 -20.8404
      vertex -84 58.25 -7.0718
      vertex -82.7362 58.25 -6.48246
    endloop
  endfacet
  facet normal 0 -1 0
    outer loop
      vertex -61.2061 61.75 -20.8404
      vertex -82.7362 61.75 -6.48246
      vertex -84 61.75 -7.0718
    endloop
  endfacet
  facet normal 0 1 0
    outer loop
      vertex -61.2061 58.25 -20.8404
      vertex -85.1423 58.25 -7.87164
      vertex -84 58.25 -7.0718
    endloop
  endfacet
  facet normal 0 -1 0
    outer loop
      vertex -61.2061 61.75 -20.8404
      vertex -84 61.75 -7.0718
      vertex -85.1423 61.75 -7.87164
    endloop
  endfacet
  facet normal 0 1 0
    outer loop
      vertex -61.2061 58.25 -20.8404
      vertex -86.1284 58.25 -8.8577
      vertex -85.1423 58.25 -7.87164
    endloop
  endfacet
  facet normal 0 -1 0
    outer loop
      vertex -61.2061 61.75 -20.8404
      vertex -85.1423 61.75 -7.87164
      vertex -86.1284 61.75 -8.8577
    endloop
  endfacet
  facet normal 0 1 0
    outer loop
      vertex -61.2061 58.25 -20.8404
      vertex -86.9282 58.25 -10
      vertex -86.1284 58.25 -8.8577
    endloop
  endfacet
  facet normal 0 -1 0
    outer loop
      vertex -61.2061 61.75 -20.8404
      vertex -86.1284 61.75 -8.8577
      vertex -86.9282 61.75 -10
    endloop
  endfacet
  facet normal 0 1 0
    outer loop
      vertex -61.2061 58.25 -20.8404
      vertex -87.5175 58.25 -11.2638
      vertex -86.9282 58.25 -10
    endloop
  endfacet
  facet normal 0 -1 0
    outer loop
      vertex -61.2061 61.75 -20.8404
      vertex -86.9282 61.75 -10
      vertex -87.5175 61.75 -11.2638
    endloop
  endfacet
  facet normal 0 1 0
    outer loop
      vertex -61.2061 58.25 -20.8404
      vertex -87.8785 58.25 -12.6108
      vertex -87.5175 58.25 -11.2638
    endloop
  endfacet
  facet normal 0 -1 0
    outer loop
      vertex -61.2061 61.75 -20.8404
      vertex -87.5175 61.75 -11.2638
      vertex -87.8785 61.75 -12.6108
    endloop
  endfacet
  facet normal 0 1 0
    outer loop
      vertex -61.2061 58.25 -20.8404
      vertex -88 58.25 -14
      vertex -87.8785 58.25 -12.6108
    endloop
  endfacet
  facet normal 0 -1 0
    outer loop
      vertex -61.2061 61.75 -20.8404
      vertex -87.8785 61.75 -12.6108
      vertex -88 61.75 -14
    endloop
  endfacet
  facet normal 0 1 0
    outer loop
      vertex -61.2061 58.25 -20.8404
      vertex -87.8785 58.25 -15.3892
      vertex -88 58.25 -14
    endloop
  endfacet
  facet normal 0 -1 0
    outer loop
      vertex -61.2061 61.75 -20.8404
      vertex -88 61.75 -14
      vertex -87.8785 61.75 -15.3892
    endloop
  endfacet
  facet normal 0 1 0
    outer loop
      vertex -61.2061 58.25 -20.8404
      vertex -87.5175 58.25 -16.7362
      vertex -87.8785 58.25 -15.3892
    endloop
  endfacet
  facet normal 0 -1 0
    outer loop
      vertex -61.2061 61.75 -20.8404
      vertex -87.8785 61.75 -15.3892
      vertex -87.5175 61.75 -16.7362
    endloop
  endfacet
  facet normal 0 1 0
    outer loop
      vertex -61.2061 58.25 -20.8404
      vertex -86.9282 58.25 -18
      vertex -87.5175 58.25 -16.7362
    endloop
  endfacet
  facet normal 0 -1 0
    outer loop
      vertex -61.2061 61.75 -20.8404
      vertex -87.5175 61.75 -16.7362
      vertex -86.9282 61.75 -18
    endloop
  endfacet
  facet normal 0 1 0
    outer loop
      vertex -61.2061 58.25 -20.8404
      vertex -86.1284 58.25 -19.1423
      vertex -86.9282 58.25 -18
    endloop
  endfacet
  facet normal 0 -1 0
    outer loop
      vertex -61.2061 61.75 -20.8404
      vertex -86.9282 61.75 -18
      vertex -86.1284 61.75 -19.1423
    endloop
  endfacet
  facet normal 0 1 0
    outer loop
      vertex -61.2061 58.25 -20.8404
      vertex -85.1423 58.25 -20.1284
      vertex -86.1284 58.25 -19.1423
    endloop
  endfacet
  facet normal 0 -1 0
    outer loop
      vertex -61.2061 61.75 -20.8404
      vertex -86.1284 61.75 -19.1423
      vertex -85.1423 61.75 -20.1284
    endloop
  endfacet
  facet normal 0 1 0
    outer loop
      vertex -61.2061 58.25 -20.8404
      vertex -84 58.25 -20.9282
      vertex -85.1423 58.25 -20.1284
    endloop
  endfacet
  facet normal -0 -1 0
    outer loop
      vertex -61.2061 61.75 -20.8404
      vertex -85.1423 61.75 -20.1284
      vertex -84 61.75 -20.9282
    endloop
  endfacet
  facet normal 0 1 0
    outer loop
      vertex -61.2061 58.25 -20.8404
      vertex -82.7362 58.25 -21.5175
      vertex -84 58.25 -20.9282
    endloop
  endfacet
  facet normal 0 -1 0
    outer loop
      vertex -61.2061 61.75 -20.8404
      vertex -84 61.75 -20.9282
      vertex -82.7362 61.75 -21.5175
    endloop
  endfacet
  facet normal 0 1 0
    outer loop
      vertex -61.2061 58.25 -20.8404
      vertex -45.1485 58.25 -35.1983
      vertex -82.7362 58.25 -21.5175
    endloop
  endfacet
  facet normal 0 -1 -0
    outer loop
      vertex -61.2061 61.75 -20.8404
      vertex -82.7362 61.75 -21.5175
      vertex -45.1485 61.75 -35.1983
    endloop
  endfacet
  facet normal 0 1 0
    outer loop
      vertex -61.2061 58.25 -20.8404
      vertex -43.8015 58.25 -35.5593
      vertex -45.1485 58.25 -35.1983
    endloop
  endfacet
  facet normal 0 -1 0
    outer loop
      vertex -61.2061 61.75 -20.8404
      vertex -45.1485 61.75 -35.1983
      vertex -43.8015 61.75 -35.5593
    endloop
  endfacet
  facet normal 0 1 0
    outer loop
      vertex -61.2061 58.25 -20.8404
      vertex -42.4123 58.25 -35.6808
      vertex -43.8015 58.25 -35.5593
    endloop
  endfacet
  facet normal 0 -1 0
    outer loop
      vertex -61.2061 61.75 -20.8404
      vertex -43.8015 61.75 -35.5593
      vertex -42.4123 61.75 -35.6808
    endloop
  endfacet
  facet normal 0 1 0
    outer loop
      vertex -61.2061 58.25 -20.8404
      vertex -41.0231 58.25 -35.5593
      vertex -42.4123 58.25 -35.6808
    endloop
  endfacet
  facet normal 0 -1 0
    outer loop
      vertex -61.2061 61.75 -20.8404
      vertex -42.4123 61.75 -35.6808
      vertex -41.0231 61.75 -35.5593
    endloop
  endfacet
  facet normal 0 1 0
    outer loop
      vertex -61.2061 58.25 -20.8404
      vertex -39.6761 58.25 -35.1983
      vertex -41.0231 58.25 -35.5593
    endloop
  endfacet
  facet normal 0 -1 0
    outer loop
      vertex -61.2061 61.75 -20.8404
      vertex -41.0231 61.75 -35.5593
      vertex -39.6761 61.75 -35.1983
    endloop
  endfacet
  facet normal 0 1 0
    outer loop
      vertex -61.2061 58.25 -20.8404
      vertex -38.4123 58.25 -34.609
      vertex -39.6761 58.25 -35.1983
    endloop
  endfacet
  facet normal 0 -1 0
    outer loop
      vertex -61.2061 61.75 -20.8404
      vertex -39.6761 61.75 -35.1983
      vertex -38.4123 61.75 -34.609
    endloop
  endfacet
  facet normal 0 1 0
    outer loop
      vertex -61.2061 58.25 -20.8404
      vertex -37.27 58.25 -33.8092
      vertex -38.4123 58.25 -34.609
    endloop
  endfacet
  facet normal 0 -1 0
    outer loop
      vertex -61.2061 61.75 -20.8404
      vertex -38.4123 61.75 -34.609
      vertex -37.27 61.75 -33.8092
    endloop
  endfacet
  facet normal 0 1 0
    outer loop
      vertex -61.2061 58.25 -20.8404
      vertex -36.2839 58.25 -32.8231
      vertex -37.27 58.25 -33.8092
    endloop
  endfacet
  facet normal 0 -1 0
    outer loop
      vertex -61.2061 61.75 -20.8404
      vertex -37.27 61.75 -33.8092
      vertex -36.2839 61.75 -32.8231
    endloop
  endfacet
  facet normal 0 1 0
    outer loop
      vertex -61.2061 58.25 -20.8404
      vertex -35.4841 58.25 -31.6808
      vertex -36.2839 58.25 -32.8231
    endloop
  endfacet
  facet normal 0 -1 0
    outer loop
      vertex -61.2061 61.75 -20.8404
      vertex -36.2839 61.75 -32.8231
      vertex -35.4841 61.75 -31.6808
    endloop
  endfacet
  facet normal 0 1 0
    outer loop
      vertex -61.2061 58.25 -20.8404
      vertex -34.8948 58.25 -30.417
      vertex -35.4841 58.25 -31.6808
    endloop
  endfacet
  facet normal 0 -1 0
    outer loop
      vertex -61.2061 61.75 -20.8404
      vertex -35.4841 61.75 -31.6808
      vertex -34.8948 61.75 -30.417
    endloop
  endfacet
  facet normal 0 1 0
    outer loop
      vertex -61.2061 58.25 -20.8404
      vertex -34.5338 58.25 -29.07
      vertex -34.8948 58.25 -30.417
    endloop
  endfacet
  facet normal 0 -1 0
    outer loop
      vertex -61.2061 61.75 -20.8404
      vertex -34.8948 61.75 -30.417
      vertex -34.5338 61.75 -29.07
    endloop
  endfacet
  facet normal 0 1 0
    outer loop
      vertex -61.2061 58.25 -20.8404
      vertex -34.4123 58.25 -27.6808
      vertex -34.5338 58.25 -29.07
    endloop
  endfacet
  facet normal 0 -1 0
    outer loop
      vertex -61.2061 61.75 -20.8404
      vertex -34.5338 61.75 -29.07
      vertex -34.4123 61.75 -27.6808
    endloop
  endfacet
  facet normal 0 1 0
    outer loop
      vertex -61.2061 58.25 -20.8404
      vertex -34.5338 58.25 -26.2916
      vertex -34.4123 58.25 -27.6808
    endloop
  endfacet
  facet normal 0 -1 0
    outer loop
      vertex -61.2061 61.75 -20.8404
      vertex -34.4123 61.75 -27.6808
      vertex -34.5338 61.75 -26.2916
    endloop
  endfacet
  facet normal 0 1 0
    outer loop
      vertex -61.2061 58.25 -20.8404
      vertex -34.8948 58.25 -24.9446
      vertex -34.5338 58.25 -26.2916
    endloop
  endfacet
  facet normal 0 -1 0
    outer loop
      vertex -61.2061 61.75 -20.8404
      vertex -34.5338 61.75 -26.2916
      vertex -34.8948 61.75 -24.9446
    endloop
  endfacet
  facet normal 0 1 0
    outer loop
      vertex -61.2061 58.25 -20.8404
      vertex -35.4841 58.25 -23.6808
      vertex -34.8948 58.25 -24.9446
    endloop
  endfacet
  facet normal 0 -1 0
    outer loop
      vertex -61.2061 61.75 -20.8404
      vertex -34.8948 61.75 -24.9446
      vertex -35.4841 61.75 -23.6808
    endloop
  endfacet
  facet normal 0 1 0
    outer loop
      vertex -61.2061 58.25 -20.8404
      vertex -36.2839 58.25 -22.5385
      vertex -35.4841 58.25 -23.6808
    endloop
  endfacet
  facet normal 0 -1 0
    outer loop
      vertex -61.2061 61.75 -20.8404
      vertex -35.4841 61.75 -23.6808
      vertex -36.2839 61.75 -22.5385
    endloop
  endfacet
  facet normal 0 1 0
    outer loop
      vertex -61.2061 58.25 -20.8404
      vertex -37.27 58.25 -21.5525
      vertex -36.2839 58.25 -22.5385
    endloop
  endfacet
  facet normal 0 -1 0
    outer loop
      vertex -61.2061 61.75 -20.8404
      vertex -36.2839 61.75 -22.5385
      vertex -37.27 61.75 -21.5525
    endloop
  endfacet
  facet normal -0 1 0
    outer loop
      vertex -61.2061 58.25 -20.8404
      vertex -38.4123 58.25 -20.7526
      vertex -37.27 58.25 -21.5525
    endloop
  endfacet
  facet normal 0 -1 0
    outer loop
      vertex -61.2061 61.75 -20.8404
      vertex -37.27 61.75 -21.5525
      vertex -38.4123 61.75 -20.7526
    endloop
  endfacet
  facet normal 0 1 0
    outer loop
      vertex -61.2061 58.25 -20.8404
      vertex -39.6761 58.25 -20.1633
      vertex -38.4123 58.25 -20.7526
    endloop
  endfacet
  facet normal 0 -1 0
    outer loop
      vertex -61.2061 61.75 -20.8404
      vertex -38.4123 61.75 -20.7526
      vertex -39.6761 61.75 -20.1633
    endloop
  endfacet
  facet normal 0 1 -0
    outer loop
      vertex -61.2061 58.25 -20.8404
      vertex -77.2638 58.25 -6.48246
      vertex -39.6761 58.25 -20.1633
    endloop
  endfacet
  facet normal 0 -1 0
    outer loop
      vertex -61.2061 61.75 -20.8404
      vertex -39.6761 61.75 -20.1633
      vertex -77.2638 61.75 -6.48246
    endloop
  endfacet
  facet normal -0.258819 0 -0.965926
    outer loop
      vertex -77.2638 58.25 21.5175
      vertex -78.6108 58.25 21.8785
      vertex -78.6108 61.75 21.8785
    endloop
  endfacet
  facet normal -0.258819 0 -0.965926
    outer loop
      vertex -77.2638 58.25 21.5175
      vertex -78.6108 61.75 21.8785
      vertex -77.2638 61.75 21.5175
    endloop
  endfacet
  facet normal -0.0871557 0 -0.996195
    outer loop
      vertex -78.6108 58.25 21.8785
      vertex -80 58.25 22
      vertex -80 61.75 22
    endloop
  endfacet
  facet normal -0.0871557 0 -0.996195
    outer loop
      vertex -78.6108 58.25 21.8785
      vertex -80 61.75 22
      vertex -78.6108 61.75 21.8785
    endloop
  endfacet
  facet normal 0.0871557 0 -0.996195
    outer loop
      vertex -80 58.25 22
      vertex -81.3892 58.25 21.8785
      vertex -81.3892 61.75 21.8785
    endloop
  endfacet
  facet normal 0.0871557 0 -0.996195
    outer loop
      vertex -80 58.25 22
      vertex -81.3892 61.75 21.8785
      vertex -80 61.75 22
    endloop
  endfacet
  facet normal 0.258819 0 -0.965926
    outer loop
      vertex -81.3892 58.25 21.8785
      vertex -82.7362 58.25 21.5175
      vertex -82.7362 61.75 21.5175
    endloop
  endfacet
  facet normal 0.258819 0 -0.965926
    outer loop
      vertex -81.3892 58.25 21.8785
      vertex -82.7362 61.75 21.5175
      vertex -81.3892 61.75 21.8785
    endloop
  endfacet
  facet normal 0.422618 0 -0.906308
    outer loop
      vertex -82.7362 58.25 21.5175
      vertex -84 58.25 20.9282
      vertex -84 61.75 20.9282
    endloop
  endfacet
  facet normal 0.422618 0 -0.906308
    outer loop
      vertex -82.7362 58.25 21.5175
      vertex -84 61.75 20.9282
      vertex -82.7362 61.75 21.5175
    endloop
  endfacet
  facet normal 0.573576 0 -0.819152
    outer loop
      vertex -84 58.25 20.9282
      vertex -85.1423 58.25 20.1284
      vertex -85.1423 61.75 20.1284
    endloop
  endfacet
  facet normal 0.573576 0 -0.819152
    outer loop
      vertex -84 58.25 20.9282
      vertex -85.1423 61.75 20.1284
      vertex -84 61.75 20.9282
    endloop
  endfacet
  facet normal 0.707107 0 -0.707107
    outer loop
      vertex -85.1423 58.25 20.1284
      vertex -86.1284 58.25 19.1423
      vertex -86.1284 61.75 19.1423
    endloop
  endfacet
  facet normal 0.707107 0 -0.707107
    outer loop
      vertex -85.1423 58.25 20.1284
      vertex -86.1284 61.75 19.1423
      vertex -85.1423 61.75 20.1284
    endloop
  endfacet
  facet normal 0.819152 0 -0.573576
    outer loop
      vertex -86.1284 58.25 19.1423
      vertex -86.9282 58.25 18
      vertex -86.9282 61.75 18
    endloop
  endfacet
  facet normal 0.819152 0 -0.573576
    outer loop
      vertex -86.1284 58.25 19.1423
      vertex -86.9282 61.75 18
      vertex -86.1284 61.75 19.1423
    endloop
  endfacet
  facet normal 0.906308 0 -0.422618
    outer loop
      vertex -86.9282 58.25 18
      vertex -87.5175 58.25 16.7362
      vertex -87.5175 61.75 16.7362
    endloop
  endfacet
  facet normal 0.906308 0 -0.422618
    outer loop
      vertex -86.9282 58.25 18
      vertex -87.5175 61.75 16.7362
      vertex -86.9282 61.75 18
    endloop
  endfacet
  facet normal 0.965926 0 -0.258819
    outer loop
      vertex -87.5175 58.25 16.7362
      vertex -87.8785 58.25 15.3892
      vertex -87.8785 61.75 15.3892
    endloop
  endfacet
  facet normal 0.965926 0 -0.258819
    outer loop
      vertex -87.5175 58.25 16.7362
      vertex -87.8785 61.75 15.3892
      vertex -87.5175 61.75 16.7362
    endloop
  endfacet
  facet normal 0.996195 0 -0.0871557
    outer loop
      vertex -87.8785 58.25 15.3892
      vertex -88 58.25 14
      vertex -88 61.75 14
    endloop
  endfacet
  facet normal 0.996195 0 -0.0871557
    outer loop
      vertex -87.8785 58.25 15.3892
      vertex -88 61.75 14
      vertex -87.8785 61.75 15.3892
    endloop
  endfacet
  facet normal 0.996195 0 0.0871557
    outer loop
      vertex -88 58.25 14
      vertex -87.8785 58.25 12.6108
      vertex -87.8785 61.75 12.6108
    endloop
  endfacet
  facet normal 0.996195 -0 0.0871557
    outer loop
      vertex -88 58.25 14
      vertex -87.8785 61.75 12.6108
      vertex -88 61.75 14
    endloop
  endfacet
  facet normal 0.965926 0 0.258819
    outer loop
      vertex -87.8785 58.25 12.6108
      vertex -87.5175 58.25 11.2638
      vertex -87.5175 61.75 11.2638
    endloop
  endfacet
  facet normal 0.965926 -0 0.258819
    outer loop
      vertex -87.8785 58.25 12.6108
      vertex -87.5175 61.75 11.2638
      vertex -87.8785 61.75 12.6108
    endloop
  endfacet
  facet normal 0.906308 0 0.422618
    outer loop
      vertex -87.5175 58.25 11.2638
      vertex -86.9282 58.25 10
      vertex -86.9282 61.75 10
    endloop
  endfacet
  facet normal 0.906308 -0 0.422618
    outer loop
      vertex -87.5175 58.25 11.2638
      vertex -86.9282 61.75 10
      vertex -87.5175 61.75 11.2638
    endloop
  endfacet
  facet normal 0.819152 0 0.573576
    outer loop
      vertex -86.9282 58.25 10
      vertex -86.1284 58.25 8.8577
      vertex -86.1284 61.75 8.8577
    endloop
  endfacet
  facet normal 0.819152 -0 0.573576
    outer loop
      vertex -86.9282 58.25 10
      vertex -86.1284 61.75 8.8577
      vertex -86.9282 61.75 10
    endloop
  endfacet
  facet normal 0.707107 0 0.707107
    outer loop
      vertex -86.1284 58.25 8.8577
      vertex -85.1423 58.25 7.87164
      vertex -85.1423 61.75 7.87164
    endloop
  endfacet
  facet normal 0.707107 -0 0.707107
    outer loop
      vertex -86.1284 58.25 8.8577
      vertex -85.1423 61.75 7.87164
      vertex -86.1284 61.75 8.8577
    endloop
  endfacet
  facet normal 0.573576 0 0.819152
    outer loop
      vertex -85.1423 58.25 7.87164
      vertex -84 58.25 7.0718
      vertex -84 61.75 7.0718
    endloop
  endfacet
  facet normal 0.573576 -0 0.819152
    outer loop
      vertex -85.1423 58.25 7.87164
      vertex -84 61.75 7.0718
      vertex -85.1423 61.75 7.87164
    endloop
  endfacet
  facet normal 0.422618 0 0.906308
    outer loop
      vertex -84 58.25 7.0718
      vertex -82.7362 58.25 6.48246
      vertex -82.7362 61.75 6.48246
    endloop
  endfacet
  facet normal 0.422618 -0 0.906308
    outer loop
      vertex -84 58.25 7.0718
      vertex -82.7362 61.75 6.48246
      vertex -84 61.75 7.0718
    endloop
  endfacet
  facet normal 0.34202 0 0.939693
    outer loop
      vertex -82.7362 58.25 6.48246
      vertex -45.1485 58.25 -7.19835
      vertex -45.1485 61.75 -7.19835
    endloop
  endfacet
  facet normal 0.34202 -0 0.939693
    outer loop
      vertex -82.7362 58.25 6.48246
      vertex -45.1485 61.75 -7.19835
      vertex -82.7362 61.75 6.48246
    endloop
  endfacet
  facet normal 0.258819 0 0.965926
    outer loop
      vertex -45.1485 58.25 -7.19835
      vertex -43.8015 58.25 -7.55927
      vertex -43.8015 61.75 -7.55927
    endloop
  endfacet
  facet normal 0.258819 -0 0.965926
    outer loop
      vertex -45.1485 58.25 -7.19835
      vertex -43.8015 61.75 -7.55927
      vertex -45.1485 61.75 -7.19835
    endloop
  endfacet
  facet normal 0.0871557 0 0.996195
    outer loop
      vertex -43.8015 58.25 -7.55927
      vertex -42.4123 58.25 -7.68081
      vertex -42.4123 61.75 -7.68081
    endloop
  endfacet
  facet normal 0.0871557 -0 0.996195
    outer loop
      vertex -43.8015 58.25 -7.55927
      vertex -42.4123 61.75 -7.68081
      vertex -43.8015 61.75 -7.55927
    endloop
  endfacet
  facet normal -0.0871557 0 0.996195
    outer loop
      vertex -42.4123 58.25 -7.68081
      vertex -41.0231 58.25 -7.55927
      vertex -41.0231 61.75 -7.55927
    endloop
  endfacet
  facet normal -0.0871557 0 0.996195
    outer loop
      vertex -42.4123 58.25 -7.68081
      vertex -41.0231 61.75 -7.55927
      vertex -42.4123 61.75 -7.68081
    endloop
  endfacet
  facet normal -0.258819 0 0.965926
    outer loop
      vertex -41.0231 58.25 -7.55927
      vertex -39.6761 58.25 -7.19835
      vertex -39.6761 61.75 -7.19835
    endloop
  endfacet
  facet normal -0.258819 0 0.965926
    outer loop
      vertex -41.0231 58.25 -7.55927
      vertex -39.6761 61.75 -7.19835
      vertex -41.0231 61.75 -7.55927
    endloop
  endfacet
  facet normal -0.422618 0 0.906308
    outer loop
      vertex -39.6761 58.25 -7.19835
      vertex -38.4123 58.25 -6.60901
      vertex -38.4123 61.75 -6.60901
    endloop
  endfacet
  facet normal -0.422618 0 0.906308
    outer loop
      vertex -39.6761 58.25 -7.19835
      vertex -38.4123 61.75 -6.60901
      vertex -39.6761 61.75 -7.19835
    endloop
  endfacet
  facet normal -0.573576 0 0.819152
    outer loop
      vertex -38.4123 58.25 -6.60901
      vertex -37.27 58.25 -5.80916
      vertex -37.27 61.75 -5.80916
    endloop
  endfacet
  facet normal -0.573576 0 0.819152
    outer loop
      vertex -38.4123 58.25 -6.60901
      vertex -37.27 61.75 -5.80916
      vertex -38.4123 61.75 -6.60901
    endloop
  endfacet
  facet normal -0.707107 0 0.707107
    outer loop
      vertex -37.27 58.25 -5.80916
      vertex -36.2839 58.25 -4.82311
      vertex -36.2839 61.75 -4.82311
    endloop
  endfacet
  facet normal -0.707107 0 0.707107
    outer loop
      vertex -37.27 58.25 -5.80916
      vertex -36.2839 61.75 -4.82311
      vertex -37.27 61.75 -5.80916
    endloop
  endfacet
  facet normal -0.819152 0 0.573576
    outer loop
      vertex -36.2839 58.25 -4.82311
      vertex -35.4841 58.25 -3.68081
      vertex -35.4841 61.75 -3.68081
    endloop
  endfacet
  facet normal -0.819152 0 0.573576
    outer loop
      vertex -36.2839 58.25 -4.82311
      vertex -35.4841 61.75 -3.68081
      vertex -36.2839 61.75 -4.82311
    endloop
  endfacet
  facet normal -0.906308 0 0.422618
    outer loop
      vertex -35.4841 58.25 -3.68081
      vertex -34.8948 58.25 -2.41697
      vertex -34.8948 61.75 -2.41697
    endloop
  endfacet
  facet normal -0.906308 0 0.422618
    outer loop
      vertex -35.4841 58.25 -3.68081
      vertex -34.8948 61.75 -2.41697
      vertex -35.4841 61.75 -3.68081
    endloop
  endfacet
  facet normal -0.965926 0 0.258819
    outer loop
      vertex -34.8948 58.25 -2.41697
      vertex -34.5338 58.25 -1.06999
      vertex -34.5338 61.75 -1.06999
    endloop
  endfacet
  facet normal -0.965926 0 0.258819
    outer loop
      vertex -34.8948 58.25 -2.41697
      vertex -34.5338 61.75 -1.06999
      vertex -34.8948 61.75 -2.41697
    endloop
  endfacet
  facet normal -0.996195 0 0.0871557
    outer loop
      vertex -34.5338 58.25 -1.06999
      vertex -34.4123 58.25 0.319194
      vertex -34.4123 61.75 0.319194
    endloop
  endfacet
  facet normal -0.996195 0 0.0871557
    outer loop
      vertex -34.5338 58.25 -1.06999
      vertex -34.4123 61.75 0.319194
      vertex -34.5338 61.75 -1.06999
    endloop
  endfacet
  facet normal -0.996195 0 -0.0871557
    outer loop
      vertex -34.4123 58.25 0.319194
      vertex -34.5338 58.25 1.70838
      vertex -34.5338 61.75 1.70838
    endloop
  endfacet
  facet normal -0.996195 0 -0.0871557
    outer loop
      vertex -34.4123 58.25 0.319194
      vertex -34.5338 61.75 1.70838
      vertex -34.4123 61.75 0.319194
    endloop
  endfacet
  facet normal -0.965926 0 -0.258819
    outer loop
      vertex -34.5338 58.25 1.70838
      vertex -34.8948 58.25 3.05536
      vertex -34.8948 61.75 3.05536
    endloop
  endfacet
  facet normal -0.965926 0 -0.258819
    outer loop
      vertex -34.5338 58.25 1.70838
      vertex -34.8948 61.75 3.05536
      vertex -34.5338 61.75 1.70838
    endloop
  endfacet
  facet normal -0.906308 0 -0.422618
    outer loop
      vertex -34.8948 58.25 3.05536
      vertex -35.4841 58.25 4.31919
      vertex -35.4841 61.75 4.31919
    endloop
  endfacet
  facet normal -0.906308 0 -0.422618
    outer loop
      vertex -34.8948 58.25 3.05536
      vertex -35.4841 61.75 4.31919
      vertex -34.8948 61.75 3.05536
    endloop
  endfacet
  facet normal -0.819152 0 -0.573576
    outer loop
      vertex -35.4841 58.25 4.31919
      vertex -36.2839 58.25 5.4615
      vertex -36.2839 61.75 5.4615
    endloop
  endfacet
  facet normal -0.819152 0 -0.573576
    outer loop
      vertex -35.4841 58.25 4.31919
      vertex -36.2839 61.75 5.4615
      vertex -35.4841 61.75 4.31919
    endloop
  endfacet
  facet normal -0.707107 0 -0.707107
    outer loop
      vertex -36.2839 58.25 5.4615
      vertex -37.27 58.25 6.44755
      vertex -37.27 61.75 6.44755
    endloop
  endfacet
  facet normal -0.707107 0 -0.707107
    outer loop
      vertex -36.2839 58.25 5.4615
      vertex -37.27 61.75 6.44755
      vertex -36.2839 61.75 5.4615
    endloop
  endfacet
  facet normal -0.573576 0 -0.819152
    outer loop
      vertex -37.27 58.25 6.44755
      vertex -38.4123 58.25 7.2474
      vertex -38.4123 61.75 7.2474
    endloop
  endfacet
  facet normal -0.573576 0 -0.819152
    outer loop
      vertex -37.27 58.25 6.44755
      vertex -38.4123 61.75 7.2474
      vertex -37.27 61.75 6.44755
    endloop
  endfacet
  facet normal -0.422618 0 -0.906308
    outer loop
      vertex -38.4123 58.25 7.2474
      vertex -39.6761 58.25 7.83674
      vertex -39.6761 61.75 7.83674
    endloop
  endfacet
  facet normal -0.422618 0 -0.906308
    outer loop
      vertex -38.4123 58.25 7.2474
      vertex -39.6761 61.75 7.83674
      vertex -38.4123 61.75 7.2474
    endloop
  endfacet
  facet normal -0.34202 0 -0.939693
    outer loop
      vertex -39.6761 58.25 7.83674
      vertex -77.2638 58.25 21.5175
      vertex -77.2638 61.75 21.5175
    endloop
  endfacet
  facet normal -0.34202 0 -0.939693
    outer loop
      vertex -39.6761 58.25 7.83674
      vertex -77.2638 61.75 21.5175
      vertex -39.6761 61.75 7.83674
    endloop
  endfacet
  facet normal 0 1 0
    outer loop
      vertex -61.2061 58.25 7.1596
      vertex -78.6108 58.25 21.8785
      vertex -77.2638 58.25 21.5175
    endloop
  endfacet
  facet normal 0 -1 0
    outer loop
      vertex -61.2061 61.75 7.1596
      vertex -77.2638 61.75 21.5175
      vertex -78.6108 61.75 21.8785
    endloop
  endfacet
  facet normal 0 1 0
    outer loop
      vertex -61.2061 58.25 7.1596
      vertex -80 58.25 22
      vertex -78.6108 58.25 21.8785
    endloop
  endfacet
  facet normal 0 -1 0
    outer loop
      vertex -61.2061 61.75 7.1596
      vertex -78.6108 61.75 21.8785
      vertex -80 61.75 22
    endloop
  endfacet
  facet normal 0 1 0
    outer loop
      vertex -61.2061 58.25 7.1596
      vertex -81.3892 58.25 21.8785
      vertex -80 58.25 22
    endloop
  endfacet
  facet normal 0 -1 0
    outer loop
      vertex -61.2061 61.75 7.1596
      vertex -80 61.75 22
      vertex -81.3892 61.75 21.8785
    endloop
  endfacet
  facet normal 0 1 0
    outer loop
      vertex -61.2061 58.25 7.1596
      vertex -82.7362 58.25 21.5175
      vertex -81.3892 58.25 21.8785
    endloop
  endfacet
  facet normal 0 -1 0
    outer loop
      vertex -61.2061 61.75 7.1596
      vertex -81.3892 61.75 21.8785
      vertex -82.7362 61.75 21.5175
    endloop
  endfacet
  facet normal 0 1 0
    outer loop
      vertex -61.2061 58.25 7.1596
      vertex -84 58.25 20.9282
      vertex -82.7362 58.25 21.5175
    endloop
  endfacet
  facet normal 0 -1 0
    outer loop
      vertex -61.2061 61.75 7.1596
      vertex -82.7362 61.75 21.5175
      vertex -84 61.75 20.9282
    endloop
  endfacet
  facet normal 0 1 0
    outer loop
      vertex -61.2061 58.25 7.1596
      vertex -85.1423 58.25 20.1284
      vertex -84 58.25 20.9282
    endloop
  endfacet
  facet normal 0 -1 0
    outer loop
      vertex -61.2061 61.75 7.1596
      vertex -84 61.75 20.9282
      vertex -85.1423 61.75 20.1284
    endloop
  endfacet
  facet normal 0 1 0
    outer loop
      vertex -61.2061 58.25 7.1596
      vertex -86.1284 58.25 19.1423
      vertex -85.1423 58.25 20.1284
    endloop
  endfacet
  facet normal 0 -1 0
    outer loop
      vertex -61.2061 61.75 7.1596
      vertex -85.1423 61.75 20.1284
      vertex -86.1284 61.75 19.1423
    endloop
  endfacet
  facet normal 0 1 0
    outer loop
      vertex -61.2061 58.25 7.1596
      vertex -86.9282 58.25 18
      vertex -86.1284 58.25 19.1423
    endloop
  endfacet
  facet normal 0 -1 0
    outer loop
      vertex -61.2061 61.75 7.1596
      vertex -86.1284 61.75 19.1423
      vertex -86.9282 61.75 18
    endloop
  endfacet
  facet normal 0 1 0
    outer loop
      vertex -61.2061 58.25 7.1596
      vertex -87.5175 58.25 16.7362
      vertex -86.9282 58.25 18
    endloop
  endfacet
  facet normal 0 -1 0
    outer loop
      vertex -61.2061 61.75 7.1596
      vertex -86.9282 61.75 18
      vertex -87.5175 61.75 16.7362
    endloop
  endfacet
  facet normal 0 1 0
    outer loop
      vertex -61.2061 58.25 7.1596
      vertex -87.8785 58.25 15.3892
      vertex -87.5175 58.25 16.7362
    endloop
  endfacet
  facet normal 0 -1 0
    outer loop
      vertex -61.2061 61.75 7.1596
      vertex -87.5175 61.75 16.7362
      vertex -87.8785 61.75 15.3892
    endloop
  endfacet
  facet normal 0 1 0
    outer loop
      vertex -61.2061 58.25 7.1596
      vertex -88 58.25 14
      vertex -87.8785 58.25 15.3892
    endloop
  endfacet
  facet normal 0 -1 0
    outer loop
      vertex -61.2061 61.75 7.1596
      vertex -87.8785 61.75 15.3892
      vertex -88 61.75 14
    endloop
  endfacet
  facet normal 0 1 0
    outer loop
      vertex -61.2061 58.25 7.1596
      vertex -87.8785 58.25 12.6108
      vertex -88 58.25 14
    endloop
  endfacet
  facet normal 0 -1 0
    outer loop
      vertex -61.2061 61.75 7.1596
      vertex -88 61.75 14
      vertex -87.8785 61.75 12.6108
    endloop
  endfacet
  facet normal 0 1 0
    outer loop
      vertex -61.2061 58.25 7.1596
      vertex -87.5175 58.25 11.2638
      vertex -87.8785 58.25 12.6108
    endloop
  endfacet
  facet normal 0 -1 0
    outer loop
      vertex -61.2061 61.75 7.1596
      vertex -87.8785 61.75 12.6108
      vertex -87.5175 61.75 11.2638
    endloop
  endfacet
  facet normal 0 1 0
    outer loop
      vertex -61.2061 58.25 7.1596
      vertex -86.9282 58.25 10
      vertex -87.5175 58.25 11.2638
    endloop
  endfacet
  facet normal 0 -1 0
    outer loop
      vertex -61.2061 61.75 7.1596
      vertex -87.5175 61.75 11.2638
      vertex -86.9282 61.75 10
    endloop
  endfacet
  facet normal 0 1 0
    outer loop
      vertex -61.2061 58.25 7.1596
      vertex -86.1284 58.25 8.8577
      vertex -86.9282 58.25 10
    endloop
  endfacet
  facet normal 0 -1 0
    outer loop
      vertex -61.2061 61.75 7.1596
      vertex -86.9282 61.75 10
      vertex -86.1284 61.75 8.8577
    endloop
  endfacet
  facet normal 0 1 0
    outer loop
      vertex -61.2061 58.25 7.1596
      vertex -85.1423 58.25 7.87164
      vertex -86.1284 58.25 8.8577
    endloop
  endfacet
  facet normal 0 -1 0
    outer loop
      vertex -61.2061 61.75 7.1596
      vertex -86.1284 61.75 8.8577
      vertex -85.1423 61.75 7.87164
    endloop
  endfacet
  facet normal 0 1 0
    outer loop
      vertex -61.2061 58.25 7.1596
      vertex -84 58.25 7.0718
      vertex -85.1423 58.25 7.87164
    endloop
  endfacet
  facet normal -0 -1 0
    outer loop
      vertex -61.2061 61.75 7.1596
      vertex -85.1423 61.75 7.87164
      vertex -84 61.75 7.0718
    endloop
  endfacet
  facet normal 0 1 0
    outer loop
      vertex -61.2061 58.25 7.1596
      vertex -82.7362 58.25 6.48246
      vertex -84 58.25 7.0718
    endloop
  endfacet
  facet normal 0 -1 0
    outer loop
      vertex -61.2061 61.75 7.1596
      vertex -84 61.75 7.0718
      vertex -82.7362 61.75 6.48246
    endloop
  endfacet
  facet normal 0 1 0
    outer loop
      vertex -61.2061 58.25 7.1596
      vertex -45.1485 58.25 -7.19835
      vertex -82.7362 58.25 6.48246
    endloop
  endfacet
  facet normal 0 -1 -0
    outer loop
      vertex -61.2061 61.75 7.1596
      vertex -82.7362 61.75 6.48246
      vertex -45.1485 61.75 -7.19835
    endloop
  endfacet
  facet normal 0 1 0
    outer loop
      vertex -61.2061 58.25 7.1596
      vertex -43.8015 58.25 -7.55927
      vertex -45.1485 58.25 -7.19835
    endloop
  endfacet
  facet normal 0 -1 0
    outer loop
      vertex -61.2061 61.75 7.1596
      vertex -45.1485 61.75 -7.19835
      vertex -43.8015 61.75 -7.55927
    endloop
  endfacet
  facet normal 0 1 0
    outer loop
      vertex -61.2061 58.25 7.1596
      vertex -42.4123 58.25 -7.68081
      vertex -43.8015 58.25 -7.55927
    endloop
  endfacet
  facet normal 0 -1 0
    outer loop
      vertex -61.2061 61.75 7.1596
      vertex -43.8015 61.75 -7.55927
      vertex -42.4123 61.75 -7.68081
    endloop
  endfacet
  facet normal 0 1 0
    outer loop
      vertex -61.2061 58.25 7.1596
      vertex -41.0231 58.25 -7.55927
      vertex -42.4123 58.25 -7.68081
    endloop
  endfacet
  facet normal 0 -1 0
    outer loop
      vertex -61.2061 61.75 7.1596
      vertex -42.4123 61.75 -7.68081
      vertex -41.0231 61.75 -7.55927
    endloop
  endfacet
  facet normal 0 1 0
    outer loop
      vertex -61.2061 58.25 7.1596
      vertex -39.6761 58.25 -7.19835
      vertex -41.0231 58.25 -7.55927
    endloop
  endfacet
  facet normal 0 -1 0
    outer loop
      vertex -61.2061 61.75 7.1596
      vertex -41.0231 61.75 -7.55927
      vertex -39.6761 61.75 -7.19835
    endloop
  endfacet
  facet normal 0 1 0
    outer loop
      vertex -61.2061 58.25 7.1596
      vertex -38.4123 58.25 -6.60901
      vertex -39.6761 58.25 -7.19835
    endloop
  endfacet
  facet normal 0 -1 0
    outer loop
      vertex -61.2061 61.75 7.1596
      vertex -39.6761 61.75 -7.19835
      vertex -38.4123 61.75 -6.60901
    endloop
  endfacet
  facet normal 0 1 0
    outer loop
      vertex -61.2061 58.25 7.1596
      vertex -37.27 58.25 -5.80916
      vertex -38.4123 58.25 -6.60901
    endloop
  endfacet
  facet normal 0 -1 0
    outer loop
      vertex -61.2061 61.75 7.1596
      vertex -38.4123 61.75 -6.60901
      vertex -37.27 61.75 -5.80916
    endloop
  endfacet
  facet normal 0 1 0
    outer loop
      vertex -61.2061 58.25 7.1596
      vertex -36.2839 58.25 -4.82311
      vertex -37.27 58.25 -5.80916
    endloop
  endfacet
  facet normal 0 -1 0
    outer loop
      vertex -61.2061 61.75 7.1596
      vertex -37.27 61.75 -5.80916
      vertex -36.2839 61.75 -4.82311
    endloop
  endfacet
  facet normal 0 1 0
    outer loop
      vertex -61.2061 58.25 7.1596
      vertex -35.4841 58.25 -3.68081
      vertex -36.2839 58.25 -4.82311
    endloop
  endfacet
  facet normal 0 -1 0
    outer loop
      vertex -61.2061 61.75 7.1596
      vertex -36.2839 61.75 -4.82311
      vertex -35.4841 61.75 -3.68081
    endloop
  endfacet
  facet normal 0 1 0
    outer loop
      vertex -61.2061 58.25 7.1596
      vertex -34.8948 58.25 -2.41697
      vertex -35.4841 58.25 -3.68081
    endloop
  endfacet
  facet normal 0 -1 0
    outer loop
      vertex -61.2061 61.75 7.1596
      vertex -35.4841 61.75 -3.68081
      vertex -34.8948 61.75 -2.41697
    endloop
  endfacet
  facet normal 0 1 0
    outer loop
      vertex -61.2061 58.25 7.1596
      vertex -34.5338 58.25 -1.06999
      vertex -34.8948 58.25 -2.41697
    endloop
  endfacet
  facet normal 0 -1 0
    outer loop
      vertex -61.2061 61.75 7.1596
      vertex -34.8948 61.75 -2.41697
      vertex -34.5338 61.75 -1.06999
    endloop
  endfacet
  facet normal 0 1 0
    outer loop
      vertex -61.2061 58.25 7.1596
      vertex -34.4123 58.25 0.319194
      vertex -34.5338 58.25 -1.06999
    endloop
  endfacet
  facet normal 0 -1 0
    outer loop
      vertex -61.2061 61.75 7.1596
      vertex -34.5338 61.75 -1.06999
      vertex -34.4123 61.75 0.319194
    endloop
  endfacet
  facet normal 0 1 0
    outer loop
      vertex -61.2061 58.25 7.1596
      vertex -34.5338 58.25 1.70838
      vertex -34.4123 58.25 0.319194
    endloop
  endfacet
  facet normal 0 -1 0
    outer loop
      vertex -61.2061 61.75 7.1596
      vertex -34.4123 61.75 0.319194
      vertex -34.5338 61.75 1.70838
    endloop
  endfacet
  facet normal 0 1 0
    outer loop
      vertex -61.2061 58.25 7.1596
      vertex -34.8948 58.25 3.05536
      vertex -34.5338 58.25 1.70838
    endloop
  endfacet
  facet normal 0 -1 0
    outer loop
      vertex -61.2061 61.75 7.1596
      vertex -34.5338 61.75 1.70838
      vertex -34.8948 61.75 3.05536
    endloop
  endfacet
  facet normal 0 1 0
    outer loop
      vertex -61.2061 58.25 7.1596
      vertex -35.4841 58.25 4.31919
      vertex -34.8948 58.25 3.05536
    endloop
  endfacet
  facet normal 0 -1 0
    outer loop
      vertex -61.2061 61.75 7.1596
      vertex -34.8948 61.75 3.05536
      vertex -35.4841 61.75 4.31919
    endloop
  endfacet
  facet normal 0 1 0
    outer loop
      vertex -61.2061 58.25 7.1596
      vertex -36.2839 58.25 5.4615
      vertex -35.4841 58.25 4.31919
    endloop
  endfacet
  facet normal 0 -1 0
    outer loop
      vertex -61.2061 61.75 7.1596
      vertex -35.4841 61.75 4.31919
      vertex -36.2839 61.75 5.4615
    endloop
  endfacet
  facet normal 0 1 0
    outer loop
      vertex -61.2061 58.25 7.1596
      vertex -37.27 58.25 6.44755
      vertex -36.2839 58.25 5.4615
    endloop
  endfacet
  facet normal 0 -1 0
    outer loop
      vertex -61.2061 61.75 7.1596
      vertex -36.2839 61.75 5.4615
      vertex -37.27 61.75 6.44755
    endloop
  endfacet
  facet normal -0 1 0
    outer loop
      vertex -61.2061 58.25 7.1596
      vertex -38.4123 58.25 7.2474
      vertex -37.27 58.25 6.44755
    endloop
  endfacet
  facet normal 0 -1 0
    outer loop
      vertex -61.2061 61.75 7.1596
      vertex -37.27 61.75 6.44755
      vertex -38.4123 61.75 7.2474
    endloop
  endfacet
  facet normal 0 1 0
    outer loop
      vertex -61.2061 58.25 7.1596
      vertex -39.6761 58.25 7.83674
      vertex -38.4123 58.25 7.2474
    endloop
  endfacet
  facet normal 0 -1 0
    outer loop
      vertex -61.2061 61.75 7.1596
      vertex -38.4123 61.75 7.2474
      vertex -39.6761 61.75 7.83674
    endloop
  endfacet
  facet normal 0 1 -0
    outer loop
      vertex -61.2061 58.25 7.1596
      vertex -77.2638 58.25 21.5175
      vertex -39.6761 58.25 7.83674
    endloop
  endfacet
  facet normal 0 -1 0
    outer loop
      vertex -61.2061 61.75 7.1596
      vertex -39.6761 61.75 7.83674
      vertex -77.2638 61.75 21.5175
    endloop
  endfacet
  facet normal 0.23963 0 -0.970864
    outer loop
      vertex -43.6451 44.5692 -6.09556
      vertex -44.999 44.5692 -6.42972
      vertex -44.999 48.0692 -6.42972
    endloop
  endfacet
  facet normal 0.23963 0 -0.970864
    outer loop
      vertex -43.6451 44.5692 -6.09556
      vertex -44.999 48.0692 -6.42972
      vertex -43.6451 48.0692 -6.09556
    endloop
  endfacet
  facet normal 0.404579 0 -0.914503
    outer loop
      vertex -44.999 44.5692 -6.42972
      vertex -46.2742 44.5692 -6.9939
      vertex -46.2742 48.0692 -6.9939
    endloop
  endfacet
  facet normal 0.404579 0 -0.914503
    outer loop
      vertex -44.999 44.5692 -6.42972
      vertex -46.2742 48.0692 -6.9939
      vertex -44.999 48.0692 -6.42972
    endloop
  endfacet
  facet normal 0.557234 0 -0.830356
    outer loop
      vertex -46.2742 44.5692 -6.9939
      vertex -47.4322 44.5692 -7.77096
      vertex -47.4322 48.0692 -7.77096
    endloop
  endfacet
  facet normal 0.557234 0 -0.830356
    outer loop
      vertex -46.2742 44.5692 -6.9939
      vertex -47.4322 48.0692 -7.77096
      vertex -46.2742 48.0692 -6.9939
    endloop
  endfacet
  facet normal 0.692958 0 -0.720978
    outer loop
      vertex -47.4322 44.5692 -7.77096
      vertex -48.4376 44.5692 -8.73729
      vertex -48.4376 48.0692 -8.73729
    endloop
  endfacet
  facet normal 0.692958 0 -0.720978
    outer loop
      vertex -47.4322 44.5692 -7.77096
      vertex -48.4376 48.0692 -8.73729
      vertex -47.4322 48.0692 -7.77096
    endloop
  endfacet
  facet normal 0.807627 0 -0.589694
    outer loop
      vertex -48.4376 44.5692 -8.73729
      vertex -49.2599 44.5692 -9.86352
      vertex -49.2599 48.0692 -9.86352
    endloop
  endfacet
  facet normal 0.807627 0 -0.589694
    outer loop
      vertex -48.4376 44.5692 -8.73729
      vertex -49.2599 48.0692 -9.86352
      vertex -48.4376 48.0692 -8.73729
    endloop
  endfacet
  facet normal 0.897757 0 -0.440492
    outer loop
      vertex -49.2599 44.5692 -9.86352
      vertex -49.8741 44.5692 -11.1154
      vertex -49.8741 48.0692 -11.1154
    endloop
  endfacet
  facet normal 0.897757 0 -0.440492
    outer loop
      vertex -49.2599 44.5692 -9.86352
      vertex -49.8741 48.0692 -11.1154
      vertex -49.2599 48.0692 -9.86352
    endloop
  endfacet
  facet normal 0.960608 0 -0.277906
    outer loop
      vertex -49.8741 44.5692 -11.1154
      vertex -50.2617 44.5692 -12.455
      vertex -50.2617 48.0692 -12.455
    endloop
  endfacet
  facet normal 0.960608 0 -0.277906
    outer loop
      vertex -49.8741 44.5692 -11.1154
      vertex -50.2617 48.0692 -12.455
      vertex -49.8741 48.0692 -11.1154
    endloop
  endfacet
  facet normal 0.994272 0 -0.106876
    outer loop
      vertex -50.2617 44.5692 -12.455
      vertex -50.4107 44.5692 -13.8415
      vertex -50.4107 48.0692 -13.8415
    endloop
  endfacet
  facet normal 0.994272 0 -0.106876
    outer loop
      vertex -50.2617 44.5692 -12.455
      vertex -50.4107 48.0692 -13.8415
      vertex -50.2617 48.0692 -12.455
    endloop
  endfacet
  facet normal 0.997726 0 0.067401
    outer loop
      vertex -50.4107 44.5692 -13.8415
      vertex -50.3167 44.5692 -15.2328
      vertex -50.3167 48.0692 -15.2328
    endloop
  endfacet
  facet normal 0.997726 -0 0.067401
    outer loop
      vertex -50.4107 44.5692 -13.8415
      vertex -50.3167 48.0692 -15.2328
      vertex -50.4107 48.0692 -13.8415
    endloop
  endfacet
  facet normal 0.970864 0 0.23963
    outer loop
      vertex -50.3167 44.5692 -15.2328
      vertex -49.9826 44.5692 -16.5867
      vertex -49.9826 48.0692 -16.5867
    endloop
  endfacet
  facet normal 0.970864 -0 0.23963
    outer loop
      vertex -50.3167 44.5692 -15.2328
      vertex -49.9826 48.0692 -16.5867
      vertex -50.3167 48.0692 -15.2328
    endloop
  endfacet
  facet normal 0.914503 0 0.404579
    outer loop
      vertex -49.9826 44.5692 -16.5867
      vertex -49.4184 44.5692 -17.8619
      vertex -49.4184 48.0692 -17.8619
    endloop
  endfacet
  facet normal 0.914503 -0 0.404579
    outer loop
      vertex -49.9826 44.5692 -16.5867
      vertex -49.4184 48.0692 -17.8619
      vertex -49.9826 48.0692 -16.5867
    endloop
  endfacet
  facet normal 0.830356 0 0.557234
    outer loop
      vertex -49.4184 44.5692 -17.8619
      vertex -48.6413 44.5692 -19.0199
      vertex -48.6413 48.0692 -19.0199
    endloop
  endfacet
  facet normal 0.830356 -0 0.557234
    outer loop
      vertex -49.4184 44.5692 -17.8619
      vertex -48.6413 48.0692 -19.0199
      vertex -49.4184 48.0692 -17.8619
    endloop
  endfacet
  facet normal 0.720978 0 0.692958
    outer loop
      vertex -48.6413 44.5692 -19.0199
      vertex -47.675 44.5692 -20.0253
      vertex -47.675 48.0692 -20.0253
    endloop
  endfacet
  facet normal 0.720978 -0 0.692958
    outer loop
      vertex -48.6413 44.5692 -19.0199
      vertex -47.675 48.0692 -20.0253
      vertex -48.6413 48.0692 -19.0199
    endloop
  endfacet
  facet normal 0.589694 0 0.807627
    outer loop
      vertex -47.675 44.5692 -20.0253
      vertex -46.5488 44.5692 -20.8476
      vertex -46.5488 48.0692 -20.8476
    endloop
  endfacet
  facet normal 0.589694 -0 0.807627
    outer loop
      vertex -47.675 44.5692 -20.0253
      vertex -46.5488 48.0692 -20.8476
      vertex -47.675 48.0692 -20.0253
    endloop
  endfacet
  facet normal 0.440492 0 0.897757
    outer loop
      vertex -46.5488 44.5692 -20.8476
      vertex -45.2969 44.5692 -21.4619
      vertex -45.2969 48.0692 -21.4619
    endloop
  endfacet
  facet normal 0.440492 -0 0.897757
    outer loop
      vertex -46.5488 44.5692 -20.8476
      vertex -45.2969 48.0692 -21.4619
      vertex -46.5488 48.0692 -20.8476
    endloop
  endfacet
  facet normal 0.277906 0 0.960608
    outer loop
      vertex -45.2969 44.5692 -21.4619
      vertex -43.9573 44.5692 -21.8494
      vertex -43.9573 48.0692 -21.8494
    endloop
  endfacet
  facet normal 0.277906 -0 0.960608
    outer loop
      vertex -45.2969 44.5692 -21.4619
      vertex -43.9573 48.0692 -21.8494
      vertex -45.2969 48.0692 -21.4619
    endloop
  endfacet
  facet normal 0.106876 0 0.994272
    outer loop
      vertex -43.9573 44.5692 -21.8494
      vertex -42.5708 44.5692 -21.9984
      vertex -42.5708 48.0692 -21.9984
    endloop
  endfacet
  facet normal 0.106876 -0 0.994272
    outer loop
      vertex -43.9573 44.5692 -21.8494
      vertex -42.5708 48.0692 -21.9984
      vertex -43.9573 48.0692 -21.8494
    endloop
  endfacet
  facet normal -0.067401 0 0.997726
    outer loop
      vertex -42.5708 44.5692 -21.9984
      vertex -41.1795 44.5692 -21.9044
      vertex -41.1795 48.0692 -21.9044
    endloop
  endfacet
  facet normal -0.067401 0 0.997726
    outer loop
      vertex -42.5708 44.5692 -21.9984
      vertex -41.1795 48.0692 -21.9044
      vertex -42.5708 48.0692 -21.9984
    endloop
  endfacet
  facet normal -0.154102 0 0.988055
    outer loop
      vertex -41.1795 44.5692 -21.9044
      vertex 77.3871 44.5692 -3.41219
      vertex 77.3871 48.0692 -3.41219
    endloop
  endfacet
  facet normal -0.154102 0 0.988055
    outer loop
      vertex -41.1795 44.5692 -21.9044
      vertex 77.3871 48.0692 -3.41219
      vertex -41.1795 48.0692 -21.9044
    endloop
  endfacet
  facet normal -0.23963 0 0.970864
    outer loop
      vertex 77.3871 44.5692 -3.41219
      vertex 78.741 44.5692 -3.07803
      vertex 78.741 48.0692 -3.07803
    endloop
  endfacet
  facet normal -0.23963 0 0.970864
    outer loop
      vertex 77.3871 44.5692 -3.41219
      vertex 78.741 48.0692 -3.07803
      vertex 77.3871 48.0692 -3.41219
    endloop
  endfacet
  facet normal -0.404579 0 0.914503
    outer loop
      vertex 78.741 44.5692 -3.07803
      vertex 80.0162 44.5692 -2.51385
      vertex 80.0162 48.0692 -2.51385
    endloop
  endfacet
  facet normal -0.404579 0 0.914503
    outer loop
      vertex 78.741 44.5692 -3.07803
      vertex 80.0162 48.0692 -2.51385
      vertex 78.741 48.0692 -3.07803
    endloop
  endfacet
  facet normal -0.557234 0 0.830356
    outer loop
      vertex 80.0162 44.5692 -2.51385
      vertex 81.1742 44.5692 -1.73679
      vertex 81.1742 48.0692 -1.73679
    endloop
  endfacet
  facet normal -0.557234 0 0.830356
    outer loop
      vertex 80.0162 44.5692 -2.51385
      vertex 81.1742 48.0692 -1.73679
      vertex 80.0162 48.0692 -2.51385
    endloop
  endfacet
  facet normal -0.692958 0 0.720978
    outer loop
      vertex 81.1742 44.5692 -1.73679
      vertex 82.1796 44.5692 -0.770465
      vertex 82.1796 48.0692 -0.770465
    endloop
  endfacet
  facet normal -0.692958 0 0.720978
    outer loop
      vertex 81.1742 44.5692 -1.73679
      vertex 82.1796 48.0692 -0.770465
      vertex 81.1742 48.0692 -1.73679
    endloop
  endfacet
  facet normal -0.807627 0 0.589694
    outer loop
      vertex 82.1796 44.5692 -0.770465
      vertex 83.0019 44.5692 0.355765
      vertex 83.0019 48.0692 0.355765
    endloop
  endfacet
  facet normal -0.807627 0 0.589694
    outer loop
      vertex 82.1796 44.5692 -0.770465
      vertex 83.0019 48.0692 0.355765
      vertex 82.1796 48.0692 -0.770465
    endloop
  endfacet
  facet normal -0.897757 0 0.440492
    outer loop
      vertex 83.0019 44.5692 0.355765
      vertex 83.6162 44.5692 1.60768
      vertex 83.6162 48.0692 1.60768
    endloop
  endfacet
  facet normal -0.897757 0 0.440492
    outer loop
      vertex 83.0019 44.5692 0.355765
      vertex 83.6162 48.0692 1.60768
      vertex 83.0019 48.0692 0.355765
    endloop
  endfacet
  facet normal -0.960608 0 0.277906
    outer loop
      vertex 83.6162 44.5692 1.60768
      vertex 84.0037 44.5692 2.94724
      vertex 84.0037 48.0692 2.94724
    endloop
  endfacet
  facet normal -0.960608 0 0.277906
    outer loop
      vertex 83.6162 44.5692 1.60768
      vertex 84.0037 48.0692 2.94724
      vertex 83.6162 48.0692 1.60768
    endloop
  endfacet
  facet normal -0.994272 0 0.106876
    outer loop
      vertex 84.0037 44.5692 2.94724
      vertex 84.1527 44.5692 4.33374
      vertex 84.1527 48.0692 4.33374
    endloop
  endfacet
  facet normal -0.994272 0 0.106876
    outer loop
      vertex 84.0037 44.5692 2.94724
      vertex 84.1527 48.0692 4.33374
      vertex 84.0037 48.0692 2.94724
    endloop
  endfacet
  facet normal -0.997726 0 -0.067401
    outer loop
      vertex 84.1527 44.5692 4.33374
      vertex 84.0587 44.5692 5.72506
      vertex 84.0587 48.0692 5.72506
    endloop
  endfacet
  facet normal -0.997726 0 -0.067401
    outer loop
      vertex 84.1527 44.5692 4.33374
      vertex 84.0587 48.0692 5.72506
      vertex 84.1527 48.0692 4.33374
    endloop
  endfacet
  facet normal -0.970864 0 -0.23963
    outer loop
      vertex 84.0587 44.5692 5.72506
      vertex 83.7246 44.5692 7.07893
      vertex 83.7246 48.0692 7.07893
    endloop
  endfacet
  facet normal -0.970864 0 -0.23963
    outer loop
      vertex 84.0587 44.5692 5.72506
      vertex 83.7246 48.0692 7.07893
      vertex 84.0587 48.0692 5.72506
    endloop
  endfacet
  facet normal -0.914503 0 -0.404579
    outer loop
      vertex 83.7246 44.5692 7.07893
      vertex 83.1604 44.5692 8.35419
      vertex 83.1604 48.0692 8.35419
    endloop
  endfacet
  facet normal -0.914503 0 -0.404579
    outer loop
      vertex 83.7246 44.5692 7.07893
      vertex 83.1604 48.0692 8.35419
      vertex 83.7246 48.0692 7.07893
    endloop
  endfacet
  facet normal -0.830356 0 -0.557234
    outer loop
      vertex 83.1604 44.5692 8.35419
      vertex 82.3833 44.5692 9.51212
      vertex 82.3833 48.0692 9.51212
    endloop
  endfacet
  facet normal -0.830356 0 -0.557234
    outer loop
      vertex 83.1604 44.5692 8.35419
      vertex 82.3833 48.0692 9.51212
      vertex 83.1604 48.0692 8.35419
    endloop
  endfacet
  facet normal -0.720978 0 -0.692958
    outer loop
      vertex 82.3833 44.5692 9.51212
      vertex 81.417 44.5692 10.5175
      vertex 81.417 48.0692 10.5175
    endloop
  endfacet
  facet normal -0.720978 0 -0.692958
    outer loop
      vertex 82.3833 44.5692 9.51212
      vertex 81.417 48.0692 10.5175
      vertex 82.3833 48.0692 9.51212
    endloop
  endfacet
  facet normal -0.589694 0 -0.807627
    outer loop
      vertex 81.417 44.5692 10.5175
      vertex 80.2908 44.5692 11.3398
      vertex 80.2908 48.0692 11.3398
    endloop
  endfacet
  facet normal -0.589694 0 -0.807627
    outer loop
      vertex 81.417 44.5692 10.5175
      vertex 80.2908 48.0692 11.3398
      vertex 81.417 48.0692 10.5175
    endloop
  endfacet
  facet normal -0.440492 0 -0.897757
    outer loop
      vertex 80.2908 44.5692 11.3398
      vertex 79.0389 44.5692 11.9541
      vertex 79.0389 48.0692 11.9541
    endloop
  endfacet
  facet normal -0.440492 0 -0.897757
    outer loop
      vertex 80.2908 44.5692 11.3398
      vertex 79.0389 48.0692 11.9541
      vertex 80.2908 48.0692 11.3398
    endloop
  endfacet
  facet normal -0.277906 0 -0.960608
    outer loop
      vertex 79.0389 44.5692 11.9541
      vertex 77.6993 44.5692 12.3416
      vertex 77.6993 48.0692 12.3416
    endloop
  endfacet
  facet normal -0.277906 0 -0.960608
    outer loop
      vertex 79.0389 44.5692 11.9541
      vertex 77.6993 48.0692 12.3416
      vertex 79.0389 48.0692 11.9541
    endloop
  endfacet
  facet normal -0.106876 0 -0.994272
    outer loop
      vertex 77.6993 44.5692 12.3416
      vertex 76.3128 44.5692 12.4907
      vertex 76.3128 48.0692 12.4907
    endloop
  endfacet
  facet normal -0.106876 0 -0.994272
    outer loop
      vertex 77.6993 44.5692 12.3416
      vertex 76.3128 48.0692 12.4907
      vertex 77.6993 48.0692 12.3416
    endloop
  endfacet
  facet normal 0.067401 0 -0.997726
    outer loop
      vertex 76.3128 44.5692 12.4907
      vertex 74.9215 44.5692 12.3967
      vertex 74.9215 48.0692 12.3967
    endloop
  endfacet
  facet normal 0.067401 0 -0.997726
    outer loop
      vertex 76.3128 44.5692 12.4907
      vertex 74.9215 48.0692 12.3967
      vertex 76.3128 48.0692 12.4907
    endloop
  endfacet
  facet normal 0.154102 0 -0.988055
    outer loop
      vertex 74.9215 44.5692 12.3967
      vertex -43.6451 44.5692 -6.09556
      vertex -43.6451 48.0692 -6.09556
    endloop
  endfacet
  facet normal 0.154102 0 -0.988055
    outer loop
      vertex 74.9215 44.5692 12.3967
      vertex -43.6451 48.0692 -6.09556
      vertex 74.9215 48.0692 12.3967
    endloop
  endfacet
  facet normal 0 1 0
    outer loop
      vertex 16.871 44.5692 -4.75388
      vertex -44.999 44.5692 -6.42972
      vertex -43.6451 44.5692 -6.09556
    endloop
  endfacet
  facet normal 0 -1 0
    outer loop
      vertex 16.871 48.0692 -4.75388
      vertex -43.6451 48.0692 -6.09556
      vertex -44.999 48.0692 -6.42972
    endloop
  endfacet
  facet normal 0 1 0
    outer loop
      vertex 16.871 44.5692 -4.75388
      vertex -46.2742 44.5692 -6.9939
      vertex -44.999 44.5692 -6.42972
    endloop
  endfacet
  facet normal 0 -1 0
    outer loop
      vertex 16.871 48.0692 -4.75388
      vertex -44.999 48.0692 -6.42972
      vertex -46.2742 48.0692 -6.9939
    endloop
  endfacet
  facet normal 0 1 0
    outer loop
      vertex 16.871 44.5692 -4.75388
      vertex -47.4322 44.5692 -7.77096
      vertex -46.2742 44.5692 -6.9939
    endloop
  endfacet
  facet normal 0 -1 0
    outer loop
      vertex 16.871 48.0692 -4.75388
      vertex -46.2742 48.0692 -6.9939
      vertex -47.4322 48.0692 -7.77096
    endloop
  endfacet
  facet normal 0 1 0
    outer loop
      vertex 16.871 44.5692 -4.75388
      vertex -48.4376 44.5692 -8.73729
      vertex -47.4322 44.5692 -7.77096
    endloop
  endfacet
  facet normal 0 -1 0
    outer loop
      vertex 16.871 48.0692 -4.75388
      vertex -47.4322 48.0692 -7.77096
      vertex -48.4376 48.0692 -8.73729
    endloop
  endfacet
  facet normal 0 1 0
    outer loop
      vertex 16.871 44.5692 -4.75388
      vertex -49.2599 44.5692 -9.86352
      vertex -48.4376 44.5692 -8.73729
    endloop
  endfacet
  facet normal 0 -1 0
    outer loop
      vertex 16.871 48.0692 -4.75388
      vertex -48.4376 48.0692 -8.73729
      vertex -49.2599 48.0692 -9.86352
    endloop
  endfacet
  facet normal 0 1 0
    outer loop
      vertex 16.871 44.5692 -4.75388
      vertex -49.8741 44.5692 -11.1154
      vertex -49.2599 44.5692 -9.86352
    endloop
  endfacet
  facet normal 0 -1 0
    outer loop
      vertex 16.871 48.0692 -4.75388
      vertex -49.2599 48.0692 -9.86352
      vertex -49.8741 48.0692 -11.1154
    endloop
  endfacet
  facet normal 0 1 0
    outer loop
      vertex 16.871 44.5692 -4.75388
      vertex -50.2617 44.5692 -12.455
      vertex -49.8741 44.5692 -11.1154
    endloop
  endfacet
  facet normal 0 -1 0
    outer loop
      vertex 16.871 48.0692 -4.75388
      vertex -49.8741 48.0692 -11.1154
      vertex -50.2617 48.0692 -12.455
    endloop
  endfacet
  facet normal 0 1 0
    outer loop
      vertex 16.871 44.5692 -4.75388
      vertex -50.4107 44.5692 -13.8415
      vertex -50.2617 44.5692 -12.455
    endloop
  endfacet
  facet normal 0 -1 0
    outer loop
      vertex 16.871 48.0692 -4.75388
      vertex -50.2617 48.0692 -12.455
      vertex -50.4107 48.0692 -13.8415
    endloop
  endfacet
  facet normal 0 1 0
    outer loop
      vertex 16.871 44.5692 -4.75388
      vertex -50.3167 44.5692 -15.2328
      vertex -50.4107 44.5692 -13.8415
    endloop
  endfacet
  facet normal 0 -1 0
    outer loop
      vertex 16.871 48.0692 -4.75388
      vertex -50.4107 48.0692 -13.8415
      vertex -50.3167 48.0692 -15.2328
    endloop
  endfacet
  facet normal 0 1 0
    outer loop
      vertex 16.871 44.5692 -4.75388
      vertex -49.9826 44.5692 -16.5867
      vertex -50.3167 44.5692 -15.2328
    endloop
  endfacet
  facet normal 0 -1 0
    outer loop
      vertex 16.871 48.0692 -4.75388
      vertex -50.3167 48.0692 -15.2328
      vertex -49.9826 48.0692 -16.5867
    endloop
  endfacet
  facet normal 0 1 0
    outer loop
      vertex 16.871 44.5692 -4.75388
      vertex -49.4184 44.5692 -17.8619
      vertex -49.9826 44.5692 -16.5867
    endloop
  endfacet
  facet normal 0 -1 0
    outer loop
      vertex 16.871 48.0692 -4.75388
      vertex -49.9826 48.0692 -16.5867
      vertex -49.4184 48.0692 -17.8619
    endloop
  endfacet
  facet normal 0 1 0
    outer loop
      vertex 16.871 44.5692 -4.75388
      vertex -48.6413 44.5692 -19.0199
      vertex -49.4184 44.5692 -17.8619
    endloop
  endfacet
  facet normal 0 -1 0
    outer loop
      vertex 16.871 48.0692 -4.75388
      vertex -49.4184 48.0692 -17.8619
      vertex -48.6413 48.0692 -19.0199
    endloop
  endfacet
  facet normal 0 1 0
    outer loop
      vertex 16.871 44.5692 -4.75388
      vertex -47.675 44.5692 -20.0253
      vertex -48.6413 44.5692 -19.0199
    endloop
  endfacet
  facet normal 0 -1 0
    outer loop
      vertex 16.871 48.0692 -4.75388
      vertex -48.6413 48.0692 -19.0199
      vertex -47.675 48.0692 -20.0253
    endloop
  endfacet
  facet normal 0 1 0
    outer loop
      vertex 16.871 44.5692 -4.75388
      vertex -46.5488 44.5692 -20.8476
      vertex -47.675 44.5692 -20.0253
    endloop
  endfacet
  facet normal 0 -1 0
    outer loop
      vertex 16.871 48.0692 -4.75388
      vertex -47.675 48.0692 -20.0253
      vertex -46.5488 48.0692 -20.8476
    endloop
  endfacet
  facet normal 0 1 0
    outer loop
      vertex 16.871 44.5692 -4.75388
      vertex -45.2969 44.5692 -21.4619
      vertex -46.5488 44.5692 -20.8476
    endloop
  endfacet
  facet normal 0 -1 0
    outer loop
      vertex 16.871 48.0692 -4.75388
      vertex -46.5488 48.0692 -20.8476
      vertex -45.2969 48.0692 -21.4619
    endloop
  endfacet
  facet normal 0 1 0
    outer loop
      vertex 16.871 44.5692 -4.75388
      vertex -43.9573 44.5692 -21.8494
      vertex -45.2969 44.5692 -21.4619
    endloop
  endfacet
  facet normal 0 -1 0
    outer loop
      vertex 16.871 48.0692 -4.75388
      vertex -45.2969 48.0692 -21.4619
      vertex -43.9573 48.0692 -21.8494
    endloop
  endfacet
  facet normal 0 1 0
    outer loop
      vertex 16.871 44.5692 -4.75388
      vertex -42.5708 44.5692 -21.9984
      vertex -43.9573 44.5692 -21.8494
    endloop
  endfacet
  facet normal 0 -1 0
    outer loop
      vertex 16.871 48.0692 -4.75388
      vertex -43.9573 48.0692 -21.8494
      vertex -42.5708 48.0692 -21.9984
    endloop
  endfacet
  facet normal 0 1 0
    outer loop
      vertex 16.871 44.5692 -4.75388
      vertex -41.1795 44.5692 -21.9044
      vertex -42.5708 44.5692 -21.9984
    endloop
  endfacet
  facet normal 0 -1 0
    outer loop
      vertex 16.871 48.0692 -4.75388
      vertex -42.5708 48.0692 -21.9984
      vertex -41.1795 48.0692 -21.9044
    endloop
  endfacet
  facet normal -0 1 0
    outer loop
      vertex 16.871 44.5692 -4.75388
      vertex 77.3871 44.5692 -3.41219
      vertex -41.1795 44.5692 -21.9044
    endloop
  endfacet
  facet normal 0 -1 -0
    outer loop
      vertex 16.871 48.0692 -4.75388
      vertex -41.1795 48.0692 -21.9044
      vertex 77.3871 48.0692 -3.41219
    endloop
  endfacet
  facet normal 0 1 0
    outer loop
      vertex 16.871 44.5692 -4.75388
      vertex 78.741 44.5692 -3.07803
      vertex 77.3871 44.5692 -3.41219
    endloop
  endfacet
  facet normal 0 -1 0
    outer loop
      vertex 16.871 48.0692 -4.75388
      vertex 77.3871 48.0692 -3.41219
      vertex 78.741 48.0692 -3.07803
    endloop
  endfacet
  facet normal 0 1 0
    outer loop
      vertex 16.871 44.5692 -4.75388
      vertex 80.0162 44.5692 -2.51385
      vertex 78.741 44.5692 -3.07803
    endloop
  endfacet
  facet normal 0 -1 0
    outer loop
      vertex 16.871 48.0692 -4.75388
      vertex 78.741 48.0692 -3.07803
      vertex 80.0162 48.0692 -2.51385
    endloop
  endfacet
  facet normal 0 1 0
    outer loop
      vertex 16.871 44.5692 -4.75388
      vertex 81.1742 44.5692 -1.73679
      vertex 80.0162 44.5692 -2.51385
    endloop
  endfacet
  facet normal 0 -1 0
    outer loop
      vertex 16.871 48.0692 -4.75388
      vertex 80.0162 48.0692 -2.51385
      vertex 81.1742 48.0692 -1.73679
    endloop
  endfacet
  facet normal 0 1 0
    outer loop
      vertex 16.871 44.5692 -4.75388
      vertex 82.1796 44.5692 -0.770465
      vertex 81.1742 44.5692 -1.73679
    endloop
  endfacet
  facet normal 0 -1 0
    outer loop
      vertex 16.871 48.0692 -4.75388
      vertex 81.1742 48.0692 -1.73679
      vertex 82.1796 48.0692 -0.770465
    endloop
  endfacet
  facet normal 0 1 0
    outer loop
      vertex 16.871 44.5692 -4.75388
      vertex 83.0019 44.5692 0.355765
      vertex 82.1796 44.5692 -0.770465
    endloop
  endfacet
  facet normal 0 -1 0
    outer loop
      vertex 16.871 48.0692 -4.75388
      vertex 82.1796 48.0692 -0.770465
      vertex 83.0019 48.0692 0.355765
    endloop
  endfacet
  facet normal 0 1 0
    outer loop
      vertex 16.871 44.5692 -4.75388
      vertex 83.6162 44.5692 1.60768
      vertex 83.0019 44.5692 0.355765
    endloop
  endfacet
  facet normal 0 -1 0
    outer loop
      vertex 16.871 48.0692 -4.75388
      vertex 83.0019 48.0692 0.355765
      vertex 83.6162 48.0692 1.60768
    endloop
  endfacet
  facet normal 0 1 0
    outer loop
      vertex 16.871 44.5692 -4.75388
      vertex 84.0037 44.5692 2.94724
      vertex 83.6162 44.5692 1.60768
    endloop
  endfacet
  facet normal 0 -1 0
    outer loop
      vertex 16.871 48.0692 -4.75388
      vertex 83.6162 48.0692 1.60768
      vertex 84.0037 48.0692 2.94724
    endloop
  endfacet
  facet normal 0 1 0
    outer loop
      vertex 16.871 44.5692 -4.75388
      vertex 84.1527 44.5692 4.33374
      vertex 84.0037 44.5692 2.94724
    endloop
  endfacet
  facet normal 0 -1 0
    outer loop
      vertex 16.871 48.0692 -4.75388
      vertex 84.0037 48.0692 2.94724
      vertex 84.1527 48.0692 4.33374
    endloop
  endfacet
  facet normal 0 1 0
    outer loop
      vertex 16.871 44.5692 -4.75388
      vertex 84.0587 44.5692 5.72506
      vertex 84.1527 44.5692 4.33374
    endloop
  endfacet
  facet normal 0 -1 0
    outer loop
      vertex 16.871 48.0692 -4.75388
      vertex 84.1527 48.0692 4.33374
      vertex 84.0587 48.0692 5.72506
    endloop
  endfacet
  facet normal 0 1 0
    outer loop
      vertex 16.871 44.5692 -4.75388
      vertex 83.7246 44.5692 7.07893
      vertex 84.0587 44.5692 5.72506
    endloop
  endfacet
  facet normal 0 -1 0
    outer loop
      vertex 16.871 48.0692 -4.75388
      vertex 84.0587 48.0692 5.72506
      vertex 83.7246 48.0692 7.07893
    endloop
  endfacet
  facet normal 0 1 0
    outer loop
      vertex 16.871 44.5692 -4.75388
      vertex 83.1604 44.5692 8.35419
      vertex 83.7246 44.5692 7.07893
    endloop
  endfacet
  facet normal 0 -1 0
    outer loop
      vertex 16.871 48.0692 -4.75388
      vertex 83.7246 48.0692 7.07893
      vertex 83.1604 48.0692 8.35419
    endloop
  endfacet
  facet normal 0 1 0
    outer loop
      vertex 16.871 44.5692 -4.75388
      vertex 82.3833 44.5692 9.51212
      vertex 83.1604 44.5692 8.35419
    endloop
  endfacet
  facet normal 0 -1 0
    outer loop
      vertex 16.871 48.0692 -4.75388
      vertex 83.1604 48.0692 8.35419
      vertex 82.3833 48.0692 9.51212
    endloop
  endfacet
  facet normal 0 1 0
    outer loop
      vertex 16.871 44.5692 -4.75388
      vertex 81.417 44.5692 10.5175
      vertex 82.3833 44.5692 9.51212
    endloop
  endfacet
  facet normal 0 -1 0
    outer loop
      vertex 16.871 48.0692 -4.75388
      vertex 82.3833 48.0692 9.51212
      vertex 81.417 48.0692 10.5175
    endloop
  endfacet
  facet normal 0 1 0
    outer loop
      vertex 16.871 44.5692 -4.75388
      vertex 80.2908 44.5692 11.3398
      vertex 81.417 44.5692 10.5175
    endloop
  endfacet
  facet normal 0 -1 0
    outer loop
      vertex 16.871 48.0692 -4.75388
      vertex 81.417 48.0692 10.5175
      vertex 80.2908 48.0692 11.3398
    endloop
  endfacet
  facet normal 0 1 0
    outer loop
      vertex 16.871 44.5692 -4.75388
      vertex 79.0389 44.5692 11.9541
      vertex 80.2908 44.5692 11.3398
    endloop
  endfacet
  facet normal 0 -1 0
    outer loop
      vertex 16.871 48.0692 -4.75388
      vertex 80.2908 48.0692 11.3398
      vertex 79.0389 48.0692 11.9541
    endloop
  endfacet
  facet normal 0 1 0
    outer loop
      vertex 16.871 44.5692 -4.75388
      vertex 77.6993 44.5692 12.3416
      vertex 79.0389 44.5692 11.9541
    endloop
  endfacet
  facet normal 0 -1 0
    outer loop
      vertex 16.871 48.0692 -4.75388
      vertex 79.0389 48.0692 11.9541
      vertex 77.6993 48.0692 12.3416
    endloop
  endfacet
  facet normal 0 1 0
    outer loop
      vertex 16.871 44.5692 -4.75388
      vertex 76.3128 44.5692 12.4907
      vertex 77.6993 44.5692 12.3416
    endloop
  endfacet
  facet normal 0 -1 0
    outer loop
      vertex 16.871 48.0692 -4.75388
      vertex 77.6993 48.0692 12.3416
      vertex 76.3128 48.0692 12.4907
    endloop
  endfacet
  facet normal 0 1 0
    outer loop
      vertex 16.871 44.5692 -4.75388
      vertex 74.9215 44.5692 12.3967
      vertex 76.3128 44.5692 12.4907
    endloop
  endfacet
  facet normal 0 -1 0
    outer loop
      vertex 16.871 48.0692 -4.75388
      vertex 76.3128 48.0692 12.4907
      vertex 74.9215 48.0692 12.3967
    endloop
  endfacet
  facet normal 0 1 -0
    outer loop
      vertex 16.871 44.5692 -4.75388
      vertex -43.6451 44.5692 -6.09556
      vertex 74.9215 44.5692 12.3967
    endloop
  endfacet
  facet normal -0 -1 0
    outer loop
      vertex 16.871 48.0692 -4.75388
      vertex 74.9215 48.0692 12.3967
      vertex -43.6451 48.0692 -6.09556
    endloop
  endfacet
  facet normal 0.23963 0 -0.970864
    outer loop
      vertex -43.6451 44.5692 21.9044
      vertex -44.999 44.5692 21.5703
      vertex -44.999 48.0692 21.5703
    endloop
  endfacet
  facet normal 0.23963 0 -0.970864
    outer loop
      vertex -43.6451 44.5692 21.9044
      vertex -44.999 48.0692 21.5703
      vertex -43.6451 48.0692 21.9044
    endloop
  endfacet
  facet normal 0.404579 0 -0.914503
    outer loop
      vertex -44.999 44.5692 21.5703
      vertex -46.2742 44.5692 21.0061
      vertex -46.2742 48.0692 21.0061
    endloop
  endfacet
  facet normal 0.404579 0 -0.914503
    outer loop
      vertex -44.999 44.5692 21.5703
      vertex -46.2742 48.0692 21.0061
      vertex -44.999 48.0692 21.5703
    endloop
  endfacet
  facet normal 0.557234 0 -0.830356
    outer loop
      vertex -46.2742 44.5692 21.0061
      vertex -47.4322 44.5692 20.229
      vertex -47.4322 48.0692 20.229
    endloop
  endfacet
  facet normal 0.557234 0 -0.830356
    outer loop
      vertex -46.2742 44.5692 21.0061
      vertex -47.4322 48.0692 20.229
      vertex -46.2742 48.0692 21.0061
    endloop
  endfacet
  facet normal 0.692958 0 -0.720978
    outer loop
      vertex -47.4322 44.5692 20.229
      vertex -48.4376 44.5692 19.2627
      vertex -48.4376 48.0692 19.2627
    endloop
  endfacet
  facet normal 0.692958 0 -0.720978
    outer loop
      vertex -47.4322 44.5692 20.229
      vertex -48.4376 48.0692 19.2627
      vertex -47.4322 48.0692 20.229
    endloop
  endfacet
  facet normal 0.807627 0 -0.589694
    outer loop
      vertex -48.4376 44.5692 19.2627
      vertex -49.2599 44.5692 18.1365
      vertex -49.2599 48.0692 18.1365
    endloop
  endfacet
  facet normal 0.807627 0 -0.589694
    outer loop
      vertex -48.4376 44.5692 19.2627
      vertex -49.2599 48.0692 18.1365
      vertex -48.4376 48.0692 19.2627
    endloop
  endfacet
  facet normal 0.897757 0 -0.440492
    outer loop
      vertex -49.2599 44.5692 18.1365
      vertex -49.8741 44.5692 16.8846
      vertex -49.8741 48.0692 16.8846
    endloop
  endfacet
  facet normal 0.897757 0 -0.440492
    outer loop
      vertex -49.2599 44.5692 18.1365
      vertex -49.8741 48.0692 16.8846
      vertex -49.2599 48.0692 18.1365
    endloop
  endfacet
  facet normal 0.960608 0 -0.277906
    outer loop
      vertex -49.8741 44.5692 16.8846
      vertex -50.2617 44.5692 15.545
      vertex -50.2617 48.0692 15.545
    endloop
  endfacet
  facet normal 0.960608 0 -0.277906
    outer loop
      vertex -49.8741 44.5692 16.8846
      vertex -50.2617 48.0692 15.545
      vertex -49.8741 48.0692 16.8846
    endloop
  endfacet
  facet normal 0.994272 0 -0.106876
    outer loop
      vertex -50.2617 44.5692 15.545
      vertex -50.4107 44.5692 14.1585
      vertex -50.4107 48.0692 14.1585
    endloop
  endfacet
  facet normal 0.994272 0 -0.106876
    outer loop
      vertex -50.2617 44.5692 15.545
      vertex -50.4107 48.0692 14.1585
      vertex -50.2617 48.0692 15.545
    endloop
  endfacet
  facet normal 0.997726 0 0.067401
    outer loop
      vertex -50.4107 44.5692 14.1585
      vertex -50.3167 44.5692 12.7672
      vertex -50.3167 48.0692 12.7672
    endloop
  endfacet
  facet normal 0.997726 -0 0.067401
    outer loop
      vertex -50.4107 44.5692 14.1585
      vertex -50.3167 48.0692 12.7672
      vertex -50.4107 48.0692 14.1585
    endloop
  endfacet
  facet normal 0.970864 0 0.23963
    outer loop
      vertex -50.3167 44.5692 12.7672
      vertex -49.9826 44.5692 11.4133
      vertex -49.9826 48.0692 11.4133
    endloop
  endfacet
  facet normal 0.970864 -0 0.23963
    outer loop
      vertex -50.3167 44.5692 12.7672
      vertex -49.9826 48.0692 11.4133
      vertex -50.3167 48.0692 12.7672
    endloop
  endfacet
  facet normal 0.914503 0 0.404579
    outer loop
      vertex -49.9826 44.5692 11.4133
      vertex -49.4184 44.5692 10.1381
      vertex -49.4184 48.0692 10.1381
    endloop
  endfacet
  facet normal 0.914503 -0 0.404579
    outer loop
      vertex -49.9826 44.5692 11.4133
      vertex -49.4184 48.0692 10.1381
      vertex -49.9826 48.0692 11.4133
    endloop
  endfacet
  facet normal 0.830356 0 0.557234
    outer loop
      vertex -49.4184 44.5692 10.1381
      vertex -48.6413 44.5692 8.98013
      vertex -48.6413 48.0692 8.98013
    endloop
  endfacet
  facet normal 0.830356 -0 0.557234
    outer loop
      vertex -49.4184 44.5692 10.1381
      vertex -48.6413 48.0692 8.98013
      vertex -49.4184 48.0692 10.1381
    endloop
  endfacet
  facet normal 0.720978 0 0.692958
    outer loop
      vertex -48.6413 44.5692 8.98013
      vertex -47.675 44.5692 7.97473
      vertex -47.675 48.0692 7.97473
    endloop
  endfacet
  facet normal 0.720978 -0 0.692958
    outer loop
      vertex -48.6413 44.5692 8.98013
      vertex -47.675 48.0692 7.97473
      vertex -48.6413 48.0692 8.98013
    endloop
  endfacet
  facet normal 0.589694 0 0.807627
    outer loop
      vertex -47.675 44.5692 7.97473
      vertex -46.5488 44.5692 7.15241
      vertex -46.5488 48.0692 7.15241
    endloop
  endfacet
  facet normal 0.589694 -0 0.807627
    outer loop
      vertex -47.675 44.5692 7.97473
      vertex -46.5488 48.0692 7.15241
      vertex -47.675 48.0692 7.97473
    endloop
  endfacet
  facet normal 0.440492 0 0.897757
    outer loop
      vertex -46.5488 44.5692 7.15241
      vertex -45.2969 44.5692 6.53815
      vertex -45.2969 48.0692 6.53815
    endloop
  endfacet
  facet normal 0.440492 -0 0.897757
    outer loop
      vertex -46.5488 44.5692 7.15241
      vertex -45.2969 48.0692 6.53815
      vertex -46.5488 48.0692 7.15241
    endloop
  endfacet
  facet normal 0.277906 0 0.960608
    outer loop
      vertex -45.2969 44.5692 6.53815
      vertex -43.9573 44.5692 6.15061
      vertex -43.9573 48.0692 6.15061
    endloop
  endfacet
  facet normal 0.277906 -0 0.960608
    outer loop
      vertex -45.2969 44.5692 6.53815
      vertex -43.9573 48.0692 6.15061
      vertex -45.2969 48.0692 6.53815
    endloop
  endfacet
  facet normal 0.106876 0 0.994272
    outer loop
      vertex -43.9573 44.5692 6.15061
      vertex -42.5708 44.5692 6.00157
      vertex -42.5708 48.0692 6.00157
    endloop
  endfacet
  facet normal 0.106876 -0 0.994272
    outer loop
      vertex -43.9573 44.5692 6.15061
      vertex -42.5708 48.0692 6.00157
      vertex -43.9573 48.0692 6.15061
    endloop
  endfacet
  facet normal -0.067401 0 0.997726
    outer loop
      vertex -42.5708 44.5692 6.00157
      vertex -41.1795 44.5692 6.09556
      vertex -41.1795 48.0692 6.09556
    endloop
  endfacet
  facet normal -0.067401 0 0.997726
    outer loop
      vertex -42.5708 44.5692 6.00157
      vertex -41.1795 48.0692 6.09556
      vertex -42.5708 48.0692 6.00157
    endloop
  endfacet
  facet normal -0.154102 0 0.988055
    outer loop
      vertex -41.1795 44.5692 6.09556
      vertex 77.3871 44.5692 24.5878
      vertex 77.3871 48.0692 24.5878
    endloop
  endfacet
  facet normal -0.154102 0 0.988055
    outer loop
      vertex -41.1795 44.5692 6.09556
      vertex 77.3871 48.0692 24.5878
      vertex -41.1795 48.0692 6.09556
    endloop
  endfacet
  facet normal -0.23963 0 0.970864
    outer loop
      vertex 77.3871 44.5692 24.5878
      vertex 78.741 44.5692 24.922
      vertex 78.741 48.0692 24.922
    endloop
  endfacet
  facet normal -0.23963 0 0.970864
    outer loop
      vertex 77.3871 44.5692 24.5878
      vertex 78.741 48.0692 24.922
      vertex 77.3871 48.0692 24.5878
    endloop
  endfacet
  facet normal -0.404579 0 0.914503
    outer loop
      vertex 78.741 44.5692 24.922
      vertex 80.0162 44.5692 25.4862
      vertex 80.0162 48.0692 25.4862
    endloop
  endfacet
  facet normal -0.404579 0 0.914503
    outer loop
      vertex 78.741 44.5692 24.922
      vertex 80.0162 48.0692 25.4862
      vertex 78.741 48.0692 24.922
    endloop
  endfacet
  facet normal -0.557234 0 0.830356
    outer loop
      vertex 80.0162 44.5692 25.4862
      vertex 81.1742 44.5692 26.2632
      vertex 81.1742 48.0692 26.2632
    endloop
  endfacet
  facet normal -0.557234 0 0.830356
    outer loop
      vertex 80.0162 44.5692 25.4862
      vertex 81.1742 48.0692 26.2632
      vertex 80.0162 48.0692 25.4862
    endloop
  endfacet
  facet normal -0.692958 0 0.720978
    outer loop
      vertex 81.1742 44.5692 26.2632
      vertex 82.1796 44.5692 27.2295
      vertex 82.1796 48.0692 27.2295
    endloop
  endfacet
  facet normal -0.692958 0 0.720978
    outer loop
      vertex 81.1742 44.5692 26.2632
      vertex 82.1796 48.0692 27.2295
      vertex 81.1742 48.0692 26.2632
    endloop
  endfacet
  facet normal -0.807627 0 0.589694
    outer loop
      vertex 82.1796 44.5692 27.2295
      vertex 83.0019 44.5692 28.3558
      vertex 83.0019 48.0692 28.3558
    endloop
  endfacet
  facet normal -0.807627 0 0.589694
    outer loop
      vertex 82.1796 44.5692 27.2295
      vertex 83.0019 48.0692 28.3558
      vertex 82.1796 48.0692 27.2295
    endloop
  endfacet
  facet normal -0.897757 0 0.440492
    outer loop
      vertex 83.0019 44.5692 28.3558
      vertex 83.6162 44.5692 29.6077
      vertex 83.6162 48.0692 29.6077
    endloop
  endfacet
  facet normal -0.897757 0 0.440492
    outer loop
      vertex 83.0019 44.5692 28.3558
      vertex 83.6162 48.0692 29.6077
      vertex 83.0019 48.0692 28.3558
    endloop
  endfacet
  facet normal -0.960608 0 0.277906
    outer loop
      vertex 83.6162 44.5692 29.6077
      vertex 84.0037 44.5692 30.9472
      vertex 84.0037 48.0692 30.9472
    endloop
  endfacet
  facet normal -0.960608 0 0.277906
    outer loop
      vertex 83.6162 44.5692 29.6077
      vertex 84.0037 48.0692 30.9472
      vertex 83.6162 48.0692 29.6077
    endloop
  endfacet
  facet normal -0.994272 0 0.106876
    outer loop
      vertex 84.0037 44.5692 30.9472
      vertex 84.1527 44.5692 32.3337
      vertex 84.1527 48.0692 32.3337
    endloop
  endfacet
  facet normal -0.994272 0 0.106876
    outer loop
      vertex 84.0037 44.5692 30.9472
      vertex 84.1527 48.0692 32.3337
      vertex 84.0037 48.0692 30.9472
    endloop
  endfacet
  facet normal -0.997726 0 -0.067401
    outer loop
      vertex 84.1527 44.5692 32.3337
      vertex 84.0587 44.5692 33.7251
      vertex 84.0587 48.0692 33.7251
    endloop
  endfacet
  facet normal -0.997726 0 -0.067401
    outer loop
      vertex 84.1527 44.5692 32.3337
      vertex 84.0587 48.0692 33.7251
      vertex 84.1527 48.0692 32.3337
    endloop
  endfacet
  facet normal -0.970864 0 -0.23963
    outer loop
      vertex 84.0587 44.5692 33.7251
      vertex 83.7246 44.5692 35.0789
      vertex 83.7246 48.0692 35.0789
    endloop
  endfacet
  facet normal -0.970864 0 -0.23963
    outer loop
      vertex 84.0587 44.5692 33.7251
      vertex 83.7246 48.0692 35.0789
      vertex 84.0587 48.0692 33.7251
    endloop
  endfacet
  facet normal -0.914503 0 -0.404579
    outer loop
      vertex 83.7246 44.5692 35.0789
      vertex 83.1604 44.5692 36.3542
      vertex 83.1604 48.0692 36.3542
    endloop
  endfacet
  facet normal -0.914503 0 -0.404579
    outer loop
      vertex 83.7246 44.5692 35.0789
      vertex 83.1604 48.0692 36.3542
      vertex 83.7246 48.0692 35.0789
    endloop
  endfacet
  facet normal -0.830356 0 -0.557234
    outer loop
      vertex 83.1604 44.5692 36.3542
      vertex 82.3833 44.5692 37.5121
      vertex 82.3833 48.0692 37.5121
    endloop
  endfacet
  facet normal -0.830356 0 -0.557234
    outer loop
      vertex 83.1604 44.5692 36.3542
      vertex 82.3833 48.0692 37.5121
      vertex 83.1604 48.0692 36.3542
    endloop
  endfacet
  facet normal -0.720978 0 -0.692958
    outer loop
      vertex 82.3833 44.5692 37.5121
      vertex 81.417 44.5692 38.5175
      vertex 81.417 48.0692 38.5175
    endloop
  endfacet
  facet normal -0.720978 0 -0.692958
    outer loop
      vertex 82.3833 44.5692 37.5121
      vertex 81.417 48.0692 38.5175
      vertex 82.3833 48.0692 37.5121
    endloop
  endfacet
  facet normal -0.589694 0 -0.807627
    outer loop
      vertex 81.417 44.5692 38.5175
      vertex 80.2908 44.5692 39.3398
      vertex 80.2908 48.0692 39.3398
    endloop
  endfacet
  facet normal -0.589694 0 -0.807627
    outer loop
      vertex 81.417 44.5692 38.5175
      vertex 80.2908 48.0692 39.3398
      vertex 81.417 48.0692 38.5175
    endloop
  endfacet
  facet normal -0.440492 0 -0.897757
    outer loop
      vertex 80.2908 44.5692 39.3398
      vertex 79.0389 44.5692 39.9541
      vertex 79.0389 48.0692 39.9541
    endloop
  endfacet
  facet normal -0.440492 0 -0.897757
    outer loop
      vertex 80.2908 44.5692 39.3398
      vertex 79.0389 48.0692 39.9541
      vertex 80.2908 48.0692 39.3398
    endloop
  endfacet
  facet normal -0.277906 0 -0.960608
    outer loop
      vertex 79.0389 44.5692 39.9541
      vertex 77.6993 44.5692 40.3416
      vertex 77.6993 48.0692 40.3416
    endloop
  endfacet
  facet normal -0.277906 0 -0.960608
    outer loop
      vertex 79.0389 44.5692 39.9541
      vertex 77.6993 48.0692 40.3416
      vertex 79.0389 48.0692 39.9541
    endloop
  endfacet
  facet normal -0.106876 0 -0.994272
    outer loop
      vertex 77.6993 44.5692 40.3416
      vertex 76.3128 44.5692 40.4907
      vertex 76.3128 48.0692 40.4907
    endloop
  endfacet
  facet normal -0.106876 0 -0.994272
    outer loop
      vertex 77.6993 44.5692 40.3416
      vertex 76.3128 48.0692 40.4907
      vertex 77.6993 48.0692 40.3416
    endloop
  endfacet
  facet normal 0.067401 0 -0.997726
    outer loop
      vertex 76.3128 44.5692 40.4907
      vertex 74.9215 44.5692 40.3967
      vertex 74.9215 48.0692 40.3967
    endloop
  endfacet
  facet normal 0.067401 0 -0.997726
    outer loop
      vertex 76.3128 44.5692 40.4907
      vertex 74.9215 48.0692 40.3967
      vertex 76.3128 48.0692 40.4907
    endloop
  endfacet
  facet normal 0.154102 0 -0.988055
    outer loop
      vertex 74.9215 44.5692 40.3967
      vertex -43.6451 44.5692 21.9044
      vertex -43.6451 48.0692 21.9044
    endloop
  endfacet
  facet normal 0.154102 0 -0.988055
    outer loop
      vertex 74.9215 44.5692 40.3967
      vertex -43.6451 48.0692 21.9044
      vertex 74.9215 48.0692 40.3967
    endloop
  endfacet
  facet normal 0 1 0
    outer loop
      vertex 16.871 44.5692 23.2461
      vertex -44.999 44.5692 21.5703
      vertex -43.6451 44.5692 21.9044
    endloop
  endfacet
  facet normal 0 -1 0
    outer loop
      vertex 16.871 48.0692 23.2461
      vertex -43.6451 48.0692 21.9044
      vertex -44.999 48.0692 21.5703
    endloop
  endfacet
  facet normal 0 1 0
    outer loop
      vertex 16.871 44.5692 23.2461
      vertex -46.2742 44.5692 21.0061
      vertex -44.999 44.5692 21.5703
    endloop
  endfacet
  facet normal 0 -1 0
    outer loop
      vertex 16.871 48.0692 23.2461
      vertex -44.999 48.0692 21.5703
      vertex -46.2742 48.0692 21.0061
    endloop
  endfacet
  facet normal 0 1 0
    outer loop
      vertex 16.871 44.5692 23.2461
      vertex -47.4322 44.5692 20.229
      vertex -46.2742 44.5692 21.0061
    endloop
  endfacet
  facet normal 0 -1 0
    outer loop
      vertex 16.871 48.0692 23.2461
      vertex -46.2742 48.0692 21.0061
      vertex -47.4322 48.0692 20.229
    endloop
  endfacet
  facet normal 0 1 0
    outer loop
      vertex 16.871 44.5692 23.2461
      vertex -48.4376 44.5692 19.2627
      vertex -47.4322 44.5692 20.229
    endloop
  endfacet
  facet normal 0 -1 0
    outer loop
      vertex 16.871 48.0692 23.2461
      vertex -47.4322 48.0692 20.229
      vertex -48.4376 48.0692 19.2627
    endloop
  endfacet
  facet normal 0 1 0
    outer loop
      vertex 16.871 44.5692 23.2461
      vertex -49.2599 44.5692 18.1365
      vertex -48.4376 44.5692 19.2627
    endloop
  endfacet
  facet normal 0 -1 0
    outer loop
      vertex 16.871 48.0692 23.2461
      vertex -48.4376 48.0692 19.2627
      vertex -49.2599 48.0692 18.1365
    endloop
  endfacet
  facet normal 0 1 0
    outer loop
      vertex 16.871 44.5692 23.2461
      vertex -49.8741 44.5692 16.8846
      vertex -49.2599 44.5692 18.1365
    endloop
  endfacet
  facet normal 0 -1 0
    outer loop
      vertex 16.871 48.0692 23.2461
      vertex -49.2599 48.0692 18.1365
      vertex -49.8741 48.0692 16.8846
    endloop
  endfacet
  facet normal 0 1 0
    outer loop
      vertex 16.871 44.5692 23.2461
      vertex -50.2617 44.5692 15.545
      vertex -49.8741 44.5692 16.8846
    endloop
  endfacet
  facet normal 0 -1 0
    outer loop
      vertex 16.871 48.0692 23.2461
      vertex -49.8741 48.0692 16.8846
      vertex -50.2617 48.0692 15.545
    endloop
  endfacet
  facet normal 0 1 0
    outer loop
      vertex 16.871 44.5692 23.2461
      vertex -50.4107 44.5692 14.1585
      vertex -50.2617 44.5692 15.545
    endloop
  endfacet
  facet normal 0 -1 0
    outer loop
      vertex 16.871 48.0692 23.2461
      vertex -50.2617 48.0692 15.545
      vertex -50.4107 48.0692 14.1585
    endloop
  endfacet
  facet normal 0 1 0
    outer loop
      vertex 16.871 44.5692 23.2461
      vertex -50.3167 44.5692 12.7672
      vertex -50.4107 44.5692 14.1585
    endloop
  endfacet
  facet normal 0 -1 0
    outer loop
      vertex 16.871 48.0692 23.2461
      vertex -50.4107 48.0692 14.1585
      vertex -50.3167 48.0692 12.7672
    endloop
  endfacet
  facet normal 0 1 0
    outer loop
      vertex 16.871 44.5692 23.2461
      vertex -49.9826 44.5692 11.4133
      vertex -50.3167 44.5692 12.7672
    endloop
  endfacet
  facet normal 0 -1 0
    outer loop
      vertex 16.871 48.0692 23.2461
      vertex -50.3167 48.0692 12.7672
      vertex -49.9826 48.0692 11.4133
    endloop
  endfacet
  facet normal 0 1 0
    outer loop
      vertex 16.871 44.5692 23.2461
      vertex -49.4184 44.5692 10.1381
      vertex -49.9826 44.5692 11.4133
    endloop
  endfacet
  facet normal 0 -1 0
    outer loop
      vertex 16.871 48.0692 23.2461
      vertex -49.9826 48.0692 11.4133
      vertex -49.4184 48.0692 10.1381
    endloop
  endfacet
  facet normal 0 1 0
    outer loop
      vertex 16.871 44.5692 23.2461
      vertex -48.6413 44.5692 8.98013
      vertex -49.4184 44.5692 10.1381
    endloop
  endfacet
  facet normal 0 -1 0
    outer loop
      vertex 16.871 48.0692 23.2461
      vertex -49.4184 48.0692 10.1381
      vertex -48.6413 48.0692 8.98013
    endloop
  endfacet
  facet normal 0 1 0
    outer loop
      vertex 16.871 44.5692 23.2461
      vertex -47.675 44.5692 7.97473
      vertex -48.6413 44.5692 8.98013
    endloop
  endfacet
  facet normal 0 -1 0
    outer loop
      vertex 16.871 48.0692 23.2461
      vertex -48.6413 48.0692 8.98013
      vertex -47.675 48.0692 7.97473
    endloop
  endfacet
  facet normal 0 1 0
    outer loop
      vertex 16.871 44.5692 23.2461
      vertex -46.5488 44.5692 7.15241
      vertex -47.675 44.5692 7.97473
    endloop
  endfacet
  facet normal 0 -1 0
    outer loop
      vertex 16.871 48.0692 23.2461
      vertex -47.675 48.0692 7.97473
      vertex -46.5488 48.0692 7.15241
    endloop
  endfacet
  facet normal 0 1 0
    outer loop
      vertex 16.871 44.5692 23.2461
      vertex -45.2969 44.5692 6.53815
      vertex -46.5488 44.5692 7.15241
    endloop
  endfacet
  facet normal 0 -1 0
    outer loop
      vertex 16.871 48.0692 23.2461
      vertex -46.5488 48.0692 7.15241
      vertex -45.2969 48.0692 6.53815
    endloop
  endfacet
  facet normal 0 1 0
    outer loop
      vertex 16.871 44.5692 23.2461
      vertex -43.9573 44.5692 6.15061
      vertex -45.2969 44.5692 6.53815
    endloop
  endfacet
  facet normal 0 -1 0
    outer loop
      vertex 16.871 48.0692 23.2461
      vertex -45.2969 48.0692 6.53815
      vertex -43.9573 48.0692 6.15061
    endloop
  endfacet
  facet normal 0 1 0
    outer loop
      vertex 16.871 44.5692 23.2461
      vertex -42.5708 44.5692 6.00157
      vertex -43.9573 44.5692 6.15061
    endloop
  endfacet
  facet normal 0 -1 0
    outer loop
      vertex 16.871 48.0692 23.2461
      vertex -43.9573 48.0692 6.15061
      vertex -42.5708 48.0692 6.00157
    endloop
  endfacet
  facet normal 0 1 0
    outer loop
      vertex 16.871 44.5692 23.2461
      vertex -41.1795 44.5692 6.09556
      vertex -42.5708 44.5692 6.00157
    endloop
  endfacet
  facet normal 0 -1 0
    outer loop
      vertex 16.871 48.0692 23.2461
      vertex -42.5708 48.0692 6.00157
      vertex -41.1795 48.0692 6.09556
    endloop
  endfacet
  facet normal -0 1 0
    outer loop
      vertex 16.871 44.5692 23.2461
      vertex 77.3871 44.5692 24.5878
      vertex -41.1795 44.5692 6.09556
    endloop
  endfacet
  facet normal 0 -1 -0
    outer loop
      vertex 16.871 48.0692 23.2461
      vertex -41.1795 48.0692 6.09556
      vertex 77.3871 48.0692 24.5878
    endloop
  endfacet
  facet normal 0 1 0
    outer loop
      vertex 16.871 44.5692 23.2461
      vertex 78.741 44.5692 24.922
      vertex 77.3871 44.5692 24.5878
    endloop
  endfacet
  facet normal 0 -1 0
    outer loop
      vertex 16.871 48.0692 23.2461
      vertex 77.3871 48.0692 24.5878
      vertex 78.741 48.0692 24.922
    endloop
  endfacet
  facet normal 0 1 0
    outer loop
      vertex 16.871 44.5692 23.2461
      vertex 80.0162 44.5692 25.4862
      vertex 78.741 44.5692 24.922
    endloop
  endfacet
  facet normal 0 -1 0
    outer loop
      vertex 16.871 48.0692 23.2461
      vertex 78.741 48.0692 24.922
      vertex 80.0162 48.0692 25.4862
    endloop
  endfacet
  facet normal 0 1 0
    outer loop
      vertex 16.871 44.5692 23.2461
      vertex 81.1742 44.5692 26.2632
      vertex 80.0162 44.5692 25.4862
    endloop
  endfacet
  facet normal 0 -1 0
    outer loop
      vertex 16.871 48.0692 23.2461
      vertex 80.0162 48.0692 25.4862
      vertex 81.1742 48.0692 26.2632
    endloop
  endfacet
  facet normal 0 1 0
    outer loop
      vertex 16.871 44.5692 23.2461
      vertex 82.1796 44.5692 27.2295
      vertex 81.1742 44.5692 26.2632
    endloop
  endfacet
  facet normal 0 -1 0
    outer loop
      vertex 16.871 48.0692 23.2461
      vertex 81.1742 48.0692 26.2632
      vertex 82.1796 48.0692 27.2295
    endloop
  endfacet
  facet normal 0 1 0
    outer loop
      vertex 16.871 44.5692 23.2461
      vertex 83.0019 44.5692 28.3558
      vertex 82.1796 44.5692 27.2295
    endloop
  endfacet
  facet normal 0 -1 0
    outer loop
      vertex 16.871 48.0692 23.2461
      vertex 82.1796 48.0692 27.2295
      vertex 83.0019 48.0692 28.3558
    endloop
  endfacet
  facet normal 0 1 0
    outer loop
      vertex 16.871 44.5692 23.2461
      vertex 83.6162 44.5692 29.6077
      vertex 83.0019 44.5692 28.3558
    endloop
  endfacet
  facet normal 0 -1 0
    outer loop
      vertex 16.871 48.0692 23.2461
      vertex 83.0019 48.0692 28.3558
      vertex 83.6162 48.0692 29.6077
    endloop
  endfacet
  facet normal 0 1 0
    outer loop
      vertex 16.871 44.5692 23.2461
      vertex 84.0037 44.5692 30.9472
      vertex 83.6162 44.5692 29.6077
    endloop
  endfacet
  facet normal 0 -1 0
    outer loop
      vertex 16.871 48.0692 23.2461
      vertex 83.6162 48.0692 29.6077
      vertex 84.0037 48.0692 30.9472
    endloop
  endfacet
  facet normal 0 1 0
    outer loop
      vertex 16.871 44.5692 23.2461
      vertex 84.1527 44.5692 32.3337
      vertex 84.0037 44.5692 30.9472
    endloop
  endfacet
  facet normal 0 -1 0
    outer loop
      vertex 16.871 48.0692 23.2461
      vertex 84.0037 48.0692 30.9472
      vertex 84.1527 48.0692 32.3337
    endloop
  endfacet
  facet normal 0 1 0
    outer loop
      vertex 16.871 44.5692 23.2461
      vertex 84.0587 44.5692 33.7251
      vertex 84.1527 44.5692 32.3337
    endloop
  endfacet
  facet normal 0 -1 0
    outer loop
      vertex 16.871 48.0692 23.2461
      vertex 84.1527 48.0692 32.3337
      vertex 84.0587 48.0692 33.7251
    endloop
  endfacet
  facet normal 0 1 0
    outer loop
      vertex 16.871 44.5692 23.2461
      vertex 83.7246 44.5692 35.0789
      vertex 84.0587 44.5692 33.7251
    endloop
  endfacet
  facet normal 0 -1 0
    outer loop
      vertex 16.871 48.0692 23.2461
      vertex 84.0587 48.0692 33.7251
      vertex 83.7246 48.0692 35.0789
    endloop
  endfacet
  facet normal 0 1 0
    outer loop
      vertex 16.871 44.5692 23.2461
      vertex 83.1604 44.5692 36.3542
      vertex 83.7246 44.5692 35.0789
    endloop
  endfacet
  facet normal 0 -1 0
    outer loop
      vertex 16.871 48.0692 23.2461
      vertex 83.7246 48.0692 35.0789
      vertex 83.1604 48.0692 36.3542
    endloop
  endfacet
  facet normal 0 1 0
    outer loop
      vertex 16.871 44.5692 23.2461
      vertex 82.3833 44.5692 37.5121
      vertex 83.1604 44.5692 36.3542
    endloop
  endfacet
  facet normal 0 -1 0
    outer loop
      vertex 16.871 48.0692 23.2461
      vertex 83.1604 48.0692 36.3542
      vertex 82.3833 48.0692 37.5121
    endloop
  endfacet
  facet normal 0 1 0
    outer loop
      vertex 16.871 44.5692 23.2461
      vertex 81.417 44.5692 38.5175
      vertex 82.3833 44.5692 37.5121
    endloop
  endfacet
  facet normal 0 -1 0
    outer loop
      vertex 16.871 48.0692 23.2461
      vertex 82.3833 48.0692 37.5121
      vertex 81.417 48.0692 38.5175
    endloop
  endfacet
  facet normal 0 1 0
    outer loop
      vertex 16.871 44.5692 23.2461
      vertex 80.2908 44.5692 39.3398
      vertex 81.417 44.5692 38.5175
    endloop
  endfacet
  facet normal 0 -1 0
    outer loop
      vertex 16.871 48.0692 23.2461
      vertex 81.417 48.0692 38.5175
      vertex 80.2908 48.0692 39.3398
    endloop
  endfacet
  facet normal 0 1 0
    outer loop
      vertex 16.871 44.5692 23.2461
      vertex 79.0389 44.5692 39.9541
      vertex 80.2908 44.5692 39.3398
    endloop
  endfacet
  facet normal 0 -1 0
    outer loop
      vertex 16.871 48.0692 23.2461
      vertex 80.2908 48.0692 39.3398
      vertex 79.0389 48.0692 39.9541
    endloop
  endfacet
  facet normal 0 1 0
    outer loop
      vertex 16.871 44.5692 23.2461
      vertex 77.6993 44.5692 40.3416
      vertex 79.0389 44.5692 39.9541
    endloop
  endfacet
  facet normal 0 -1 0
    outer loop
      vertex 16.871 48.0692 23.2461
      vertex 79.0389 48.0692 39.9541
      vertex 77.6993 48.0692 40.3416
    endloop
  endfacet
  facet normal 0 1 0
    outer loop
      vertex 16.871 44.5692 23.2461
      vertex 76.3128 44.5692 40.4907
      vertex 77.6993 44.5692 40.3416
    endloop
  endfacet
  facet normal 0 -1 0
    outer loop
      vertex 16.871 48.0692 23.2461
      vertex 77.6993 48.0692 40.3416
      vertex 76.3128 48.0692 40.4907
    endloop
  endfacet
  facet normal 0 1 0
    outer loop
      vertex 16.871 44.5692 23.2461
      vertex 74.9215 44.5692 40.3967
      vertex 76.3128 44.5692 40.4907
    endloop
  endfacet
  facet normal 0 -1 0
    outer loop
      vertex 16.871 48.0692 23.2461
      vertex 76.3128 48.0692 40.4907
      vertex 74.9215 48.0692 40.3967
    endloop
  endfacet
  facet normal 0 1 -0
    outer loop
      vertex 16.871 44.5692 23.2461
      vertex -43.6451 44.5692 21.9044
      vertex 74.9215 44.5692 40.3967
    endloop
  endfacet
  facet normal -0 -1 0
    outer loop
      vertex 16.871 48.0692 23.2461
      vertex 74.9215 48.0692 40.3967
      vertex -43.6451 48.0692 21.9044
    endloop
  endfacet
  facet normal 0.712021 0 -0.702158
    outer loop
      vertex -5.83303 -1.75 -7.14611
      vertex -6.93458 -1.75 -8.26313
      vertex -6.93458 1.75 -8.26313
    endloop
  endfacet
  facet normal 0.712021 0 -0.702158
    outer loop
      vertex -5.83303 -1.75 -7.14611
      vertex -6.93458 1.75 -8.26313
      vertex -5.83303 1.75 -7.14611
    endloop
  endfacet
  facet normal 0.823132 0 -0.56785
    outer loop
      vertex -6.93458 -1.75 -8.26313
      vertex -7.82542 -1.75 -9.55447
      vertex -7.82542 1.75 -9.55447
    endloop
  endfacet
  facet normal 0.823132 0 -0.56785
    outer loop
      vertex -6.93458 -1.75 -8.26313
      vertex -7.82542 1.75 -9.55447
      vertex -6.93458 1.75 -8.26313
    endloop
  endfacet
  facet normal 0.909233 0 -0.416287
    outer loop
      vertex -7.82542 -1.75 -9.55447
      vertex -8.4785 -1.75 -10.9809
      vertex -8.4785 1.75 -10.9809
    endloop
  endfacet
  facet normal 0.909233 0 -0.416287
    outer loop
      vertex -7.82542 -1.75 -9.55447
      vertex -8.4785 1.75 -10.9809
      vertex -7.82542 1.75 -9.55447
    endloop
  endfacet
  facet normal 0.967707 0 -0.252076
    outer loop
      vertex -8.4785 -1.75 -10.9809
      vertex -8.87395 -1.75 -12.499
      vertex -8.87395 1.75 -12.499
    endloop
  endfacet
  facet normal 0.967707 0 -0.252076
    outer loop
      vertex -8.4785 -1.75 -10.9809
      vertex -8.87395 1.75 -12.499
      vertex -8.4785 1.75 -10.9809
    endloop
  endfacet
  facet normal 0.996778 0 -0.0802061
    outer loop
      vertex -8.87395 -1.75 -12.499
      vertex -8.99978 -1.75 -14.0628
      vertex -8.99978 1.75 -14.0628
    endloop
  endfacet
  facet normal 0.996778 0 -0.0802061
    outer loop
      vertex -8.87395 -1.75 -12.499
      vertex -8.99978 1.75 -14.0628
      vertex -8.87395 1.75 -12.499
    endloop
  endfacet
  facet normal 0.995563 0 0.0941012
    outer loop
      vertex -8.99978 -1.75 -14.0628
      vertex -8.85215 -1.75 -15.6246
      vertex -8.85215 1.75 -15.6246
    endloop
  endfacet
  facet normal 0.995563 -0 0.0941012
    outer loop
      vertex -8.99978 -1.75 -14.0628
      vertex -8.85215 1.75 -15.6246
      vertex -8.99978 1.75 -14.0628
    endloop
  endfacet
  facet normal 0.964097 0 0.265549
    outer loop
      vertex -8.85215 -1.75 -15.6246
      vertex -8.43556 -1.75 -17.1371
      vertex -8.43556 1.75 -17.1371
    endloop
  endfacet
  facet normal 0.964097 -0 0.265549
    outer loop
      vertex -8.85215 -1.75 -15.6246
      vertex -8.43556 1.75 -17.1371
      vertex -8.85215 1.75 -15.6246
    endloop
  endfacet
  facet normal 0.903338 0 0.428929
    outer loop
      vertex -8.43556 -1.75 -17.1371
      vertex -7.76266 -1.75 -18.5542
      vertex -7.76266 1.75 -18.5542
    endloop
  endfacet
  facet normal 0.903338 -0 0.428929
    outer loop
      vertex -8.43556 -1.75 -17.1371
      vertex -7.76266 1.75 -18.5542
      vertex -8.43556 1.75 -17.1371
    endloop
  endfacet
  facet normal 0.815132 0 0.579275
    outer loop
      vertex -7.76266 -1.75 -18.5542
      vertex -6.85389 -1.75 -19.833
      vertex -6.85389 1.75 -19.833
    endloop
  endfacet
  facet normal 0.815132 -0 0.579275
    outer loop
      vertex -7.76266 -1.75 -18.5542
      vertex -6.85389 1.75 -19.833
      vertex -7.76266 1.75 -18.5542
    endloop
  endfacet
  facet normal 0.702158 0 0.712021
    outer loop
      vertex -6.85389 -1.75 -19.833
      vertex -5.73687 -1.75 -20.9346
      vertex -5.73687 1.75 -20.9346
    endloop
  endfacet
  facet normal 0.702158 -0 0.712021
    outer loop
      vertex -6.85389 -1.75 -19.833
      vertex -5.73687 1.75 -20.9346
      vertex -6.85389 1.75 -19.833
    endloop
  endfacet
  facet normal 0.56785 0 0.823132
    outer loop
      vertex -5.73687 -1.75 -20.9346
      vertex -4.44553 -1.75 -21.8254
      vertex -4.44553 1.75 -21.8254
    endloop
  endfacet
  facet normal 0.56785 -0 0.823132
    outer loop
      vertex -5.73687 -1.75 -20.9346
      vertex -4.44553 1.75 -21.8254
      vertex -5.73687 1.75 -20.9346
    endloop
  endfacet
  facet normal 0.416287 0 0.909233
    outer loop
      vertex -4.44553 -1.75 -21.8254
      vertex -3.01913 -1.75 -22.4785
      vertex -3.01913 1.75 -22.4785
    endloop
  endfacet
  facet normal 0.416287 -0 0.909233
    outer loop
      vertex -4.44553 -1.75 -21.8254
      vertex -3.01913 1.75 -22.4785
      vertex -4.44553 1.75 -21.8254
    endloop
  endfacet
  facet normal 0.252076 0 0.967707
    outer loop
      vertex -3.01913 -1.75 -22.4785
      vertex -1.50098 -1.75 -22.874
      vertex -1.50098 1.75 -22.874
    endloop
  endfacet
  facet normal 0.252076 -0 0.967707
    outer loop
      vertex -3.01913 -1.75 -22.4785
      vertex -1.50098 1.75 -22.874
      vertex -3.01913 1.75 -22.4785
    endloop
  endfacet
  facet normal 0.0802061 0 0.996778
    outer loop
      vertex -1.50098 -1.75 -22.874
      vertex 0.0627666 -1.75 -22.9998
      vertex 0.0627666 1.75 -22.9998
    endloop
  endfacet
  facet normal 0.0802061 -0 0.996778
    outer loop
      vertex -1.50098 -1.75 -22.874
      vertex 0.0627666 1.75 -22.9998
      vertex -1.50098 1.75 -22.874
    endloop
  endfacet
  facet normal -0.0941012 0 0.995563
    outer loop
      vertex 0.0627666 -1.75 -22.9998
      vertex 1.62461 -1.75 -22.8522
      vertex 1.62461 1.75 -22.8522
    endloop
  endfacet
  facet normal -0.0941012 0 0.995563
    outer loop
      vertex 0.0627666 -1.75 -22.9998
      vertex 1.62461 1.75 -22.8522
      vertex 0.0627666 1.75 -22.9998
    endloop
  endfacet
  facet normal -0.265549 0 0.964097
    outer loop
      vertex 1.62461 -1.75 -22.8522
      vertex 3.13709 -1.75 -22.4356
      vertex 3.13709 1.75 -22.4356
    endloop
  endfacet
  facet normal -0.265549 0 0.964097
    outer loop
      vertex 1.62461 -1.75 -22.8522
      vertex 3.13709 1.75 -22.4356
      vertex 1.62461 1.75 -22.8522
    endloop
  endfacet
  facet normal -0.428929 0 0.903338
    outer loop
      vertex 3.13709 -1.75 -22.4356
      vertex 4.55425 -1.75 -21.7627
      vertex 4.55425 1.75 -21.7627
    endloop
  endfacet
  facet normal -0.428929 0 0.903338
    outer loop
      vertex 3.13709 -1.75 -22.4356
      vertex 4.55425 1.75 -21.7627
      vertex 3.13709 1.75 -22.4356
    endloop
  endfacet
  facet normal -0.579275 0 0.815132
    outer loop
      vertex 4.55425 -1.75 -21.7627
      vertex 5.83303 -1.75 -20.8539
      vertex 5.83303 1.75 -20.8539
    endloop
  endfacet
  facet normal -0.579275 0 0.815132
    outer loop
      vertex 4.55425 -1.75 -21.7627
      vertex 5.83303 1.75 -20.8539
      vertex 4.55425 1.75 -21.7627
    endloop
  endfacet
  facet normal -0.648114 0 0.761543
    outer loop
      vertex 5.83303 -1.75 -20.8539
      vertex 81.9873 -1.75 43.9576
      vertex 81.9873 1.75 43.9576
    endloop
  endfacet
  facet normal -0.648114 0 0.761543
    outer loop
      vertex 5.83303 -1.75 -20.8539
      vertex 81.9873 1.75 43.9576
      vertex 5.83303 1.75 -20.8539
    endloop
  endfacet
  facet normal -0.712021 0 0.702158
    outer loop
      vertex 81.9873 -1.75 43.9576
      vertex 83.0889 -1.75 45.0746
      vertex 83.0889 1.75 45.0746
    endloop
  endfacet
  facet normal -0.712021 0 0.702158
    outer loop
      vertex 81.9873 -1.75 43.9576
      vertex 83.0889 1.75 45.0746
      vertex 81.9873 1.75 43.9576
    endloop
  endfacet
  facet normal -0.823132 0 0.56785
    outer loop
      vertex 83.0889 -1.75 45.0746
      vertex 83.9797 -1.75 46.3659
      vertex 83.9797 1.75 46.3659
    endloop
  endfacet
  facet normal -0.823132 0 0.56785
    outer loop
      vertex 83.0889 -1.75 45.0746
      vertex 83.9797 1.75 46.3659
      vertex 83.0889 1.75 45.0746
    endloop
  endfacet
  facet normal -0.909233 0 0.416287
    outer loop
      vertex 83.9797 -1.75 46.3659
      vertex 84.6328 -1.75 47.7923
      vertex 84.6328 1.75 47.7923
    endloop
  endfacet
  facet normal -0.909233 0 0.416287
    outer loop
      vertex 83.9797 -1.75 46.3659
      vertex 84.6328 1.75 47.7923
      vertex 83.9797 1.75 46.3659
    endloop
  endfacet
  facet normal -0.967707 0 0.252076
    outer loop
      vertex 84.6328 -1.75 47.7923
      vertex 85.0283 -1.75 49.3105
      vertex 85.0283 1.75 49.3105
    endloop
  endfacet
  facet normal -0.967707 0 0.252076
    outer loop
      vertex 84.6328 -1.75 47.7923
      vertex 85.0283 1.75 49.3105
      vertex 84.6328 1.75 47.7923
    endloop
  endfacet
  facet normal -0.996778 0 0.0802061
    outer loop
      vertex 85.0283 -1.75 49.3105
      vertex 85.1541 -1.75 50.8742
      vertex 85.1541 1.75 50.8742
    endloop
  endfacet
  facet normal -0.996778 0 0.0802061
    outer loop
      vertex 85.0283 -1.75 49.3105
      vertex 85.1541 1.75 50.8742
      vertex 85.0283 1.75 49.3105
    endloop
  endfacet
  facet normal -0.995563 0 -0.0941012
    outer loop
      vertex 85.1541 -1.75 50.8742
      vertex 85.0065 -1.75 52.4361
      vertex 85.0065 1.75 52.4361
    endloop
  endfacet
  facet normal -0.995563 0 -0.0941012
    outer loop
      vertex 85.1541 -1.75 50.8742
      vertex 85.0065 1.75 52.4361
      vertex 85.1541 1.75 50.8742
    endloop
  endfacet
  facet normal -0.964097 0 -0.265549
    outer loop
      vertex 85.0065 -1.75 52.4361
      vertex 84.5899 -1.75 53.9485
      vertex 84.5899 1.75 53.9485
    endloop
  endfacet
  facet normal -0.964097 0 -0.265549
    outer loop
      vertex 85.0065 -1.75 52.4361
      vertex 84.5899 1.75 53.9485
      vertex 85.0065 1.75 52.4361
    endloop
  endfacet
  facet normal -0.903338 0 -0.428929
    outer loop
      vertex 84.5899 -1.75 53.9485
      vertex 83.917 -1.75 55.3657
      vertex 83.917 1.75 55.3657
    endloop
  endfacet
  facet normal -0.903338 0 -0.428929
    outer loop
      vertex 84.5899 -1.75 53.9485
      vertex 83.917 1.75 55.3657
      vertex 84.5899 1.75 53.9485
    endloop
  endfacet
  facet normal -0.815132 0 -0.579275
    outer loop
      vertex 83.917 -1.75 55.3657
      vertex 83.0082 -1.75 56.6445
      vertex 83.0082 1.75 56.6445
    endloop
  endfacet
  facet normal -0.815132 0 -0.579275
    outer loop
      vertex 83.917 -1.75 55.3657
      vertex 83.0082 1.75 56.6445
      vertex 83.917 1.75 55.3657
    endloop
  endfacet
  facet normal -0.702158 0 -0.712021
    outer loop
      vertex 83.0082 -1.75 56.6445
      vertex 81.8912 -1.75 57.746
      vertex 81.8912 1.75 57.746
    endloop
  endfacet
  facet normal -0.702158 0 -0.712021
    outer loop
      vertex 83.0082 -1.75 56.6445
      vertex 81.8912 1.75 57.746
      vertex 83.0082 1.75 56.6445
    endloop
  endfacet
  facet normal -0.56785 0 -0.823132
    outer loop
      vertex 81.8912 -1.75 57.746
      vertex 80.5998 -1.75 58.6369
      vertex 80.5998 1.75 58.6369
    endloop
  endfacet
  facet normal -0.56785 0 -0.823132
    outer loop
      vertex 81.8912 -1.75 57.746
      vertex 80.5998 1.75 58.6369
      vertex 81.8912 1.75 57.746
    endloop
  endfacet
  facet normal -0.416287 0 -0.909233
    outer loop
      vertex 80.5998 -1.75 58.6369
      vertex 79.1734 -1.75 59.2899
      vertex 79.1734 1.75 59.2899
    endloop
  endfacet
  facet normal -0.416287 0 -0.909233
    outer loop
      vertex 80.5998 -1.75 58.6369
      vertex 79.1734 1.75 59.2899
      vertex 80.5998 1.75 58.6369
    endloop
  endfacet
  facet normal -0.252076 0 -0.967707
    outer loop
      vertex 79.1734 -1.75 59.2899
      vertex 77.6553 -1.75 59.6854
      vertex 77.6553 1.75 59.6854
    endloop
  endfacet
  facet normal -0.252076 0 -0.967707
    outer loop
      vertex 79.1734 -1.75 59.2899
      vertex 77.6553 1.75 59.6854
      vertex 79.1734 1.75 59.2899
    endloop
  endfacet
  facet normal -0.0802061 0 -0.996778
    outer loop
      vertex 77.6553 -1.75 59.6854
      vertex 76.0915 -1.75 59.8112
      vertex 76.0915 1.75 59.8112
    endloop
  endfacet
  facet normal -0.0802061 0 -0.996778
    outer loop
      vertex 77.6553 -1.75 59.6854
      vertex 76.0915 1.75 59.8112
      vertex 77.6553 1.75 59.6854
    endloop
  endfacet
  facet normal 0.0941012 0 -0.995563
    outer loop
      vertex 76.0915 -1.75 59.8112
      vertex 74.5297 -1.75 59.6636
      vertex 74.5297 1.75 59.6636
    endloop
  endfacet
  facet normal 0.0941012 0 -0.995563
    outer loop
      vertex 76.0915 -1.75 59.8112
      vertex 74.5297 1.75 59.6636
      vertex 76.0915 1.75 59.8112
    endloop
  endfacet
  facet normal 0.265549 0 -0.964097
    outer loop
      vertex 74.5297 -1.75 59.6636
      vertex 73.0172 -1.75 59.247
      vertex 73.0172 1.75 59.247
    endloop
  endfacet
  facet normal 0.265549 0 -0.964097
    outer loop
      vertex 74.5297 -1.75 59.6636
      vertex 73.0172 1.75 59.247
      vertex 74.5297 1.75 59.6636
    endloop
  endfacet
  facet normal 0.428929 0 -0.903338
    outer loop
      vertex 73.0172 -1.75 59.247
      vertex 71.6 -1.75 58.5741
      vertex 71.6 1.75 58.5741
    endloop
  endfacet
  facet normal 0.428929 0 -0.903338
    outer loop
      vertex 73.0172 -1.75 59.247
      vertex 71.6 1.75 58.5741
      vertex 73.0172 1.75 59.247
    endloop
  endfacet
  facet normal 0.579275 0 -0.815132
    outer loop
      vertex 71.6 -1.75 58.5741
      vertex 70.3213 -1.75 57.6653
      vertex 70.3213 1.75 57.6653
    endloop
  endfacet
  facet normal 0.579275 0 -0.815132
    outer loop
      vertex 71.6 -1.75 58.5741
      vertex 70.3213 1.75 57.6653
      vertex 71.6 1.75 58.5741
    endloop
  endfacet
  facet normal 0.648114 0 -0.761543
    outer loop
      vertex 70.3213 -1.75 57.6653
      vertex -5.83303 -1.75 -7.14611
      vertex -5.83303 1.75 -7.14611
    endloop
  endfacet
  facet normal 0.648114 0 -0.761543
    outer loop
      vertex 70.3213 -1.75 57.6653
      vertex -5.83303 1.75 -7.14611
      vertex 70.3213 1.75 57.6653
    endloop
  endfacet
  facet normal 0 1 0
    outer loop
      vertex 38.0771 -1.75 18.4057
      vertex -6.93458 -1.75 -8.26313
      vertex -5.83303 -1.75 -7.14611
    endloop
  endfacet
  facet normal 0 -1 0
    outer loop
      vertex 38.0771 1.75 18.4057
      vertex -5.83303 1.75 -7.14611
      vertex -6.93458 1.75 -8.26313
    endloop
  endfacet
  facet normal 0 1 0
    outer loop
      vertex 38.0771 -1.75 18.4057
      vertex -7.82542 -1.75 -9.55447
      vertex -6.93458 -1.75 -8.26313
    endloop
  endfacet
  facet normal 0 -1 0
    outer loop
      vertex 38.0771 1.75 18.4057
      vertex -6.93458 1.75 -8.26313
      vertex -7.82542 1.75 -9.55447
    endloop
  endfacet
  facet normal 0 1 0
    outer loop
      vertex 38.0771 -1.75 18.4057
      vertex -8.4785 -1.75 -10.9809
      vertex -7.82542 -1.75 -9.55447
    endloop
  endfacet
  facet normal 0 -1 0
    outer loop
      vertex 38.0771 1.75 18.4057
      vertex -7.82542 1.75 -9.55447
      vertex -8.4785 1.75 -10.9809
    endloop
  endfacet
  facet normal 0 1 0
    outer loop
      vertex 38.0771 -1.75 18.4057
      vertex -8.87395 -1.75 -12.499
      vertex -8.4785 -1.75 -10.9809
    endloop
  endfacet
  facet normal 0 -1 0
    outer loop
      vertex 38.0771 1.75 18.4057
      vertex -8.4785 1.75 -10.9809
      vertex -8.87395 1.75 -12.499
    endloop
  endfacet
  facet normal 0 1 0
    outer loop
      vertex 38.0771 -1.75 18.4057
      vertex -8.99978 -1.75 -14.0628
      vertex -8.87395 -1.75 -12.499
    endloop
  endfacet
  facet normal 0 -1 0
    outer loop
      vertex 38.0771 1.75 18.4057
      vertex -8.87395 1.75 -12.499
      vertex -8.99978 1.75 -14.0628
    endloop
  endfacet
  facet normal 0 1 0
    outer loop
      vertex 38.0771 -1.75 18.4057
      vertex -8.85215 -1.75 -15.6246
      vertex -8.99978 -1.75 -14.0628
    endloop
  endfacet
  facet normal 0 -1 0
    outer loop
      vertex 38.0771 1.75 18.4057
      vertex -8.99978 1.75 -14.0628
      vertex -8.85215 1.75 -15.6246
    endloop
  endfacet
  facet normal 0 1 0
    outer loop
      vertex 38.0771 -1.75 18.4057
      vertex -8.43556 -1.75 -17.1371
      vertex -8.85215 -1.75 -15.6246
    endloop
  endfacet
  facet normal 0 -1 0
    outer loop
      vertex 38.0771 1.75 18.4057
      vertex -8.85215 1.75 -15.6246
      vertex -8.43556 1.75 -17.1371
    endloop
  endfacet
  facet normal 0 1 0
    outer loop
      vertex 38.0771 -1.75 18.4057
      vertex -7.76266 -1.75 -18.5542
      vertex -8.43556 -1.75 -17.1371
    endloop
  endfacet
  facet normal 0 -1 0
    outer loop
      vertex 38.0771 1.75 18.4057
      vertex -8.43556 1.75 -17.1371
      vertex -7.76266 1.75 -18.5542
    endloop
  endfacet
  facet normal 0 1 0
    outer loop
      vertex 38.0771 -1.75 18.4057
      vertex -6.85389 -1.75 -19.833
      vertex -7.76266 -1.75 -18.5542
    endloop
  endfacet
  facet normal 0 -1 0
    outer loop
      vertex 38.0771 1.75 18.4057
      vertex -7.76266 1.75 -18.5542
      vertex -6.85389 1.75 -19.833
    endloop
  endfacet
  facet normal 0 1 0
    outer loop
      vertex 38.0771 -1.75 18.4057
      vertex -5.73687 -1.75 -20.9346
      vertex -6.85389 -1.75 -19.833
    endloop
  endfacet
  facet normal 0 -1 0
    outer loop
      vertex 38.0771 1.75 18.4057
      vertex -6.85389 1.75 -19.833
      vertex -5.73687 1.75 -20.9346
    endloop
  endfacet
  facet normal 0 1 0
    outer loop
      vertex 38.0771 -1.75 18.4057
      vertex -4.44553 -1.75 -21.8254
      vertex -5.73687 -1.75 -20.9346
    endloop
  endfacet
  facet normal 0 -1 0
    outer loop
      vertex 38.0771 1.75 18.4057
      vertex -5.73687 1.75 -20.9346
      vertex -4.44553 1.75 -21.8254
    endloop
  endfacet
  facet normal 0 1 0
    outer loop
      vertex 38.0771 -1.75 18.4057
      vertex -3.01913 -1.75 -22.4785
      vertex -4.44553 -1.75 -21.8254
    endloop
  endfacet
  facet normal 0 -1 0
    outer loop
      vertex 38.0771 1.75 18.4057
      vertex -4.44553 1.75 -21.8254
      vertex -3.01913 1.75 -22.4785
    endloop
  endfacet
  facet normal 0 1 0
    outer loop
      vertex 38.0771 -1.75 18.4057
      vertex -1.50098 -1.75 -22.874
      vertex -3.01913 -1.75 -22.4785
    endloop
  endfacet
  facet normal 0 -1 0
    outer loop
      vertex 38.0771 1.75 18.4057
      vertex -3.01913 1.75 -22.4785
      vertex -1.50098 1.75 -22.874
    endloop
  endfacet
  facet normal 0 1 0
    outer loop
      vertex 38.0771 -1.75 18.4057
      vertex 0.0627666 -1.75 -22.9998
      vertex -1.50098 -1.75 -22.874
    endloop
  endfacet
  facet normal 0 -1 0
    outer loop
      vertex 38.0771 1.75 18.4057
      vertex -1.50098 1.75 -22.874
      vertex 0.0627666 1.75 -22.9998
    endloop
  endfacet
  facet normal 0 1 0
    outer loop
      vertex 38.0771 -1.75 18.4057
      vertex 1.62461 -1.75 -22.8522
      vertex 0.0627666 -1.75 -22.9998
    endloop
  endfacet
  facet normal 0 -1 0
    outer loop
      vertex 38.0771 1.75 18.4057
      vertex 0.0627666 1.75 -22.9998
      vertex 1.62461 1.75 -22.8522
    endloop
  endfacet
  facet normal 0 1 0
    outer loop
      vertex 38.0771 -1.75 18.4057
      vertex 3.13709 -1.75 -22.4356
      vertex 1.62461 -1.75 -22.8522
    endloop
  endfacet
  facet normal 0 -1 0
    outer loop
      vertex 38.0771 1.75 18.4057
      vertex 1.62461 1.75 -22.8522
      vertex 3.13709 1.75 -22.4356
    endloop
  endfacet
  facet normal 0 1 0
    outer loop
      vertex 38.0771 -1.75 18.4057
      vertex 4.55425 -1.75 -21.7627
      vertex 3.13709 -1.75 -22.4356
    endloop
  endfacet
  facet normal 0 -1 0
    outer loop
      vertex 38.0771 1.75 18.4057
      vertex 3.13709 1.75 -22.4356
      vertex 4.55425 1.75 -21.7627
    endloop
  endfacet
  facet normal 0 1 0
    outer loop
      vertex 38.0771 -1.75 18.4057
      vertex 5.83303 -1.75 -20.8539
      vertex 4.55425 -1.75 -21.7627
    endloop
  endfacet
  facet normal 0 -1 0
    outer loop
      vertex 38.0771 1.75 18.4057
      vertex 4.55425 1.75 -21.7627
      vertex 5.83303 1.75 -20.8539
    endloop
  endfacet
  facet normal -0 1 0
    outer loop
      vertex 38.0771 -1.75 18.4057
      vertex 81.9873 -1.75 43.9576
      vertex 5.83303 -1.75 -20.8539
    endloop
  endfacet
  facet normal 0 -1 -0
    outer loop
      vertex 38.0771 1.75 18.4057
      vertex 5.83303 1.75 -20.8539
      vertex 81.9873 1.75 43.9576
    endloop
  endfacet
  facet normal 0 1 0
    outer loop
      vertex 38.0771 -1.75 18.4057
      vertex 83.0889 -1.75 45.0746
      vertex 81.9873 -1.75 43.9576
    endloop
  endfacet
  facet normal 0 -1 0
    outer loop
      vertex 38.0771 1.75 18.4057
      vertex 81.9873 1.75 43.9576
      vertex 83.0889 1.75 45.0746
    endloop
  endfacet
  facet normal 0 1 0
    outer loop
      vertex 38.0771 -1.75 18.4057
      vertex 83.9797 -1.75 46.3659
      vertex 83.0889 -1.75 45.0746
    endloop
  endfacet
  facet normal 0 -1 0
    outer loop
      vertex 38.0771 1.75 18.4057
      vertex 83.0889 1.75 45.0746
      vertex 83.9797 1.75 46.3659
    endloop
  endfacet
  facet normal 0 1 0
    outer loop
      vertex 38.0771 -1.75 18.4057
      vertex 84.6328 -1.75 47.7923
      vertex 83.9797 -1.75 46.3659
    endloop
  endfacet
  facet normal 0 -1 0
    outer loop
      vertex 38.0771 1.75 18.4057
      vertex 83.9797 1.75 46.3659
      vertex 84.6328 1.75 47.7923
    endloop
  endfacet
  facet normal 0 1 0
    outer loop
      vertex 38.0771 -1.75 18.4057
      vertex 85.0283 -1.75 49.3105
      vertex 84.6328 -1.75 47.7923
    endloop
  endfacet
  facet normal 0 -1 0
    outer loop
      vertex 38.0771 1.75 18.4057
      vertex 84.6328 1.75 47.7923
      vertex 85.0283 1.75 49.3105
    endloop
  endfacet
  facet normal 0 1 0
    outer loop
      vertex 38.0771 -1.75 18.4057
      vertex 85.1541 -1.75 50.8742
      vertex 85.0283 -1.75 49.3105
    endloop
  endfacet
  facet normal 0 -1 0
    outer loop
      vertex 38.0771 1.75 18.4057
      vertex 85.0283 1.75 49.3105
      vertex 85.1541 1.75 50.8742
    endloop
  endfacet
  facet normal 0 1 0
    outer loop
      vertex 38.0771 -1.75 18.4057
      vertex 85.0065 -1.75 52.4361
      vertex 85.1541 -1.75 50.8742
    endloop
  endfacet
  facet normal 0 -1 0
    outer loop
      vertex 38.0771 1.75 18.4057
      vertex 85.1541 1.75 50.8742
      vertex 85.0065 1.75 52.4361
    endloop
  endfacet
  facet normal 0 1 0
    outer loop
      vertex 38.0771 -1.75 18.4057
      vertex 84.5899 -1.75 53.9485
      vertex 85.0065 -1.75 52.4361
    endloop
  endfacet
  facet normal 0 -1 0
    outer loop
      vertex 38.0771 1.75 18.4057
      vertex 85.0065 1.75 52.4361
      vertex 84.5899 1.75 53.9485
    endloop
  endfacet
  facet normal 0 1 0
    outer loop
      vertex 38.0771 -1.75 18.4057
      vertex 83.917 -1.75 55.3657
      vertex 84.5899 -1.75 53.9485
    endloop
  endfacet
  facet normal 0 -1 0
    outer loop
      vertex 38.0771 1.75 18.4057
      vertex 84.5899 1.75 53.9485
      vertex 83.917 1.75 55.3657
    endloop
  endfacet
  facet normal 0 1 0
    outer loop
      vertex 38.0771 -1.75 18.4057
      vertex 83.0082 -1.75 56.6445
      vertex 83.917 -1.75 55.3657
    endloop
  endfacet
  facet normal 0 -1 0
    outer loop
      vertex 38.0771 1.75 18.4057
      vertex 83.917 1.75 55.3657
      vertex 83.0082 1.75 56.6445
    endloop
  endfacet
  facet normal 0 1 0
    outer loop
      vertex 38.0771 -1.75 18.4057
      vertex 81.8912 -1.75 57.746
      vertex 83.0082 -1.75 56.6445
    endloop
  endfacet
  facet normal 0 -1 0
    outer loop
      vertex 38.0771 1.75 18.4057
      vertex 83.0082 1.75 56.6445
      vertex 81.8912 1.75 57.746
    endloop
  endfacet
  facet normal 0 1 0
    outer loop
      vertex 38.0771 -1.75 18.4057
      vertex 80.5998 -1.75 58.6369
      vertex 81.8912 -1.75 57.746
    endloop
  endfacet
  facet normal 0 -1 0
    outer loop
      vertex 38.0771 1.75 18.4057
      vertex 81.8912 1.75 57.746
      vertex 80.5998 1.75 58.6369
    endloop
  endfacet
  facet normal 0 1 0
    outer loop
      vertex 38.0771 -1.75 18.4057
      vertex 79.1734 -1.75 59.2899
      vertex 80.5998 -1.75 58.6369
    endloop
  endfacet
  facet normal 0 -1 0
    outer loop
      vertex 38.0771 1.75 18.4057
      vertex 80.5998 1.75 58.6369
      vertex 79.1734 1.75 59.2899
    endloop
  endfacet
  facet normal 0 1 0
    outer loop
      vertex 38.0771 -1.75 18.4057
      vertex 77.6553 -1.75 59.6854
      vertex 79.1734 -1.75 59.2899
    endloop
  endfacet
  facet normal 0 -1 0
    outer loop
      vertex 38.0771 1.75 18.4057
      vertex 79.1734 1.75 59.2899
      vertex 77.6553 1.75 59.6854
    endloop
  endfacet
  facet normal 0 1 0
    outer loop
      vertex 38.0771 -1.75 18.4057
      vertex 76.0915 -1.75 59.8112
      vertex 77.6553 -1.75 59.6854
    endloop
  endfacet
  facet normal 0 -1 0
    outer loop
      vertex 38.0771 1.75 18.4057
      vertex 77.6553 1.75 59.6854
      vertex 76.0915 1.75 59.8112
    endloop
  endfacet
  facet normal 0 1 0
    outer loop
      vertex 38.0771 -1.75 18.4057
      vertex 74.5297 -1.75 59.6636
      vertex 76.0915 -1.75 59.8112
    endloop
  endfacet
  facet normal 0 -1 0
    outer loop
      vertex 38.0771 1.75 18.4057
      vertex 76.0915 1.75 59.8112
      vertex 74.5297 1.75 59.6636
    endloop
  endfacet
  facet normal 0 1 0
    outer loop
      vertex 38.0771 -1.75 18.4057
      vertex 73.0172 -1.75 59.247
      vertex 74.5297 -1.75 59.6636
    endloop
  endfacet
  facet normal 0 -1 0
    outer loop
      vertex 38.0771 1.75 18.4057
      vertex 74.5297 1.75 59.6636
      vertex 73.0172 1.75 59.247
    endloop
  endfacet
  facet normal 0 1 0
    outer loop
      vertex 38.0771 -1.75 18.4057
      vertex 71.6 -1.75 58.5741
      vertex 73.0172 -1.75 59.247
    endloop
  endfacet
  facet normal 0 -1 0
    outer loop
      vertex 38.0771 1.75 18.4057
      vertex 73.0172 1.75 59.247
      vertex 71.6 1.75 58.5741
    endloop
  endfacet
  facet normal 0 1 0
    outer loop
      vertex 38.0771 -1.75 18.4057
      vertex 70.3213 -1.75 57.6653
      vertex 71.6 -1.75 58.5741
    endloop
  endfacet
  facet normal 0 -1 0
    outer loop
      vertex 38.0771 1.75 18.4057
      vertex 71.6 1.75 58.5741
      vertex 70.3213 1.75 57.6653
    endloop
  endfacet
  facet normal 0 1 -0
    outer loop
      vertex 38.0771 -1.75 18.4057
      vertex -5.83303 -1.75 -7.14611
      vertex 70.3213 -1.75 57.6653
    endloop
  endfacet
  facet normal -0 -1 0
    outer loop
      vertex 38.0771 1.75 18.4057
      vertex 70.3213 1.75 57.6653
      vertex -5.83303 1.75 -7.14611
    endloop
  endfacet
  facet normal 0.712021 0 -0.702158
    outer loop
      vertex -5.83303 -1.75 20.8539
      vertex -6.93458 -1.75 19.7369
      vertex -6.93458 1.75 19.7369
    endloop
  endfacet
  facet normal 0.712021 0 -0.702158
    outer loop
      vertex -5.83303 -1.75 20.8539
      vertex -6.93458 1.75 19.7369
      vertex -5.83303 1.75 20.8539
    endloop
  endfacet
  facet normal 0.823132 0 -0.56785
    outer loop
      vertex -6.93458 -1.75 19.7369
      vertex -7.82542 -1.75 18.4455
      vertex -7.82542 1.75 18.4455
    endloop
  endfacet
  facet normal 0.823132 0 -0.56785
    outer loop
      vertex -6.93458 -1.75 19.7369
      vertex -7.82542 1.75 18.4455
      vertex -6.93458 1.75 19.7369
    endloop
  endfacet
  facet normal 0.909233 0 -0.416287
    outer loop
      vertex -7.82542 -1.75 18.4455
      vertex -8.4785 -1.75 17.0191
      vertex -8.4785 1.75 17.0191
    endloop
  endfacet
  facet normal 0.909233 0 -0.416287
    outer loop
      vertex -7.82542 -1.75 18.4455
      vertex -8.4785 1.75 17.0191
      vertex -7.82542 1.75 18.4455
    endloop
  endfacet
  facet normal 0.967707 0 -0.252076
    outer loop
      vertex -8.4785 -1.75 17.0191
      vertex -8.87395 -1.75 15.501
      vertex -8.87395 1.75 15.501
    endloop
  endfacet
  facet normal 0.967707 0 -0.252076
    outer loop
      vertex -8.4785 -1.75 17.0191
      vertex -8.87395 1.75 15.501
      vertex -8.4785 1.75 17.0191
    endloop
  endfacet
  facet normal 0.996778 0 -0.0802061
    outer loop
      vertex -8.87395 -1.75 15.501
      vertex -8.99978 -1.75 13.9372
      vertex -8.99978 1.75 13.9372
    endloop
  endfacet
  facet normal 0.996778 0 -0.0802061
    outer loop
      vertex -8.87395 -1.75 15.501
      vertex -8.99978 1.75 13.9372
      vertex -8.87395 1.75 15.501
    endloop
  endfacet
  facet normal 0.995563 0 0.0941012
    outer loop
      vertex -8.99978 -1.75 13.9372
      vertex -8.85215 -1.75 12.3754
      vertex -8.85215 1.75 12.3754
    endloop
  endfacet
  facet normal 0.995563 -0 0.0941012
    outer loop
      vertex -8.99978 -1.75 13.9372
      vertex -8.85215 1.75 12.3754
      vertex -8.99978 1.75 13.9372
    endloop
  endfacet
  facet normal 0.964097 0 0.265549
    outer loop
      vertex -8.85215 -1.75 12.3754
      vertex -8.43556 -1.75 10.8629
      vertex -8.43556 1.75 10.8629
    endloop
  endfacet
  facet normal 0.964097 -0 0.265549
    outer loop
      vertex -8.85215 -1.75 12.3754
      vertex -8.43556 1.75 10.8629
      vertex -8.85215 1.75 12.3754
    endloop
  endfacet
  facet normal 0.903338 0 0.428929
    outer loop
      vertex -8.43556 -1.75 10.8629
      vertex -7.76266 -1.75 9.44575
      vertex -7.76266 1.75 9.44575
    endloop
  endfacet
  facet normal 0.903338 -0 0.428929
    outer loop
      vertex -8.43556 -1.75 10.8629
      vertex -7.76266 1.75 9.44575
      vertex -8.43556 1.75 10.8629
    endloop
  endfacet
  facet normal 0.815132 0 0.579275
    outer loop
      vertex -7.76266 -1.75 9.44575
      vertex -6.85389 -1.75 8.16697
      vertex -6.85389 1.75 8.16697
    endloop
  endfacet
  facet normal 0.815132 -0 0.579275
    outer loop
      vertex -7.76266 -1.75 9.44575
      vertex -6.85389 1.75 8.16697
      vertex -7.76266 1.75 9.44575
    endloop
  endfacet
  facet normal 0.702158 0 0.712021
    outer loop
      vertex -6.85389 -1.75 8.16697
      vertex -5.73687 -1.75 7.06542
      vertex -5.73687 1.75 7.06542
    endloop
  endfacet
  facet normal 0.702158 -0 0.712021
    outer loop
      vertex -6.85389 -1.75 8.16697
      vertex -5.73687 1.75 7.06542
      vertex -6.85389 1.75 8.16697
    endloop
  endfacet
  facet normal 0.56785 0 0.823132
    outer loop
      vertex -5.73687 -1.75 7.06542
      vertex -4.44553 -1.75 6.17458
      vertex -4.44553 1.75 6.17458
    endloop
  endfacet
  facet normal 0.56785 -0 0.823132
    outer loop
      vertex -5.73687 -1.75 7.06542
      vertex -4.44553 1.75 6.17458
      vertex -5.73687 1.75 7.06542
    endloop
  endfacet
  facet normal 0.416287 0 0.909233
    outer loop
      vertex -4.44553 -1.75 6.17458
      vertex -3.01913 -1.75 5.5215
      vertex -3.01913 1.75 5.5215
    endloop
  endfacet
  facet normal 0.416287 -0 0.909233
    outer loop
      vertex -4.44553 -1.75 6.17458
      vertex -3.01913 1.75 5.5215
      vertex -4.44553 1.75 6.17458
    endloop
  endfacet
  facet normal 0.252076 0 0.967707
    outer loop
      vertex -3.01913 -1.75 5.5215
      vertex -1.50098 -1.75 5.12605
      vertex -1.50098 1.75 5.12605
    endloop
  endfacet
  facet normal 0.252076 -0 0.967707
    outer loop
      vertex -3.01913 -1.75 5.5215
      vertex -1.50098 1.75 5.12605
      vertex -3.01913 1.75 5.5215
    endloop
  endfacet
  facet normal 0.0802061 0 0.996778
    outer loop
      vertex -1.50098 -1.75 5.12605
      vertex 0.0627666 -1.75 5.00022
      vertex 0.0627666 1.75 5.00022
    endloop
  endfacet
  facet normal 0.0802061 -0 0.996778
    outer loop
      vertex -1.50098 -1.75 5.12605
      vertex 0.0627666 1.75 5.00022
      vertex -1.50098 1.75 5.12605
    endloop
  endfacet
  facet normal -0.0941012 0 0.995563
    outer loop
      vertex 0.0627666 -1.75 5.00022
      vertex 1.62461 -1.75 5.14785
      vertex 1.62461 1.75 5.14785
    endloop
  endfacet
  facet normal -0.0941012 0 0.995563
    outer loop
      vertex 0.0627666 -1.75 5.00022
      vertex 1.62461 1.75 5.14785
      vertex 0.0627666 1.75 5.00022
    endloop
  endfacet
  facet normal -0.265549 0 0.964097
    outer loop
      vertex 1.62461 -1.75 5.14785
      vertex 3.13709 -1.75 5.56444
      vertex 3.13709 1.75 5.56444
    endloop
  endfacet
  facet normal -0.265549 0 0.964097
    outer loop
      vertex 1.62461 -1.75 5.14785
      vertex 3.13709 1.75 5.56444
      vertex 1.62461 1.75 5.14785
    endloop
  endfacet
  facet normal -0.428929 0 0.903338
    outer loop
      vertex 3.13709 -1.75 5.56444
      vertex 4.55425 -1.75 6.23734
      vertex 4.55425 1.75 6.23734
    endloop
  endfacet
  facet normal -0.428929 0 0.903338
    outer loop
      vertex 3.13709 -1.75 5.56444
      vertex 4.55425 1.75 6.23734
      vertex 3.13709 1.75 5.56444
    endloop
  endfacet
  facet normal -0.579275 0 0.815132
    outer loop
      vertex 4.55425 -1.75 6.23734
      vertex 5.83303 -1.75 7.14611
      vertex 5.83303 1.75 7.14611
    endloop
  endfacet
  facet normal -0.579275 0 0.815132
    outer loop
      vertex 4.55425 -1.75 6.23734
      vertex 5.83303 1.75 7.14611
      vertex 4.55425 1.75 6.23734
    endloop
  endfacet
  facet normal -0.648114 0 0.761543
    outer loop
      vertex 5.83303 -1.75 7.14611
      vertex 81.9873 -1.75 71.9576
      vertex 81.9873 1.75 71.9576
    endloop
  endfacet
  facet normal -0.648114 0 0.761543
    outer loop
      vertex 5.83303 -1.75 7.14611
      vertex 81.9873 1.75 71.9576
      vertex 5.83303 1.75 7.14611
    endloop
  endfacet
  facet normal -0.712021 0 0.702158
    outer loop
      vertex 81.9873 -1.75 71.9576
      vertex 83.0889 -1.75 73.0746
      vertex 83.0889 1.75 73.0746
    endloop
  endfacet
  facet normal -0.712021 0 0.702158
    outer loop
      vertex 81.9873 -1.75 71.9576
      vertex 83.0889 1.75 73.0746
      vertex 81.9873 1.75 71.9576
    endloop
  endfacet
  facet normal -0.823132 0 0.56785
    outer loop
      vertex 83.0889 -1.75 73.0746
      vertex 83.9797 -1.75 74.3659
      vertex 83.9797 1.75 74.3659
    endloop
  endfacet
  facet normal -0.823132 0 0.56785
    outer loop
      vertex 83.0889 -1.75 73.0746
      vertex 83.9797 1.75 74.3659
      vertex 83.0889 1.75 73.0746
    endloop
  endfacet
  facet normal -0.909233 0 0.416287
    outer loop
      vertex 83.9797 -1.75 74.3659
      vertex 84.6328 -1.75 75.7923
      vertex 84.6328 1.75 75.7923
    endloop
  endfacet
  facet normal -0.909233 0 0.416287
    outer loop
      vertex 83.9797 -1.75 74.3659
      vertex 84.6328 1.75 75.7923
      vertex 83.9797 1.75 74.3659
    endloop
  endfacet
  facet normal -0.967707 0 0.252076
    outer loop
      vertex 84.6328 -1.75 75.7923
      vertex 85.0283 -1.75 77.3105
      vertex 85.0283 1.75 77.3105
    endloop
  endfacet
  facet normal -0.967707 0 0.252076
    outer loop
      vertex 84.6328 -1.75 75.7923
      vertex 85.0283 1.75 77.3105
      vertex 84.6328 1.75 75.7923
    endloop
  endfacet
  facet normal -0.996778 0 0.0802061
    outer loop
      vertex 85.0283 -1.75 77.3105
      vertex 85.1541 -1.75 78.8742
      vertex 85.1541 1.75 78.8742
    endloop
  endfacet
  facet normal -0.996778 0 0.0802061
    outer loop
      vertex 85.0283 -1.75 77.3105
      vertex 85.1541 1.75 78.8742
      vertex 85.0283 1.75 77.3105
    endloop
  endfacet
  facet normal -0.995563 0 -0.0941012
    outer loop
      vertex 85.1541 -1.75 78.8742
      vertex 85.0065 -1.75 80.4361
      vertex 85.0065 1.75 80.4361
    endloop
  endfacet
  facet normal -0.995563 0 -0.0941012
    outer loop
      vertex 85.1541 -1.75 78.8742
      vertex 85.0065 1.75 80.4361
      vertex 85.1541 1.75 78.8742
    endloop
  endfacet
  facet normal -0.964097 0 -0.265549
    outer loop
      vertex 85.0065 -1.75 80.4361
      vertex 84.5899 -1.75 81.9485
      vertex 84.5899 1.75 81.9485
    endloop
  endfacet
  facet normal -0.964097 0 -0.265549
    outer loop
      vertex 85.0065 -1.75 80.4361
      vertex 84.5899 1.75 81.9485
      vertex 85.0065 1.75 80.4361
    endloop
  endfacet
  facet normal -0.903338 0 -0.428929
    outer loop
      vertex 84.5899 -1.75 81.9485
      vertex 83.917 -1.75 83.3657
      vertex 83.917 1.75 83.3657
    endloop
  endfacet
  facet normal -0.903338 0 -0.428929
    outer loop
      vertex 84.5899 -1.75 81.9485
      vertex 83.917 1.75 83.3657
      vertex 84.5899 1.75 81.9485
    endloop
  endfacet
  facet normal -0.815132 0 -0.579275
    outer loop
      vertex 83.917 -1.75 83.3657
      vertex 83.0082 -1.75 84.6445
      vertex 83.0082 1.75 84.6445
    endloop
  endfacet
  facet normal -0.815132 0 -0.579275
    outer loop
      vertex 83.917 -1.75 83.3657
      vertex 83.0082 1.75 84.6445
      vertex 83.917 1.75 83.3657
    endloop
  endfacet
  facet normal -0.702158 0 -0.712021
    outer loop
      vertex 83.0082 -1.75 84.6445
      vertex 81.8912 -1.75 85.746
      vertex 81.8912 1.75 85.746
    endloop
  endfacet
  facet normal -0.702158 0 -0.712021
    outer loop
      vertex 83.0082 -1.75 84.6445
      vertex 81.8912 1.75 85.746
      vertex 83.0082 1.75 84.6445
    endloop
  endfacet
  facet normal -0.56785 0 -0.823132
    outer loop
      vertex 81.8912 -1.75 85.746
      vertex 80.5998 -1.75 86.6369
      vertex 80.5998 1.75 86.6369
    endloop
  endfacet
  facet normal -0.56785 0 -0.823132
    outer loop
      vertex 81.8912 -1.75 85.746
      vertex 80.5998 1.75 86.6369
      vertex 81.8912 1.75 85.746
    endloop
  endfacet
  facet normal -0.416287 0 -0.909233
    outer loop
      vertex 80.5998 -1.75 86.6369
      vertex 79.1734 -1.75 87.2899
      vertex 79.1734 1.75 87.2899
    endloop
  endfacet
  facet normal -0.416287 0 -0.909233
    outer loop
      vertex 80.5998 -1.75 86.6369
      vertex 79.1734 1.75 87.2899
      vertex 80.5998 1.75 86.6369
    endloop
  endfacet
  facet normal -0.252076 0 -0.967707
    outer loop
      vertex 79.1734 -1.75 87.2899
      vertex 77.6553 -1.75 87.6854
      vertex 77.6553 1.75 87.6854
    endloop
  endfacet
  facet normal -0.252076 0 -0.967707
    outer loop
      vertex 79.1734 -1.75 87.2899
      vertex 77.6553 1.75 87.6854
      vertex 79.1734 1.75 87.2899
    endloop
  endfacet
  facet normal -0.0802061 0 -0.996778
    outer loop
      vertex 77.6553 -1.75 87.6854
      vertex 76.0915 -1.75 87.8112
      vertex 76.0915 1.75 87.8112
    endloop
  endfacet
  facet normal -0.0802061 0 -0.996778
    outer loop
      vertex 77.6553 -1.75 87.6854
      vertex 76.0915 1.75 87.8112
      vertex 77.6553 1.75 87.6854
    endloop
  endfacet
  facet normal 0.0941012 0 -0.995563
    outer loop
      vertex 76.0915 -1.75 87.8112
      vertex 74.5297 -1.75 87.6636
      vertex 74.5297 1.75 87.6636
    endloop
  endfacet
  facet normal 0.0941012 0 -0.995563
    outer loop
      vertex 76.0915 -1.75 87.8112
      vertex 74.5297 1.75 87.6636
      vertex 76.0915 1.75 87.8112
    endloop
  endfacet
  facet normal 0.265549 0 -0.964097
    outer loop
      vertex 74.5297 -1.75 87.6636
      vertex 73.0172 -1.75 87.247
      vertex 73.0172 1.75 87.247
    endloop
  endfacet
  facet normal 0.265549 0 -0.964097
    outer loop
      vertex 74.5297 -1.75 87.6636
      vertex 73.0172 1.75 87.247
      vertex 74.5297 1.75 87.6636
    endloop
  endfacet
  facet normal 0.428929 0 -0.903338
    outer loop
      vertex 73.0172 -1.75 87.247
      vertex 71.6 -1.75 86.5741
      vertex 71.6 1.75 86.5741
    endloop
  endfacet
  facet normal 0.428929 0 -0.903338
    outer loop
      vertex 73.0172 -1.75 87.247
      vertex 71.6 1.75 86.5741
      vertex 73.0172 1.75 87.247
    endloop
  endfacet
  facet normal 0.579275 0 -0.815132
    outer loop
      vertex 71.6 -1.75 86.5741
      vertex 70.3213 -1.75 85.6653
      vertex 70.3213 1.75 85.6653
    endloop
  endfacet
  facet normal 0.579275 0 -0.815132
    outer loop
      vertex 71.6 -1.75 86.5741
      vertex 70.3213 1.75 85.6653
      vertex 71.6 1.75 86.5741
    endloop
  endfacet
  facet normal 0.648114 0 -0.761543
    outer loop
      vertex 70.3213 -1.75 85.6653
      vertex -5.83303 -1.75 20.8539
      vertex -5.83303 1.75 20.8539
    endloop
  endfacet
  facet normal 0.648114 0 -0.761543
    outer loop
      vertex 70.3213 -1.75 85.6653
      vertex -5.83303 1.75 20.8539
      vertex 70.3213 1.75 85.6653
    endloop
  endfacet
  facet normal 0 1 0
    outer loop
      vertex 38.0771 -1.75 46.4057
      vertex -6.93458 -1.75 19.7369
      vertex -5.83303 -1.75 20.8539
    endloop
  endfacet
  facet normal 0 -1 0
    outer loop
      vertex 38.0771 1.75 46.4057
      vertex -5.83303 1.75 20.8539
      vertex -6.93458 1.75 19.7369
    endloop
  endfacet
  facet normal 0 1 0
    outer loop
      vertex 38.0771 -1.75 46.4057
      vertex -7.82542 -1.75 18.4455
      vertex -6.93458 -1.75 19.7369
    endloop
  endfacet
  facet normal 0 -1 0
    outer loop
      vertex 38.0771 1.75 46.4057
      vertex -6.93458 1.75 19.7369
      vertex -7.82542 1.75 18.4455
    endloop
  endfacet
  facet normal 0 1 0
    outer loop
      vertex 38.0771 -1.75 46.4057
      vertex -8.4785 -1.75 17.0191
      vertex -7.82542 -1.75 18.4455
    endloop
  endfacet
  facet normal 0 -1 0
    outer loop
      vertex 38.0771 1.75 46.4057
      vertex -7.82542 1.75 18.4455
      vertex -8.4785 1.75 17.0191
    endloop
  endfacet
  facet normal 0 1 0
    outer loop
      vertex 38.0771 -1.75 46.4057
      vertex -8.87395 -1.75 15.501
      vertex -8.4785 -1.75 17.0191
    endloop
  endfacet
  facet normal 0 -1 0
    outer loop
      vertex 38.0771 1.75 46.4057
      vertex -8.4785 1.75 17.0191
      vertex -8.87395 1.75 15.501
    endloop
  endfacet
  facet normal 0 1 0
    outer loop
      vertex 38.0771 -1.75 46.4057
      vertex -8.99978 -1.75 13.9372
      vertex -8.87395 -1.75 15.501
    endloop
  endfacet
  facet normal 0 -1 0
    outer loop
      vertex 38.0771 1.75 46.4057
      vertex -8.87395 1.75 15.501
      vertex -8.99978 1.75 13.9372
    endloop
  endfacet
  facet normal 0 1 0
    outer loop
      vertex 38.0771 -1.75 46.4057
      vertex -8.85215 -1.75 12.3754
      vertex -8.99978 -1.75 13.9372
    endloop
  endfacet
  facet normal 0 -1 0
    outer loop
      vertex 38.0771 1.75 46.4057
      vertex -8.99978 1.75 13.9372
      vertex -8.85215 1.75 12.3754
    endloop
  endfacet
  facet normal 0 1 0
    outer loop
      vertex 38.0771 -1.75 46.4057
      vertex -8.43556 -1.75 10.8629
      vertex -8.85215 -1.75 12.3754
    endloop
  endfacet
  facet normal 0 -1 0
    outer loop
      vertex 38.0771 1.75 46.4057
      vertex -8.85215 1.75 12.3754
      vertex -8.43556 1.75 10.8629
    endloop
  endfacet
  facet normal 0 1 0
    outer loop
      vertex 38.0771 -1.75 46.4057
      vertex -7.76266 -1.75 9.44575
      vertex -8.43556 -1.75 10.8629
    endloop
  endfacet
  facet normal 0 -1 0
    outer loop
      vertex 38.0771 1.75 46.4057
      vertex -8.43556 1.75 10.8629
      vertex -7.76266 1.75 9.44575
    endloop
  endfacet
  facet normal 0 1 0
    outer loop
      vertex 38.0771 -1.75 46.4057
      vertex -6.85389 -1.75 8.16697
      vertex -7.76266 -1.75 9.44575
    endloop
  endfacet
  facet normal 0 -1 0
    outer loop
      vertex 38.0771 1.75 46.4057
      vertex -7.76266 1.75 9.44575
      vertex -6.85389 1.75 8.16697
    endloop
  endfacet
  facet normal 0 1 0
    outer loop
      vertex 38.0771 -1.75 46.4057
      vertex -5.73687 -1.75 7.06542
      vertex -6.85389 -1.75 8.16697
    endloop
  endfacet
  facet normal 0 -1 0
    outer loop
      vertex 38.0771 1.75 46.4057
      vertex -6.85389 1.75 8.16697
      vertex -5.73687 1.75 7.06542
    endloop
  endfacet
  facet normal 0 1 0
    outer loop
      vertex 38.0771 -1.75 46.4057
      vertex -4.44553 -1.75 6.17458
      vertex -5.73687 -1.75 7.06542
    endloop
  endfacet
  facet normal 0 -1 0
    outer loop
      vertex 38.0771 1.75 46.4057
      vertex -5.73687 1.75 7.06542
      vertex -4.44553 1.75 6.17458
    endloop
  endfacet
  facet normal 0 1 0
    outer loop
      vertex 38.0771 -1.75 46.4057
      vertex -3.01913 -1.75 5.5215
      vertex -4.44553 -1.75 6.17458
    endloop
  endfacet
  facet normal 0 -1 0
    outer loop
      vertex 38.0771 1.75 46.4057
      vertex -4.44553 1.75 6.17458
      vertex -3.01913 1.75 5.5215
    endloop
  endfacet
  facet normal 0 1 0
    outer loop
      vertex 38.0771 -1.75 46.4057
      vertex -1.50098 -1.75 5.12605
      vertex -3.01913 -1.75 5.5215
    endloop
  endfacet
  facet normal 0 -1 0
    outer loop
      vertex 38.0771 1.75 46.4057
      vertex -3.01913 1.75 5.5215
      vertex -1.50098 1.75 5.12605
    endloop
  endfacet
  facet normal 0 1 0
    outer loop
      vertex 38.0771 -1.75 46.4057
      vertex 0.0627666 -1.75 5.00022
      vertex -1.50098 -1.75 5.12605
    endloop
  endfacet
  facet normal 0 -1 0
    outer loop
      vertex 38.0771 1.75 46.4057
      vertex -1.50098 1.75 5.12605
      vertex 0.0627666 1.75 5.00022
    endloop
  endfacet
  facet normal 0 1 0
    outer loop
      vertex 38.0771 -1.75 46.4057
      vertex 1.62461 -1.75 5.14785
      vertex 0.0627666 -1.75 5.00022
    endloop
  endfacet
  facet normal 0 -1 0
    outer loop
      vertex 38.0771 1.75 46.4057
      vertex 0.0627666 1.75 5.00022
      vertex 1.62461 1.75 5.14785
    endloop
  endfacet
  facet normal 0 1 0
    outer loop
      vertex 38.0771 -1.75 46.4057
      vertex 3.13709 -1.75 5.56444
      vertex 1.62461 -1.75 5.14785
    endloop
  endfacet
  facet normal 0 -1 0
    outer loop
      vertex 38.0771 1.75 46.4057
      vertex 1.62461 1.75 5.14785
      vertex 3.13709 1.75 5.56444
    endloop
  endfacet
  facet normal 0 1 0
    outer loop
      vertex 38.0771 -1.75 46.4057
      vertex 4.55425 -1.75 6.23734
      vertex 3.13709 -1.75 5.56444
    endloop
  endfacet
  facet normal 0 -1 0
    outer loop
      vertex 38.0771 1.75 46.4057
      vertex 3.13709 1.75 5.56444
      vertex 4.55425 1.75 6.23734
    endloop
  endfacet
  facet normal 0 1 0
    outer loop
      vertex 38.0771 -1.75 46.4057
      vertex 5.83303 -1.75 7.14611
      vertex 4.55425 -1.75 6.23734
    endloop
  endfacet
  facet normal 0 -1 0
    outer loop
      vertex 38.0771 1.75 46.4057
      vertex 4.55425 1.75 6.23734
      vertex 5.83303 1.75 7.14611
    endloop
  endfacet
  facet normal -0 1 0
    outer loop
      vertex 38.0771 -1.75 46.4057
      vertex 81.9873 -1.75 71.9576
      vertex 5.83303 -1.75 7.14611
    endloop
  endfacet
  facet normal 0 -1 -0
    outer loop
      vertex 38.0771 1.75 46.4057
      vertex 5.83303 1.75 7.14611
      vertex 81.9873 1.75 71.9576
    endloop
  endfacet
  facet normal 0 1 0
    outer loop
      vertex 38.0771 -1.75 46.4057
      vertex 83.0889 -1.75 73.0746
      vertex 81.9873 -1.75 71.9576
    endloop
  endfacet
  facet normal 0 -1 0
    outer loop
      vertex 38.0771 1.75 46.4057
      vertex 81.9873 1.75 71.9576
      vertex 83.0889 1.75 73.0746
    endloop
  endfacet
  facet normal 0 1 0
    outer loop
      vertex 38.0771 -1.75 46.4057
      vertex 83.9797 -1.75 74.3659
      vertex 83.0889 -1.75 73.0746
    endloop
  endfacet
  facet normal 0 -1 0
    outer loop
      vertex 38.0771 1.75 46.4057
      vertex 83.0889 1.75 73.0746
      vertex 83.9797 1.75 74.3659
    endloop
  endfacet
  facet normal 0 1 0
    outer loop
      vertex 38.0771 -1.75 46.4057
      vertex 84.6328 -1.75 75.7923
      vertex 83.9797 -1.75 74.3659
    endloop
  endfacet
  facet normal 0 -1 0
    outer loop
      vertex 38.0771 1.75 46.4057
      vertex 83.9797 1.75 74.3659
      vertex 84.6328 1.75 75.7923
    endloop
  endfacet
  facet normal 0 1 0
    outer loop
      vertex 38.0771 -1.75 46.4057
      vertex 85.0283 -1.75 77.3105
      vertex 84.6328 -1.75 75.7923
    endloop
  endfacet
  facet normal 0 -1 0
    outer loop
      vertex 38.0771 1.75 46.4057
      vertex 84.6328 1.75 75.7923
      vertex 85.0283 1.75 77.3105
    endloop
  endfacet
  facet normal 0 1 0
    outer loop
      vertex 38.0771 -1.75 46.4057
      vertex 85.1541 -1.75 78.8742
      vertex 85.0283 -1.75 77.3105
    endloop
  endfacet
  facet normal 0 -1 0
    outer loop
      vertex 38.0771 1.75 46.4057
      vertex 85.0283 1.75 77.3105
      vertex 85.1541 1.75 78.8742
    endloop
  endfacet
  facet normal 0 1 0
    outer loop
      vertex 38.0771 -1.75 46.4057
      vertex 85.0065 -1.75 80.4361
      vertex 85.1541 -1.75 78.8742
    endloop
  endfacet
  facet normal 0 -1 0
    outer loop
      vertex 38.0771 1.75 46.4057
      vertex 85.1541 1.75 78.8742
      vertex 85.0065 1.75 80.4361
    endloop
  endfacet
  facet normal 0 1 0
    outer loop
      vertex 38.0771 -1.75 46.4057
      vertex 84.5899 -1.75 81.9485
      vertex 85.0065 -1.75 80.4361
    endloop
  endfacet
  facet normal 0 -1 0
    outer loop
      vertex 38.0771 1.75 46.4057
      vertex 85.0065 1.75 80.4361
      vertex 84.5899 1.75 81.9485
    endloop
  endfacet
  facet normal 0 1 0
    outer loop
      vertex 38.0771 -1.75 46.4057
      vertex 83.917 -1.75 83.3657
      vertex 84.5899 -1.75 81.9485
    endloop
  endfacet
  facet normal 0 -1 0
    outer loop
      vertex 38.0771 1.75 46.4057
      vertex 84.5899 1.75 81.9485
      vertex 83.917 1.75 83.3657
    endloop
  endfacet
  facet normal 0 1 0
    outer loop
      vertex 38.0771 -1.75 46.4057
      vertex 83.0082 -1.75 84.6445
      vertex 83.917 -1.75 83.3657
    endloop
  endfacet
  facet normal 0 -1 0
    outer loop
      vertex 38.0771 1.75 46.4057
      vertex 83.917 1.75 83.3657
      vertex 83.0082 1.75 84.6445
    endloop
  endfacet
  facet normal 0 1 0
    outer loop
      vertex 38.0771 -1.75 46.4057
      vertex 81.8912 -1.75 85.746
      vertex 83.0082 -1.75 84.6445
    endloop
  endfacet
  facet normal 0 -1 0
    outer loop
      vertex 38.0771 1.75 46.4057
      vertex 83.0082 1.75 84.6445
      vertex 81.8912 1.75 85.746
    endloop
  endfacet
  facet normal 0 1 0
    outer loop
      vertex 38.0771 -1.75 46.4057
      vertex 80.5998 -1.75 86.6369
      vertex 81.8912 -1.75 85.746
    endloop
  endfacet
  facet normal 0 -1 0
    outer loop
      vertex 38.0771 1.75 46.4057
      vertex 81.8912 1.75 85.746
      vertex 80.5998 1.75 86.6369
    endloop
  endfacet
  facet normal 0 1 0
    outer loop
      vertex 38.0771 -1.75 46.4057
      vertex 79.1734 -1.75 87.2899
      vertex 80.5998 -1.75 86.6369
    endloop
  endfacet
  facet normal 0 -1 0
    outer loop
      vertex 38.0771 1.75 46.4057
      vertex 80.5998 1.75 86.6369
      vertex 79.1734 1.75 87.2899
    endloop
  endfacet
  facet normal 0 1 0
    outer loop
      vertex 38.0771 -1.75 46.4057
      vertex 77.6553 -1.75 87.6854
      vertex 79.1734 -1.75 87.2899
    endloop
  endfacet
  facet normal 0 -1 0
    outer loop
      vertex 38.0771 1.75 46.4057
      vertex 79.1734 1.75 87.2899
      vertex 77.6553 1.75 87.6854
    endloop
  endfacet
  facet normal 0 1 0
    outer loop
      vertex 38.0771 -1.75 46.4057
      vertex 76.0915 -1.75 87.8112
      vertex 77.6553 -1.75 87.6854
    endloop
  endfacet
  facet normal 0 -1 0
    outer loop
      vertex 38.0771 1.75 46.4057
      vertex 77.6553 1.75 87.6854
      vertex 76.0915 1.75 87.8112
    endloop
  endfacet
  facet normal 0 1 0
    outer loop
      vertex 38.0771 -1.75 46.4057
      vertex 74.5297 -1.75 87.6636
      vertex 76.0915 -1.75 87.8112
    endloop
  endfacet
  facet normal 0 -1 0
    outer loop
      vertex 38.0771 1.75 46.4057
      vertex 76.0915 1.75 87.8112
      vertex 74.5297 1.75 87.6636
    endloop
  endfacet
  facet normal 0 1 0
    outer loop
      vertex 38.0771 -1.75 46.4057
      vertex 73.0172 -1.75 87.247
      vertex 74.5297 -1.75 87.6636
    endloop
  endfacet
  facet normal 0 -1 0
    outer loop
      vertex 38.0771 1.75 46.4057
      vertex 74.5297 1.75 87.6636
      vertex 73.0172 1.75 87.247
    endloop
  endfacet
  facet normal 0 1 0
    outer loop
      vertex 38.0771 -1.75 46.4057
      vertex 71.6 -1.75 86.5741
      vertex 73.0172 -1.75 87.247
    endloop
  endfacet
  facet normal 0 -1 0
    outer loop
      vertex 38.0771 1.75 46.4057
      vertex 73.0172 1.75 87.247
      vertex 71.6 1.75 86.5741
    endloop
  endfacet
  facet normal 0 1 0
    outer loop
      vertex 38.0771 -1.75 46.4057
      vertex 70.3213 -1.75 85.6653
      vertex 71.6 -1.75 86.5741
    endloop
  endfacet
  facet normal 0 -1 0
    outer loop
      vertex 38.0771 1.75 46.4057
      vertex 71.6 1.75 86.5741
      vertex 70.3213 1.75 85.6653
    endloop
  endfacet
  facet normal 0 1 -0
    outer loop
      vertex 38.0771 -1.75 46.4057
      vertex -5.83303 -1.75 20.8539
      vertex 70.3213 -1.75 85.6653
    endloop
  endfacet
  facet normal -0 -1 0
    outer loop
      vertex 38.0771 1.75 46.4057
      vertex 70.3213 1.75 85.6653
      vertex -5.83303 1.75 20.8539
    endloop
  endfacet
  facet normal 0.496318 0 0.868141
    outer loop
      vertex 71.0235 63.0614 -21.3942
      vertex 72.3854 63.0614 -22.1728
      vertex 72.3854 66.5614 -22.1728
    endloop
  endfacet
  facet normal 0.496318 -0 0.868141
    outer loop
      vertex 71.0235 63.0614 -21.3942
      vertex 72.3854 66.5614 -22.1728
      vertex 71.0235 66.5614 -21.3942
    endloop
  endfacet
  facet normal 0.338027 0 0.941136
    outer loop
      vertex 72.3854 63.0614 -22.1728
      vertex 73.8619 63.0614 -22.7031
      vertex 73.8619 66.5614 -22.7031
    endloop
  endfacet
  facet normal 0.338027 -0 0.941136
    outer loop
      vertex 72.3854 63.0614 -22.1728
      vertex 73.8619 66.5614 -22.7031
      vertex 72.3854 66.5614 -22.1728
    endloop
  endfacet
  facet normal 0.169465 0 0.985536
    outer loop
      vertex 73.8619 63.0614 -22.7031
      vertex 75.408 63.0614 -22.969
      vertex 75.408 66.5614 -22.969
    endloop
  endfacet
  facet normal 0.169465 -0 0.985536
    outer loop
      vertex 73.8619 63.0614 -22.7031
      vertex 75.408 66.5614 -22.969
      vertex 73.8619 66.5614 -22.7031
    endloop
  endfacet
  facet normal -0.00424618 0 0.999991
    outer loop
      vertex 75.408 63.0614 -22.969
      vertex 76.9768 63.0614 -22.9623
      vertex 76.9768 66.5614 -22.9623
    endloop
  endfacet
  facet normal -0.00424618 0 0.999991
    outer loop
      vertex 75.408 63.0614 -22.969
      vertex 76.9768 66.5614 -22.9623
      vertex 75.408 66.5614 -22.969
    endloop
  endfacet
  facet normal -0.177828 0 0.984062
    outer loop
      vertex 76.9768 63.0614 -22.9623
      vertex 78.5206 63.0614 -22.6834
      vertex 78.5206 66.5614 -22.6834
    endloop
  endfacet
  facet normal -0.177828 0 0.984062
    outer loop
      vertex 76.9768 63.0614 -22.9623
      vertex 78.5206 66.5614 -22.6834
      vertex 76.9768 66.5614 -22.9623
    endloop
  endfacet
  facet normal -0.346007 0 0.938232
    outer loop
      vertex 78.5206 63.0614 -22.6834
      vertex 79.9925 63.0614 -22.1405
      vertex 79.9925 66.5614 -22.1405
    endloop
  endfacet
  facet normal -0.346007 0 0.938232
    outer loop
      vertex 78.5206 63.0614 -22.6834
      vertex 79.9925 66.5614 -22.1405
      vertex 78.5206 66.5614 -22.6834
    endloop
  endfacet
  facet normal -0.503673 0 0.863895
    outer loop
      vertex 79.9925 63.0614 -22.1405
      vertex 81.3477 63.0614 -21.3504
      vertex 81.3477 66.5614 -21.3504
    endloop
  endfacet
  facet normal -0.503673 0 0.863895
    outer loop
      vertex 79.9925 63.0614 -22.1405
      vertex 81.3477 66.5614 -21.3504
      vertex 79.9925 66.5614 -22.1405
    endloop
  endfacet
  facet normal -0.646035 0 0.763308
    outer loop
      vertex 81.3477 63.0614 -21.3504
      vertex 82.5452 63.0614 -20.3369
      vertex 82.5452 66.5614 -20.3369
    endloop
  endfacet
  facet normal -0.646035 0 0.763308
    outer loop
      vertex 81.3477 63.0614 -21.3504
      vertex 82.5452 66.5614 -20.3369
      vertex 81.3477 66.5614 -21.3504
    endloop
  endfacet
  facet normal -0.768767 0 0.639529
    outer loop
      vertex 82.5452 63.0614 -20.3369
      vertex 83.5485 63.0614 -19.1308
      vertex 83.5485 66.5614 -19.1308
    endloop
  endfacet
  facet normal -0.768767 0 0.639529
    outer loop
      vertex 82.5452 63.0614 -20.3369
      vertex 83.5485 66.5614 -19.1308
      vertex 82.5452 66.5614 -20.3369
    endloop
  endfacet
  facet normal -0.868141 0 0.496318
    outer loop
      vertex 83.5485 63.0614 -19.1308
      vertex 84.3271 63.0614 -17.7689
      vertex 84.3271 66.5614 -17.7689
    endloop
  endfacet
  facet normal -0.868141 0 0.496318
    outer loop
      vertex 83.5485 63.0614 -19.1308
      vertex 84.3271 66.5614 -17.7689
      vertex 83.5485 66.5614 -19.1308
    endloop
  endfacet
  facet normal -0.941136 0 0.338027
    outer loop
      vertex 84.3271 63.0614 -17.7689
      vertex 84.8574 63.0614 -16.2924
      vertex 84.8574 66.5614 -16.2924
    endloop
  endfacet
  facet normal -0.941136 0 0.338027
    outer loop
      vertex 84.3271 63.0614 -17.7689
      vertex 84.8574 66.5614 -16.2924
      vertex 84.3271 66.5614 -17.7689
    endloop
  endfacet
  facet normal -0.985536 0 0.169465
    outer loop
      vertex 84.8574 63.0614 -16.2924
      vertex 85.1233 63.0614 -14.7463
      vertex 85.1233 66.5614 -14.7463
    endloop
  endfacet
  facet normal -0.985536 0 0.169465
    outer loop
      vertex 84.8574 63.0614 -16.2924
      vertex 85.1233 66.5614 -14.7463
      vertex 84.8574 66.5614 -16.2924
    endloop
  endfacet
  facet normal -0.999991 0 -0.00424618
    outer loop
      vertex 85.1233 63.0614 -14.7463
      vertex 85.1166 63.0614 -13.1775
      vertex 85.1166 66.5614 -13.1775
    endloop
  endfacet
  facet normal -0.999991 0 -0.00424618
    outer loop
      vertex 85.1233 63.0614 -14.7463
      vertex 85.1166 66.5614 -13.1775
      vertex 85.1233 66.5614 -14.7463
    endloop
  endfacet
  facet normal -0.984062 0 -0.177828
    outer loop
      vertex 85.1166 63.0614 -13.1775
      vertex 84.8377 63.0614 -11.6337
      vertex 84.8377 66.5614 -11.6337
    endloop
  endfacet
  facet normal -0.984062 0 -0.177828
    outer loop
      vertex 85.1166 63.0614 -13.1775
      vertex 84.8377 66.5614 -11.6337
      vertex 85.1166 66.5614 -13.1775
    endloop
  endfacet
  facet normal -0.938232 0 -0.346007
    outer loop
      vertex 84.8377 63.0614 -11.6337
      vertex 84.2948 63.0614 -10.1618
      vertex 84.2948 66.5614 -10.1618
    endloop
  endfacet
  facet normal -0.938232 0 -0.346007
    outer loop
      vertex 84.8377 63.0614 -11.6337
      vertex 84.2948 66.5614 -10.1618
      vertex 84.8377 66.5614 -11.6337
    endloop
  endfacet
  facet normal -0.863895 0 -0.503673
    outer loop
      vertex 84.2948 63.0614 -10.1618
      vertex 83.5047 63.0614 -8.80655
      vertex 83.5047 66.5614 -8.80655
    endloop
  endfacet
  facet normal -0.863895 0 -0.503673
    outer loop
      vertex 84.2948 63.0614 -10.1618
      vertex 83.5047 66.5614 -8.80655
      vertex 84.2948 66.5614 -10.1618
    endloop
  endfacet
  facet normal -0.763308 0 -0.646035
    outer loop
      vertex 83.5047 63.0614 -8.80655
      vertex 82.4912 63.0614 -7.60907
      vertex 82.4912 66.5614 -7.60907
    endloop
  endfacet
  facet normal -0.763308 0 -0.646035
    outer loop
      vertex 83.5047 63.0614 -8.80655
      vertex 82.4912 66.5614 -7.60907
      vertex 83.5047 66.5614 -8.80655
    endloop
  endfacet
  facet normal -0.639529 0 -0.768767
    outer loop
      vertex 82.4912 63.0614 -7.60907
      vertex 81.2851 63.0614 -6.60578
      vertex 81.2851 66.5614 -6.60578
    endloop
  endfacet
  facet normal -0.639529 0 -0.768767
    outer loop
      vertex 82.4912 63.0614 -7.60907
      vertex 81.2851 66.5614 -6.60578
      vertex 82.4912 66.5614 -7.60907
    endloop
  endfacet
  facet normal -0.570093 0 -0.82158
    outer loop
      vertex 81.2851 63.0614 -6.60578
      vertex -33.7361 63.0614 73.2072
      vertex -33.7361 66.5614 73.2072
    endloop
  endfacet
  facet normal -0.570093 0 -0.82158
    outer loop
      vertex 81.2851 63.0614 -6.60578
      vertex -33.7361 66.5614 73.2072
      vertex 81.2851 66.5614 -6.60578
    endloop
  endfacet
  facet normal -0.496318 0 -0.868141
    outer loop
      vertex -33.7361 63.0614 73.2072
      vertex -35.098 63.0614 73.9859
      vertex -35.098 66.5614 73.9859
    endloop
  endfacet
  facet normal -0.496318 0 -0.868141
    outer loop
      vertex -33.7361 63.0614 73.2072
      vertex -35.098 66.5614 73.9859
      vertex -33.7361 66.5614 73.2072
    endloop
  endfacet
  facet normal -0.338027 0 -0.941136
    outer loop
      vertex -35.098 63.0614 73.9859
      vertex -36.5745 63.0614 74.5162
      vertex -36.5745 66.5614 74.5162
    endloop
  endfacet
  facet normal -0.338027 0 -0.941136
    outer loop
      vertex -35.098 63.0614 73.9859
      vertex -36.5745 66.5614 74.5162
      vertex -35.098 66.5614 73.9859
    endloop
  endfacet
  facet normal -0.169465 0 -0.985536
    outer loop
      vertex -36.5745 63.0614 74.5162
      vertex -38.1206 63.0614 74.782
      vertex -38.1206 66.5614 74.782
    endloop
  endfacet
  facet normal -0.169465 0 -0.985536
    outer loop
      vertex -36.5745 63.0614 74.5162
      vertex -38.1206 66.5614 74.782
      vertex -36.5745 66.5614 74.5162
    endloop
  endfacet
  facet normal 0.00424618 0 -0.999991
    outer loop
      vertex -38.1206 63.0614 74.782
      vertex -39.6894 63.0614 74.7754
      vertex -39.6894 66.5614 74.7754
    endloop
  endfacet
  facet normal 0.00424618 0 -0.999991
    outer loop
      vertex -38.1206 63.0614 74.782
      vertex -39.6894 66.5614 74.7754
      vertex -38.1206 66.5614 74.782
    endloop
  endfacet
  facet normal 0.177828 0 -0.984062
    outer loop
      vertex -39.6894 63.0614 74.7754
      vertex -41.2332 63.0614 74.4964
      vertex -41.2332 66.5614 74.4964
    endloop
  endfacet
  facet normal 0.177828 0 -0.984062
    outer loop
      vertex -39.6894 63.0614 74.7754
      vertex -41.2332 66.5614 74.4964
      vertex -39.6894 66.5614 74.7754
    endloop
  endfacet
  facet normal 0.346007 0 -0.938232
    outer loop
      vertex -41.2332 63.0614 74.4964
      vertex -42.7051 63.0614 73.9536
      vertex -42.7051 66.5614 73.9536
    endloop
  endfacet
  facet normal 0.346007 0 -0.938232
    outer loop
      vertex -41.2332 63.0614 74.4964
      vertex -42.7051 66.5614 73.9536
      vertex -41.2332 66.5614 74.4964
    endloop
  endfacet
  facet normal 0.503673 0 -0.863895
    outer loop
      vertex -42.7051 63.0614 73.9536
      vertex -44.0604 63.0614 73.1634
      vertex -44.0604 66.5614 73.1634
    endloop
  endfacet
  facet normal 0.503673 0 -0.863895
    outer loop
      vertex -42.7051 63.0614 73.9536
      vertex -44.0604 66.5614 73.1634
      vertex -42.7051 66.5614 73.9536
    endloop
  endfacet
  facet normal 0.646035 0 -0.763308
    outer loop
      vertex -44.0604 63.0614 73.1634
      vertex -45.2579 63.0614 72.1499
      vertex -45.2579 66.5614 72.1499
    endloop
  endfacet
  facet normal 0.646035 0 -0.763308
    outer loop
      vertex -44.0604 63.0614 73.1634
      vertex -45.2579 66.5614 72.1499
      vertex -44.0604 66.5614 73.1634
    endloop
  endfacet
  facet normal 0.768767 0 -0.639529
    outer loop
      vertex -45.2579 63.0614 72.1499
      vertex -46.2611 63.0614 70.9439
      vertex -46.2611 66.5614 70.9439
    endloop
  endfacet
  facet normal 0.768767 0 -0.639529
    outer loop
      vertex -45.2579 63.0614 72.1499
      vertex -46.2611 66.5614 70.9439
      vertex -45.2579 66.5614 72.1499
    endloop
  endfacet
  facet normal 0.868141 0 -0.496318
    outer loop
      vertex -46.2611 63.0614 70.9439
      vertex -47.0398 63.0614 69.5819
      vertex -47.0398 66.5614 69.5819
    endloop
  endfacet
  facet normal 0.868141 0 -0.496318
    outer loop
      vertex -46.2611 63.0614 70.9439
      vertex -47.0398 66.5614 69.5819
      vertex -46.2611 66.5614 70.9439
    endloop
  endfacet
  facet normal 0.941136 0 -0.338027
    outer loop
      vertex -47.0398 63.0614 69.5819
      vertex -47.5701 63.0614 68.1055
      vertex -47.5701 66.5614 68.1055
    endloop
  endfacet
  facet normal 0.941136 0 -0.338027
    outer loop
      vertex -47.0398 63.0614 69.5819
      vertex -47.5701 66.5614 68.1055
      vertex -47.0398 66.5614 69.5819
    endloop
  endfacet
  facet normal 0.985536 0 -0.169465
    outer loop
      vertex -47.5701 63.0614 68.1055
      vertex -47.8359 63.0614 66.5593
      vertex -47.8359 66.5614 66.5593
    endloop
  endfacet
  facet normal 0.985536 0 -0.169465
    outer loop
      vertex -47.5701 63.0614 68.1055
      vertex -47.8359 66.5614 66.5593
      vertex -47.5701 66.5614 68.1055
    endloop
  endfacet
  facet normal 0.999991 0 0.00424618
    outer loop
      vertex -47.8359 63.0614 66.5593
      vertex -47.8293 63.0614 64.9906
      vertex -47.8293 66.5614 64.9906
    endloop
  endfacet
  facet normal 0.999991 -0 0.00424618
    outer loop
      vertex -47.8359 63.0614 66.5593
      vertex -47.8293 66.5614 64.9906
      vertex -47.8359 66.5614 66.5593
    endloop
  endfacet
  facet normal 0.984062 0 0.177828
    outer loop
      vertex -47.8293 63.0614 64.9906
      vertex -47.5503 63.0614 63.4468
      vertex -47.5503 66.5614 63.4468
    endloop
  endfacet
  facet normal 0.984062 -0 0.177828
    outer loop
      vertex -47.8293 63.0614 64.9906
      vertex -47.5503 66.5614 63.4468
      vertex -47.8293 66.5614 64.9906
    endloop
  endfacet
  facet normal 0.938232 0 0.346007
    outer loop
      vertex -47.5503 63.0614 63.4468
      vertex -47.0075 63.0614 61.9749
      vertex -47.0075 66.5614 61.9749
    endloop
  endfacet
  facet normal 0.938232 -0 0.346007
    outer loop
      vertex -47.5503 63.0614 63.4468
      vertex -47.0075 66.5614 61.9749
      vertex -47.5503 66.5614 63.4468
    endloop
  endfacet
  facet normal 0.863895 0 0.503673
    outer loop
      vertex -47.0075 63.0614 61.9749
      vertex -46.2173 63.0614 60.6196
      vertex -46.2173 66.5614 60.6196
    endloop
  endfacet
  facet normal 0.863895 -0 0.503673
    outer loop
      vertex -47.0075 63.0614 61.9749
      vertex -46.2173 66.5614 60.6196
      vertex -47.0075 66.5614 61.9749
    endloop
  endfacet
  facet normal 0.763308 0 0.646035
    outer loop
      vertex -46.2173 63.0614 60.6196
      vertex -45.2038 63.0614 59.4221
      vertex -45.2038 66.5614 59.4221
    endloop
  endfacet
  facet normal 0.763308 -0 0.646035
    outer loop
      vertex -46.2173 63.0614 60.6196
      vertex -45.2038 66.5614 59.4221
      vertex -46.2173 66.5614 60.6196
    endloop
  endfacet
  facet normal 0.639529 0 0.768767
    outer loop
      vertex -45.2038 63.0614 59.4221
      vertex -43.9978 63.0614 58.4188
      vertex -43.9978 66.5614 58.4188
    endloop
  endfacet
  facet normal 0.639529 -0 0.768767
    outer loop
      vertex -45.2038 63.0614 59.4221
      vertex -43.9978 66.5614 58.4188
      vertex -45.2038 66.5614 59.4221
    endloop
  endfacet
  facet normal 0.570093 0 0.82158
    outer loop
      vertex -43.9978 63.0614 58.4188
      vertex 71.0235 63.0614 -21.3942
      vertex 71.0235 66.5614 -21.3942
    endloop
  endfacet
  facet normal 0.570093 -0 0.82158
    outer loop
      vertex -43.9978 63.0614 58.4188
      vertex 71.0235 66.5614 -21.3942
      vertex -43.9978 66.5614 58.4188
    endloop
  endfacet
  facet normal 0 1 0
    outer loop
      vertex 18.6437 63.0614 25.9065
      vertex 72.3854 63.0614 -22.1728
      vertex 71.0235 63.0614 -21.3942
    endloop
  endfacet
  facet normal 0 -1 0
    outer loop
      vertex 18.6437 66.5614 25.9065
      vertex 71.0235 66.5614 -21.3942
      vertex 72.3854 66.5614 -22.1728
    endloop
  endfacet
  facet normal 0 1 0
    outer loop
      vertex 18.6437 63.0614 25.9065
      vertex 73.8619 63.0614 -22.7031
      vertex 72.3854 63.0614 -22.1728
    endloop
  endfacet
  facet normal 0 -1 0
    outer loop
      vertex 18.6437 66.5614 25.9065
      vertex 72.3854 66.5614 -22.1728
      vertex 73.8619 66.5614 -22.7031
    endloop
  endfacet
  facet normal 0 1 0
    outer loop
      vertex 18.6437 63.0614 25.9065
      vertex 75.408 63.0614 -22.969
      vertex 73.8619 63.0614 -22.7031
    endloop
  endfacet
  facet normal 0 -1 0
    outer loop
      vertex 18.6437 66.5614 25.9065
      vertex 73.8619 66.5614 -22.7031
      vertex 75.408 66.5614 -22.969
    endloop
  endfacet
  facet normal 0 1 0
    outer loop
      vertex 18.6437 63.0614 25.9065
      vertex 76.9768 63.0614 -22.9623
      vertex 75.408 63.0614 -22.969
    endloop
  endfacet
  facet normal 0 -1 0
    outer loop
      vertex 18.6437 66.5614 25.9065
      vertex 75.408 66.5614 -22.969
      vertex 76.9768 66.5614 -22.9623
    endloop
  endfacet
  facet normal 0 1 0
    outer loop
      vertex 18.6437 63.0614 25.9065
      vertex 78.5206 63.0614 -22.6834
      vertex 76.9768 63.0614 -22.9623
    endloop
  endfacet
  facet normal 0 -1 0
    outer loop
      vertex 18.6437 66.5614 25.9065
      vertex 76.9768 66.5614 -22.9623
      vertex 78.5206 66.5614 -22.6834
    endloop
  endfacet
  facet normal 0 1 0
    outer loop
      vertex 18.6437 63.0614 25.9065
      vertex 79.9925 63.0614 -22.1405
      vertex 78.5206 63.0614 -22.6834
    endloop
  endfacet
  facet normal 0 -1 0
    outer loop
      vertex 18.6437 66.5614 25.9065
      vertex 78.5206 66.5614 -22.6834
      vertex 79.9925 66.5614 -22.1405
    endloop
  endfacet
  facet normal 0 1 0
    outer loop
      vertex 18.6437 63.0614 25.9065
      vertex 81.3477 63.0614 -21.3504
      vertex 79.9925 63.0614 -22.1405
    endloop
  endfacet
  facet normal 0 -1 0
    outer loop
      vertex 18.6437 66.5614 25.9065
      vertex 79.9925 66.5614 -22.1405
      vertex 81.3477 66.5614 -21.3504
    endloop
  endfacet
  facet normal 0 1 0
    outer loop
      vertex 18.6437 63.0614 25.9065
      vertex 82.5452 63.0614 -20.3369
      vertex 81.3477 63.0614 -21.3504
    endloop
  endfacet
  facet normal 0 -1 0
    outer loop
      vertex 18.6437 66.5614 25.9065
      vertex 81.3477 66.5614 -21.3504
      vertex 82.5452 66.5614 -20.3369
    endloop
  endfacet
  facet normal 0 1 0
    outer loop
      vertex 18.6437 63.0614 25.9065
      vertex 83.5485 63.0614 -19.1308
      vertex 82.5452 63.0614 -20.3369
    endloop
  endfacet
  facet normal 0 -1 0
    outer loop
      vertex 18.6437 66.5614 25.9065
      vertex 82.5452 66.5614 -20.3369
      vertex 83.5485 66.5614 -19.1308
    endloop
  endfacet
  facet normal 0 1 0
    outer loop
      vertex 18.6437 63.0614 25.9065
      vertex 84.3271 63.0614 -17.7689
      vertex 83.5485 63.0614 -19.1308
    endloop
  endfacet
  facet normal 0 -1 0
    outer loop
      vertex 18.6437 66.5614 25.9065
      vertex 83.5485 66.5614 -19.1308
      vertex 84.3271 66.5614 -17.7689
    endloop
  endfacet
  facet normal 0 1 0
    outer loop
      vertex 18.6437 63.0614 25.9065
      vertex 84.8574 63.0614 -16.2924
      vertex 84.3271 63.0614 -17.7689
    endloop
  endfacet
  facet normal 0 -1 0
    outer loop
      vertex 18.6437 66.5614 25.9065
      vertex 84.3271 66.5614 -17.7689
      vertex 84.8574 66.5614 -16.2924
    endloop
  endfacet
  facet normal 0 1 0
    outer loop
      vertex 18.6437 63.0614 25.9065
      vertex 85.1233 63.0614 -14.7463
      vertex 84.8574 63.0614 -16.2924
    endloop
  endfacet
  facet normal 0 -1 0
    outer loop
      vertex 18.6437 66.5614 25.9065
      vertex 84.8574 66.5614 -16.2924
      vertex 85.1233 66.5614 -14.7463
    endloop
  endfacet
  facet normal 0 1 0
    outer loop
      vertex 18.6437 63.0614 25.9065
      vertex 85.1166 63.0614 -13.1775
      vertex 85.1233 63.0614 -14.7463
    endloop
  endfacet
  facet normal 0 -1 0
    outer loop
      vertex 18.6437 66.5614 25.9065
      vertex 85.1233 66.5614 -14.7463
      vertex 85.1166 66.5614 -13.1775
    endloop
  endfacet
  facet normal 0 1 0
    outer loop
      vertex 18.6437 63.0614 25.9065
      vertex 84.8377 63.0614 -11.6337
      vertex 85.1166 63.0614 -13.1775
    endloop
  endfacet
  facet normal 0 -1 0
    outer loop
      vertex 18.6437 66.5614 25.9065
      vertex 85.1166 66.5614 -13.1775
      vertex 84.8377 66.5614 -11.6337
    endloop
  endfacet
  facet normal 0 1 0
    outer loop
      vertex 18.6437 63.0614 25.9065
      vertex 84.2948 63.0614 -10.1618
      vertex 84.8377 63.0614 -11.6337
    endloop
  endfacet
  facet normal 0 -1 0
    outer loop
      vertex 18.6437 66.5614 25.9065
      vertex 84.8377 66.5614 -11.6337
      vertex 84.2948 66.5614 -10.1618
    endloop
  endfacet
  facet normal 0 1 0
    outer loop
      vertex 18.6437 63.0614 25.9065
      vertex 83.5047 63.0614 -8.80655
      vertex 84.2948 63.0614 -10.1618
    endloop
  endfacet
  facet normal 0 -1 0
    outer loop
      vertex 18.6437 66.5614 25.9065
      vertex 84.2948 66.5614 -10.1618
      vertex 83.5047 66.5614 -8.80655
    endloop
  endfacet
  facet normal 0 1 0
    outer loop
      vertex 18.6437 63.0614 25.9065
      vertex 82.4912 63.0614 -7.60907
      vertex 83.5047 63.0614 -8.80655
    endloop
  endfacet
  facet normal 0 -1 0
    outer loop
      vertex 18.6437 66.5614 25.9065
      vertex 83.5047 66.5614 -8.80655
      vertex 82.4912 66.5614 -7.60907
    endloop
  endfacet
  facet normal 0 1 0
    outer loop
      vertex 18.6437 63.0614 25.9065
      vertex 81.2851 63.0614 -6.60578
      vertex 82.4912 63.0614 -7.60907
    endloop
  endfacet
  facet normal 0 -1 0
    outer loop
      vertex 18.6437 66.5614 25.9065
      vertex 82.4912 66.5614 -7.60907
      vertex 81.2851 66.5614 -6.60578
    endloop
  endfacet
  facet normal -0 1 -0
    outer loop
      vertex 18.6437 63.0614 25.9065
      vertex -33.7361 63.0614 73.2072
      vertex 81.2851 63.0614 -6.60578
    endloop
  endfacet
  facet normal 0 -1 0
    outer loop
      vertex 18.6437 66.5614 25.9065
      vertex 81.2851 66.5614 -6.60578
      vertex -33.7361 66.5614 73.2072
    endloop
  endfacet
  facet normal 0 1 0
    outer loop
      vertex 18.6437 63.0614 25.9065
      vertex -35.098 63.0614 73.9859
      vertex -33.7361 63.0614 73.2072
    endloop
  endfacet
  facet normal 0 -1 0
    outer loop
      vertex 18.6437 66.5614 25.9065
      vertex -33.7361 66.5614 73.2072
      vertex -35.098 66.5614 73.9859
    endloop
  endfacet
  facet normal 0 1 0
    outer loop
      vertex 18.6437 63.0614 25.9065
      vertex -36.5745 63.0614 74.5162
      vertex -35.098 63.0614 73.9859
    endloop
  endfacet
  facet normal 0 -1 0
    outer loop
      vertex 18.6437 66.5614 25.9065
      vertex -35.098 66.5614 73.9859
      vertex -36.5745 66.5614 74.5162
    endloop
  endfacet
  facet normal 0 1 0
    outer loop
      vertex 18.6437 63.0614 25.9065
      vertex -38.1206 63.0614 74.782
      vertex -36.5745 63.0614 74.5162
    endloop
  endfacet
  facet normal 0 -1 0
    outer loop
      vertex 18.6437 66.5614 25.9065
      vertex -36.5745 66.5614 74.5162
      vertex -38.1206 66.5614 74.782
    endloop
  endfacet
  facet normal 0 1 0
    outer loop
      vertex 18.6437 63.0614 25.9065
      vertex -39.6894 63.0614 74.7754
      vertex -38.1206 63.0614 74.782
    endloop
  endfacet
  facet normal 0 -1 0
    outer loop
      vertex 18.6437 66.5614 25.9065
      vertex -38.1206 66.5614 74.782
      vertex -39.6894 66.5614 74.7754
    endloop
  endfacet
  facet normal 0 1 0
    outer loop
      vertex 18.6437 63.0614 25.9065
      vertex -41.2332 63.0614 74.4964
      vertex -39.6894 63.0614 74.7754
    endloop
  endfacet
  facet normal 0 -1 0
    outer loop
      vertex 18.6437 66.5614 25.9065
      vertex -39.6894 66.5614 74.7754
      vertex -41.2332 66.5614 74.4964
    endloop
  endfacet
  facet normal 0 1 0
    outer loop
      vertex 18.6437 63.0614 25.9065
      vertex -42.7051 63.0614 73.9536
      vertex -41.2332 63.0614 74.4964
    endloop
  endfacet
  facet normal 0 -1 0
    outer loop
      vertex 18.6437 66.5614 25.9065
      vertex -41.2332 66.5614 74.4964
      vertex -42.7051 66.5614 73.9536
    endloop
  endfacet
  facet normal 0 1 0
    outer loop
      vertex 18.6437 63.0614 25.9065
      vertex -44.0604 63.0614 73.1634
      vertex -42.7051 63.0614 73.9536
    endloop
  endfacet
  facet normal 0 -1 0
    outer loop
      vertex 18.6437 66.5614 25.9065
      vertex -42.7051 66.5614 73.9536
      vertex -44.0604 66.5614 73.1634
    endloop
  endfacet
  facet normal 0 1 0
    outer loop
      vertex 18.6437 63.0614 25.9065
      vertex -45.2579 63.0614 72.1499
      vertex -44.0604 63.0614 73.1634
    endloop
  endfacet
  facet normal 0 -1 0
    outer loop
      vertex 18.6437 66.5614 25.9065
      vertex -44.0604 66.5614 73.1634
      vertex -45.2579 66.5614 72.1499
    endloop
  endfacet
  facet normal 0 1 0
    outer loop
      vertex 18.6437 63.0614 25.9065
      vertex -46.2611 63.0614 70.9439
      vertex -45.2579 63.0614 72.1499
    endloop
  endfacet
  facet normal 0 -1 0
    outer loop
      vertex 18.6437 66.5614 25.9065
      vertex -45.2579 66.5614 72.1499
      vertex -46.2611 66.5614 70.9439
    endloop
  endfacet
  facet normal 0 1 0
    outer loop
      vertex 18.6437 63.0614 25.9065
      vertex -47.0398 63.0614 69.5819
      vertex -46.2611 63.0614 70.9439
    endloop
  endfacet
  facet normal 0 -1 0
    outer loop
      vertex 18.6437 66.5614 25.9065
      vertex -46.2611 66.5614 70.9439
      vertex -47.0398 66.5614 69.5819
    endloop
  endfacet
  facet normal 0 1 0
    outer loop
      vertex 18.6437 63.0614 25.9065
      vertex -47.5701 63.0614 68.1055
      vertex -47.0398 63.0614 69.5819
    endloop
  endfacet
  facet normal 0 -1 0
    outer loop
      vertex 18.6437 66.5614 25.9065
      vertex -47.0398 66.5614 69.5819
      vertex -47.5701 66.5614 68.1055
    endloop
  endfacet
  facet normal 0 1 0
    outer loop
      vertex 18.6437 63.0614 25.9065
      vertex -47.8359 63.0614 66.5593
      vertex -47.5701 63.0614 68.1055
    endloop
  endfacet
  facet normal 0 -1 0
    outer loop
      vertex 18.6437 66.5614 25.9065
      vertex -47.5701 66.5614 68.1055
      vertex -47.8359 66.5614 66.5593
    endloop
  endfacet
  facet normal 0 1 0
    outer loop
      vertex 18.6437 63.0614 25.9065
      vertex -47.8293 63.0614 64.9906
      vertex -47.8359 63.0614 66.5593
    endloop
  endfacet
  facet normal 0 -1 0
    outer loop
      vertex 18.6437 66.5614 25.9065
      vertex -47.8359 66.5614 66.5593
      vertex -47.8293 66.5614 64.9906
    endloop
  endfacet
  facet normal 0 1 0
    outer loop
      vertex 18.6437 63.0614 25.9065
      vertex -47.5503 63.0614 63.4468
      vertex -47.8293 63.0614 64.9906
    endloop
  endfacet
  facet normal 0 -1 0
    outer loop
      vertex 18.6437 66.5614 25.9065
      vertex -47.8293 66.5614 64.9906
      vertex -47.5503 66.5614 63.4468
    endloop
  endfacet
  facet normal 0 1 0
    outer loop
      vertex 18.6437 63.0614 25.9065
      vertex -47.0075 63.0614 61.9749
      vertex -47.5503 63.0614 63.4468
    endloop
  endfacet
  facet normal 0 -1 0
    outer loop
      vertex 18.6437 66.5614 25.9065
      vertex -47.5503 66.5614 63.4468
      vertex -47.0075 66.5614 61.9749
    endloop
  endfacet
  facet normal 0 1 0
    outer loop
      vertex 18.6437 63.0614 25.9065
      vertex -46.2173 63.0614 60.6196
      vertex -47.0075 63.0614 61.9749
    endloop
  endfacet
  facet normal 0 -1 0
    outer loop
      vertex 18.6437 66.5614 25.9065
      vertex -47.0075 66.5614 61.9749
      vertex -46.2173 66.5614 60.6196
    endloop
  endfacet
  facet normal 0 1 0
    outer loop
      vertex 18.6437 63.0614 25.9065
      vertex -45.2038 63.0614 59.4221
      vertex -46.2173 63.0614 60.6196
    endloop
  endfacet
  facet normal 0 -1 0
    outer loop
      vertex 18.6437 66.5614 25.9065
      vertex -46.2173 66.5614 60.6196
      vertex -45.2038 66.5614 59.4221
    endloop
  endfacet
  facet normal 0 1 0
    outer loop
      vertex 18.6437 63.0614 25.9065
      vertex -43.9978 63.0614 58.4188
      vertex -45.2038 63.0614 59.4221
    endloop
  endfacet
  facet normal 0 -1 0
    outer loop
      vertex 18.6437 66.5614 25.9065
      vertex -45.2038 66.5614 59.4221
      vertex -43.9978 66.5614 58.4188
    endloop
  endfacet
  facet normal 0 1 0
    outer loop
      vertex 18.6437 63.0614 25.9065
      vertex 71.0235 63.0614 -21.3942
      vertex -43.9978 63.0614 58.4188
    endloop
  endfacet
  facet normal -0 -1 -0
    outer loop
      vertex 18.6437 66.5614 25.9065
      vertex -43.9978 66.5614 58.4188
      vertex 71.0235 66.5614 -21.3942
    endloop
  endfacet
  facet normal 0.496318 0 0.868141
    outer loop
      vertex 71.0235 63.0614 6.60578
      vertex 72.3854 63.0614 5.82715
      vertex 72.3854 66.5614 5.82715
    endloop
  endfacet
  facet normal 0.496318 -0 0.868141
    outer loop
      vertex 71.0235 63.0614 6.60578
      vertex 72.3854 66.5614 5.82715
      vertex 71.0235 66.5614 6.60578
    endloop
  endfacet
  facet normal 0.338027 0 0.941136
    outer loop
      vertex 72.3854 63.0614 5.82715
      vertex 73.8619 63.0614 5.29685
      vertex 73.8619 66.5614 5.29685
    endloop
  endfacet
  facet normal 0.338027 -0 0.941136
    outer loop
      vertex 72.3854 63.0614 5.82715
      vertex 73.8619 66.5614 5.29685
      vertex 72.3854 66.5614 5.82715
    endloop
  endfacet
  facet normal 0.169465 0 0.985536
    outer loop
      vertex 73.8619 63.0614 5.29685
      vertex 75.408 63.0614 5.031
      vertex 75.408 66.5614 5.031
    endloop
  endfacet
  facet normal 0.169465 -0 0.985536
    outer loop
      vertex 73.8619 63.0614 5.29685
      vertex 75.408 66.5614 5.031
      vertex 73.8619 66.5614 5.29685
    endloop
  endfacet
  facet normal -0.00424618 0 0.999991
    outer loop
      vertex 75.408 63.0614 5.031
      vertex 76.9768 63.0614 5.03766
      vertex 76.9768 66.5614 5.03766
    endloop
  endfacet
  facet normal -0.00424618 0 0.999991
    outer loop
      vertex 75.408 63.0614 5.031
      vertex 76.9768 66.5614 5.03766
      vertex 75.408 66.5614 5.031
    endloop
  endfacet
  facet normal -0.177828 0 0.984062
    outer loop
      vertex 76.9768 63.0614 5.03766
      vertex 78.5206 63.0614 5.31664
      vertex 78.5206 66.5614 5.31664
    endloop
  endfacet
  facet normal -0.177828 0 0.984062
    outer loop
      vertex 76.9768 63.0614 5.03766
      vertex 78.5206 66.5614 5.31664
      vertex 76.9768 66.5614 5.03766
    endloop
  endfacet
  facet normal -0.346007 0 0.938232
    outer loop
      vertex 78.5206 63.0614 5.31664
      vertex 79.9925 63.0614 5.85945
      vertex 79.9925 66.5614 5.85945
    endloop
  endfacet
  facet normal -0.346007 0 0.938232
    outer loop
      vertex 78.5206 63.0614 5.31664
      vertex 79.9925 66.5614 5.85945
      vertex 78.5206 66.5614 5.31664
    endloop
  endfacet
  facet normal -0.503673 0 0.863895
    outer loop
      vertex 79.9925 63.0614 5.85945
      vertex 81.3477 63.0614 6.64962
      vertex 81.3477 66.5614 6.64962
    endloop
  endfacet
  facet normal -0.503673 0 0.863895
    outer loop
      vertex 79.9925 63.0614 5.85945
      vertex 81.3477 66.5614 6.64962
      vertex 79.9925 66.5614 5.85945
    endloop
  endfacet
  facet normal -0.646035 0 0.763308
    outer loop
      vertex 81.3477 63.0614 6.64962
      vertex 82.5452 63.0614 7.66312
      vertex 82.5452 66.5614 7.66312
    endloop
  endfacet
  facet normal -0.646035 0 0.763308
    outer loop
      vertex 81.3477 63.0614 6.64962
      vertex 82.5452 66.5614 7.66312
      vertex 81.3477 66.5614 6.64962
    endloop
  endfacet
  facet normal -0.768767 0 0.639529
    outer loop
      vertex 82.5452 63.0614 7.66312
      vertex 83.5485 63.0614 8.86916
      vertex 83.5485 66.5614 8.86916
    endloop
  endfacet
  facet normal -0.768767 0 0.639529
    outer loop
      vertex 82.5452 63.0614 7.66312
      vertex 83.5485 66.5614 8.86916
      vertex 82.5452 66.5614 7.66312
    endloop
  endfacet
  facet normal -0.868141 0 0.496318
    outer loop
      vertex 83.5485 63.0614 8.86916
      vertex 84.3271 63.0614 10.2311
      vertex 84.3271 66.5614 10.2311
    endloop
  endfacet
  facet normal -0.868141 0 0.496318
    outer loop
      vertex 83.5485 63.0614 8.86916
      vertex 84.3271 66.5614 10.2311
      vertex 83.5485 66.5614 8.86916
    endloop
  endfacet
  facet normal -0.941136 0 0.338027
    outer loop
      vertex 84.3271 63.0614 10.2311
      vertex 84.8574 63.0614 11.7076
      vertex 84.8574 66.5614 11.7076
    endloop
  endfacet
  facet normal -0.941136 0 0.338027
    outer loop
      vertex 84.3271 63.0614 10.2311
      vertex 84.8574 66.5614 11.7076
      vertex 84.3271 66.5614 10.2311
    endloop
  endfacet
  facet normal -0.985536 0 0.169465
    outer loop
      vertex 84.8574 63.0614 11.7076
      vertex 85.1233 63.0614 13.2537
      vertex 85.1233 66.5614 13.2537
    endloop
  endfacet
  facet normal -0.985536 0 0.169465
    outer loop
      vertex 84.8574 63.0614 11.7076
      vertex 85.1233 66.5614 13.2537
      vertex 84.8574 66.5614 11.7076
    endloop
  endfacet
  facet normal -0.999991 0 -0.00424618
    outer loop
      vertex 85.1233 63.0614 13.2537
      vertex 85.1166 63.0614 14.8225
      vertex 85.1166 66.5614 14.8225
    endloop
  endfacet
  facet normal -0.999991 0 -0.00424618
    outer loop
      vertex 85.1233 63.0614 13.2537
      vertex 85.1166 66.5614 14.8225
      vertex 85.1233 66.5614 13.2537
    endloop
  endfacet
  facet normal -0.984062 0 -0.177828
    outer loop
      vertex 85.1166 63.0614 14.8225
      vertex 84.8377 63.0614 16.3663
      vertex 84.8377 66.5614 16.3663
    endloop
  endfacet
  facet normal -0.984062 0 -0.177828
    outer loop
      vertex 85.1166 63.0614 14.8225
      vertex 84.8377 66.5614 16.3663
      vertex 85.1166 66.5614 14.8225
    endloop
  endfacet
  facet normal -0.938232 0 -0.346007
    outer loop
      vertex 84.8377 63.0614 16.3663
      vertex 84.2948 63.0614 17.8382
      vertex 84.2948 66.5614 17.8382
    endloop
  endfacet
  facet normal -0.938232 0 -0.346007
    outer loop
      vertex 84.8377 63.0614 16.3663
      vertex 84.2948 66.5614 17.8382
      vertex 84.8377 66.5614 16.3663
    endloop
  endfacet
  facet normal -0.863895 0 -0.503673
    outer loop
      vertex 84.2948 63.0614 17.8382
      vertex 83.5047 63.0614 19.1934
      vertex 83.5047 66.5614 19.1934
    endloop
  endfacet
  facet normal -0.863895 0 -0.503673
    outer loop
      vertex 84.2948 63.0614 17.8382
      vertex 83.5047 66.5614 19.1934
      vertex 84.2948 66.5614 17.8382
    endloop
  endfacet
  facet normal -0.763308 0 -0.646035
    outer loop
      vertex 83.5047 63.0614 19.1934
      vertex 82.4912 63.0614 20.3909
      vertex 82.4912 66.5614 20.3909
    endloop
  endfacet
  facet normal -0.763308 0 -0.646035
    outer loop
      vertex 83.5047 63.0614 19.1934
      vertex 82.4912 66.5614 20.3909
      vertex 83.5047 66.5614 19.1934
    endloop
  endfacet
  facet normal -0.639529 0 -0.768767
    outer loop
      vertex 82.4912 63.0614 20.3909
      vertex 81.2851 63.0614 21.3942
      vertex 81.2851 66.5614 21.3942
    endloop
  endfacet
  facet normal -0.639529 0 -0.768767
    outer loop
      vertex 82.4912 63.0614 20.3909
      vertex 81.2851 66.5614 21.3942
      vertex 82.4912 66.5614 20.3909
    endloop
  endfacet
  facet normal -0.570093 0 -0.82158
    outer loop
      vertex 81.2851 63.0614 21.3942
      vertex -33.7361 63.0614 101.207
      vertex -33.7361 66.5614 101.207
    endloop
  endfacet
  facet normal -0.570093 0 -0.82158
    outer loop
      vertex 81.2851 63.0614 21.3942
      vertex -33.7361 66.5614 101.207
      vertex 81.2851 66.5614 21.3942
    endloop
  endfacet
  facet normal -0.496318 0 -0.868141
    outer loop
      vertex -33.7361 63.0614 101.207
      vertex -35.098 63.0614 101.986
      vertex -35.098 66.5614 101.986
    endloop
  endfacet
  facet normal -0.496318 0 -0.868141
    outer loop
      vertex -33.7361 63.0614 101.207
      vertex -35.098 66.5614 101.986
      vertex -33.7361 66.5614 101.207
    endloop
  endfacet
  facet normal -0.338027 0 -0.941136
    outer loop
      vertex -35.098 63.0614 101.986
      vertex -36.5745 63.0614 102.516
      vertex -36.5745 66.5614 102.516
    endloop
  endfacet
  facet normal -0.338027 0 -0.941136
    outer loop
      vertex -35.098 63.0614 101.986
      vertex -36.5745 66.5614 102.516
      vertex -35.098 66.5614 101.986
    endloop
  endfacet
  facet normal -0.169465 0 -0.985536
    outer loop
      vertex -36.5745 63.0614 102.516
      vertex -38.1206 63.0614 102.782
      vertex -38.1206 66.5614 102.782
    endloop
  endfacet
  facet normal -0.169465 0 -0.985536
    outer loop
      vertex -36.5745 63.0614 102.516
      vertex -38.1206 66.5614 102.782
      vertex -36.5745 66.5614 102.516
    endloop
  endfacet
  facet normal 0.00424618 0 -0.999991
    outer loop
      vertex -38.1206 63.0614 102.782
      vertex -39.6894 63.0614 102.775
      vertex -39.6894 66.5614 102.775
    endloop
  endfacet
  facet normal 0.00424618 0 -0.999991
    outer loop
      vertex -38.1206 63.0614 102.782
      vertex -39.6894 66.5614 102.775
      vertex -38.1206 66.5614 102.782
    endloop
  endfacet
  facet normal 0.177828 0 -0.984062
    outer loop
      vertex -39.6894 63.0614 102.775
      vertex -41.2332 63.0614 102.496
      vertex -41.2332 66.5614 102.496
    endloop
  endfacet
  facet normal 0.177828 0 -0.984062
    outer loop
      vertex -39.6894 63.0614 102.775
      vertex -41.2332 66.5614 102.496
      vertex -39.6894 66.5614 102.775
    endloop
  endfacet
  facet normal 0.346007 0 -0.938232
    outer loop
      vertex -41.2332 63.0614 102.496
      vertex -42.7051 63.0614 101.954
      vertex -42.7051 66.5614 101.954
    endloop
  endfacet
  facet normal 0.346007 0 -0.938232
    outer loop
      vertex -41.2332 63.0614 102.496
      vertex -42.7051 66.5614 101.954
      vertex -41.2332 66.5614 102.496
    endloop
  endfacet
  facet normal 0.503673 0 -0.863895
    outer loop
      vertex -42.7051 63.0614 101.954
      vertex -44.0604 63.0614 101.163
      vertex -44.0604 66.5614 101.163
    endloop
  endfacet
  facet normal 0.503673 0 -0.863895
    outer loop
      vertex -42.7051 63.0614 101.954
      vertex -44.0604 66.5614 101.163
      vertex -42.7051 66.5614 101.954
    endloop
  endfacet
  facet normal 0.646035 0 -0.763308
    outer loop
      vertex -44.0604 63.0614 101.163
      vertex -45.2579 63.0614 100.15
      vertex -45.2579 66.5614 100.15
    endloop
  endfacet
  facet normal 0.646035 0 -0.763308
    outer loop
      vertex -44.0604 63.0614 101.163
      vertex -45.2579 66.5614 100.15
      vertex -44.0604 66.5614 101.163
    endloop
  endfacet
  facet normal 0.768767 0 -0.639529
    outer loop
      vertex -45.2579 63.0614 100.15
      vertex -46.2611 63.0614 98.9439
      vertex -46.2611 66.5614 98.9439
    endloop
  endfacet
  facet normal 0.768767 0 -0.639529
    outer loop
      vertex -45.2579 63.0614 100.15
      vertex -46.2611 66.5614 98.9439
      vertex -45.2579 66.5614 100.15
    endloop
  endfacet
  facet normal 0.868141 0 -0.496318
    outer loop
      vertex -46.2611 63.0614 98.9439
      vertex -47.0398 63.0614 97.5819
      vertex -47.0398 66.5614 97.5819
    endloop
  endfacet
  facet normal 0.868141 0 -0.496318
    outer loop
      vertex -46.2611 63.0614 98.9439
      vertex -47.0398 66.5614 97.5819
      vertex -46.2611 66.5614 98.9439
    endloop
  endfacet
  facet normal 0.941136 0 -0.338027
    outer loop
      vertex -47.0398 63.0614 97.5819
      vertex -47.5701 63.0614 96.1055
      vertex -47.5701 66.5614 96.1055
    endloop
  endfacet
  facet normal 0.941136 0 -0.338027
    outer loop
      vertex -47.0398 63.0614 97.5819
      vertex -47.5701 66.5614 96.1055
      vertex -47.0398 66.5614 97.5819
    endloop
  endfacet
  facet normal 0.985536 0 -0.169465
    outer loop
      vertex -47.5701 63.0614 96.1055
      vertex -47.8359 63.0614 94.5593
      vertex -47.8359 66.5614 94.5593
    endloop
  endfacet
  facet normal 0.985536 0 -0.169465
    outer loop
      vertex -47.5701 63.0614 96.1055
      vertex -47.8359 66.5614 94.5593
      vertex -47.5701 66.5614 96.1055
    endloop
  endfacet
  facet normal 0.999991 0 0.00424618
    outer loop
      vertex -47.8359 63.0614 94.5593
      vertex -47.8293 63.0614 92.9906
      vertex -47.8293 66.5614 92.9906
    endloop
  endfacet
  facet normal 0.999991 -0 0.00424618
    outer loop
      vertex -47.8359 63.0614 94.5593
      vertex -47.8293 66.5614 92.9906
      vertex -47.8359 66.5614 94.5593
    endloop
  endfacet
  facet normal 0.984062 0 0.177828
    outer loop
      vertex -47.8293 63.0614 92.9906
      vertex -47.5503 63.0614 91.4468
      vertex -47.5503 66.5614 91.4468
    endloop
  endfacet
  facet normal 0.984062 -0 0.177828
    outer loop
      vertex -47.8293 63.0614 92.9906
      vertex -47.5503 66.5614 91.4468
      vertex -47.8293 66.5614 92.9906
    endloop
  endfacet
  facet normal 0.938232 0 0.346007
    outer loop
      vertex -47.5503 63.0614 91.4468
      vertex -47.0075 63.0614 89.9749
      vertex -47.0075 66.5614 89.9749
    endloop
  endfacet
  facet normal 0.938232 -0 0.346007
    outer loop
      vertex -47.5503 63.0614 91.4468
      vertex -47.0075 66.5614 89.9749
      vertex -47.5503 66.5614 91.4468
    endloop
  endfacet
  facet normal 0.863895 0 0.503673
    outer loop
      vertex -47.0075 63.0614 89.9749
      vertex -46.2173 63.0614 88.6196
      vertex -46.2173 66.5614 88.6196
    endloop
  endfacet
  facet normal 0.863895 -0 0.503673
    outer loop
      vertex -47.0075 63.0614 89.9749
      vertex -46.2173 66.5614 88.6196
      vertex -47.0075 66.5614 89.9749
    endloop
  endfacet
  facet normal 0.763308 0 0.646035
    outer loop
      vertex -46.2173 63.0614 88.6196
      vertex -45.2038 63.0614 87.4221
      vertex -45.2038 66.5614 87.4221
    endloop
  endfacet
  facet normal 0.763308 -0 0.646035
    outer loop
      vertex -46.2173 63.0614 88.6196
      vertex -45.2038 66.5614 87.4221
      vertex -46.2173 66.5614 88.6196
    endloop
  endfacet
  facet normal 0.639529 0 0.768767
    outer loop
      vertex -45.2038 63.0614 87.4221
      vertex -43.9978 63.0614 86.4188
      vertex -43.9978 66.5614 86.4188
    endloop
  endfacet
  facet normal 0.639529 -0 0.768767
    outer loop
      vertex -45.2038 63.0614 87.4221
      vertex -43.9978 66.5614 86.4188
      vertex -45.2038 66.5614 87.4221
    endloop
  endfacet
  facet normal 0.570093 0 0.82158
    outer loop
      vertex -43.9978 63.0614 86.4188
      vertex 71.0235 63.0614 6.60578
      vertex 71.0235 66.5614 6.60578
    endloop
  endfacet
  facet normal 0.570093 -0 0.82158
    outer loop
      vertex -43.9978 63.0614 86.4188
      vertex 71.0235 66.5614 6.60578
      vertex -43.9978 66.5614 86.4188
    endloop
  endfacet
  facet normal 0 1 0
    outer loop
      vertex 18.6437 63.0614 53.9065
      vertex 72.3854 63.0614 5.82715
      vertex 71.0235 63.0614 6.60578
    endloop
  endfacet
  facet normal 0 -1 0
    outer loop
      vertex 18.6437 66.5614 53.9065
      vertex 71.0235 66.5614 6.60578
      vertex 72.3854 66.5614 5.82715
    endloop
  endfacet
  facet normal 0 1 0
    outer loop
      vertex 18.6437 63.0614 53.9065
      vertex 73.8619 63.0614 5.29685
      vertex 72.3854 63.0614 5.82715
    endloop
  endfacet
  facet normal 0 -1 0
    outer loop
      vertex 18.6437 66.5614 53.9065
      vertex 72.3854 66.5614 5.82715
      vertex 73.8619 66.5614 5.29685
    endloop
  endfacet
  facet normal 0 1 0
    outer loop
      vertex 18.6437 63.0614 53.9065
      vertex 75.408 63.0614 5.031
      vertex 73.8619 63.0614 5.29685
    endloop
  endfacet
  facet normal 0 -1 0
    outer loop
      vertex 18.6437 66.5614 53.9065
      vertex 73.8619 66.5614 5.29685
      vertex 75.408 66.5614 5.031
    endloop
  endfacet
  facet normal 0 1 0
    outer loop
      vertex 18.6437 63.0614 53.9065
      vertex 76.9768 63.0614 5.03766
      vertex 75.408 63.0614 5.031
    endloop
  endfacet
  facet normal 0 -1 0
    outer loop
      vertex 18.6437 66.5614 53.9065
      vertex 75.408 66.5614 5.031
      vertex 76.9768 66.5614 5.03766
    endloop
  endfacet
  facet normal 0 1 0
    outer loop
      vertex 18.6437 63.0614 53.9065
      vertex 78.5206 63.0614 5.31664
      vertex 76.9768 63.0614 5.03766
    endloop
  endfacet
  facet normal 0 -1 0
    outer loop
      vertex 18.6437 66.5614 53.9065
      vertex 76.9768 66.5614 5.03766
      vertex 78.5206 66.5614 5.31664
    endloop
  endfacet
  facet normal 0 1 0
    outer loop
      vertex 18.6437 63.0614 53.9065
      vertex 79.9925 63.0614 5.85945
      vertex 78.5206 63.0614 5.31664
    endloop
  endfacet
  facet normal 0 -1 0
    outer loop
      vertex 18.6437 66.5614 53.9065
      vertex 78.5206 66.5614 5.31664
      vertex 79.9925 66.5614 5.85945
    endloop
  endfacet
  facet normal 0 1 0
    outer loop
      vertex 18.6437 63.0614 53.9065
      vertex 81.3477 63.0614 6.64962
      vertex 79.9925 63.0614 5.85945
    endloop
  endfacet
  facet normal 0 -1 0
    outer loop
      vertex 18.6437 66.5614 53.9065
      vertex 79.9925 66.5614 5.85945
      vertex 81.3477 66.5614 6.64962
    endloop
  endfacet
  facet normal 0 1 0
    outer loop
      vertex 18.6437 63.0614 53.9065
      vertex 82.5452 63.0614 7.66312
      vertex 81.3477 63.0614 6.64962
    endloop
  endfacet
  facet normal 0 -1 0
    outer loop
      vertex 18.6437 66.5614 53.9065
      vertex 81.3477 66.5614 6.64962
      vertex 82.5452 66.5614 7.66312
    endloop
  endfacet
  facet normal 0 1 0
    outer loop
      vertex 18.6437 63.0614 53.9065
      vertex 83.5485 63.0614 8.86916
      vertex 82.5452 63.0614 7.66312
    endloop
  endfacet
  facet normal 0 -1 0
    outer loop
      vertex 18.6437 66.5614 53.9065
      vertex 82.5452 66.5614 7.66312
      vertex 83.5485 66.5614 8.86916
    endloop
  endfacet
  facet normal 0 1 0
    outer loop
      vertex 18.6437 63.0614 53.9065
      vertex 84.3271 63.0614 10.2311
      vertex 83.5485 63.0614 8.86916
    endloop
  endfacet
  facet normal 0 -1 0
    outer loop
      vertex 18.6437 66.5614 53.9065
      vertex 83.5485 66.5614 8.86916
      vertex 84.3271 66.5614 10.2311
    endloop
  endfacet
  facet normal 0 1 0
    outer loop
      vertex 18.6437 63.0614 53.9065
      vertex 84.8574 63.0614 11.7076
      vertex 84.3271 63.0614 10.2311
    endloop
  endfacet
  facet normal 0 -1 0
    outer loop
      vertex 18.6437 66.5614 53.9065
      vertex 84.3271 66.5614 10.2311
      vertex 84.8574 66.5614 11.7076
    endloop
  endfacet
  facet normal 0 1 0
    outer loop
      vertex 18.6437 63.0614 53.9065
      vertex 85.1233 63.0614 13.2537
      vertex 84.8574 63.0614 11.7076
    endloop
  endfacet
  facet normal 0 -1 0
    outer loop
      vertex 18.6437 66.5614 53.9065
      vertex 84.8574 66.5614 11.7076
      vertex 85.1233 66.5614 13.2537
    endloop
  endfacet
  facet normal 0 1 0
    outer loop
      vertex 18.6437 63.0614 53.9065
      vertex 85.1166 63.0614 14.8225
      vertex 85.1233 63.0614 13.2537
    endloop
  endfacet
  facet normal 0 -1 0
    outer loop
      vertex 18.6437 66.5614 53.9065
      vertex 85.1233 66.5614 13.2537
      vertex 85.1166 66.5614 14.8225
    endloop
  endfacet
  facet normal 0 1 0
    outer loop
      vertex 18.6437 63.0614 53.9065
      vertex 84.8377 63.0614 16.3663
      vertex 85.1166 63.0614 14.8225
    endloop
  endfacet
  facet normal 0 -1 0
    outer loop
      vertex 18.6437 66.5614 53.9065
      vertex 85.1166 66.5614 14.8225
      vertex 84.8377 66.5614 16.3663
    endloop
  endfacet
  facet normal 0 1 0
    outer loop
      vertex 18.6437 63.0614 53.9065
      vertex 84.2948 63.0614 17.8382
      vertex 84.8377 63.0614 16.3663
    endloop
  endfacet
  facet normal 0 -1 0
    outer loop
      vertex 18.6437 66.5614 53.9065
      vertex 84.8377 66.5614 16.3663
      vertex 84.2948 66.5614 17.8382
    endloop
  endfacet
  facet normal 0 1 0
    outer loop
      vertex 18.6437 63.0614 53.9065
      vertex 83.5047 63.0614 19.1934
      vertex 84.2948 63.0614 17.8382
    endloop
  endfacet
  facet normal 0 -1 0
    outer loop
      vertex 18.6437 66.5614 53.9065
      vertex 84.2948 66.5614 17.8382
      vertex 83.5047 66.5614 19.1934
    endloop
  endfacet
  facet normal 0 1 0
    outer loop
      vertex 18.6437 63.0614 53.9065
      vertex 82.4912 63.0614 20.3909
      vertex 83.5047 63.0614 19.1934
    endloop
  endfacet
  facet normal 0 -1 0
    outer loop
      vertex 18.6437 66.5614 53.9065
      vertex 83.5047 66.5614 19.1934
      vertex 82.4912 66.5614 20.3909
    endloop
  endfacet
  facet normal 0 1 0
    outer loop
      vertex 18.6437 63.0614 53.9065
      vertex 81.2851 63.0614 21.3942
      vertex 82.4912 63.0614 20.3909
    endloop
  endfacet
  facet normal 0 -1 0
    outer loop
      vertex 18.6437 66.5614 53.9065
      vertex 82.4912 66.5614 20.3909
      vertex 81.2851 66.5614 21.3942
    endloop
  endfacet
  facet normal -0 1 -0
    outer loop
      vertex 18.6437 63.0614 53.9065
      vertex -33.7361 63.0614 101.207
      vertex 81.2851 63.0614 21.3942
    endloop
  endfacet
  facet normal 0 -1 0
    outer loop
      vertex 18.6437 66.5614 53.9065
      vertex 81.2851 66.5614 21.3942
      vertex -33.7361 66.5614 101.207
    endloop
  endfacet
  facet normal 0 1 0
    outer loop
      vertex 18.6437 63.0614 53.9065
      vertex -35.098 63.0614 101.986
      vertex -33.7361 63.0614 101.207
    endloop
  endfacet
  facet normal 0 -1 0
    outer loop
      vertex 18.6437 66.5614 53.9065
      vertex -33.7361 66.5614 101.207
      vertex -35.098 66.5614 101.986
    endloop
  endfacet
  facet normal 0 1 0
    outer loop
      vertex 18.6437 63.0614 53.9065
      vertex -36.5745 63.0614 102.516
      vertex -35.098 63.0614 101.986
    endloop
  endfacet
  facet normal 0 -1 0
    outer loop
      vertex 18.6437 66.5614 53.9065
      vertex -35.098 66.5614 101.986
      vertex -36.5745 66.5614 102.516
    endloop
  endfacet
  facet normal 0 1 0
    outer loop
      vertex 18.6437 63.0614 53.9065
      vertex -38.1206 63.0614 102.782
      vertex -36.5745 63.0614 102.516
    endloop
  endfacet
  facet normal 0 -1 0
    outer loop
      vertex 18.6437 66.5614 53.9065
      vertex -36.5745 66.5614 102.516
      vertex -38.1206 66.5614 102.782
    endloop
  endfacet
  facet normal 0 1 0
    outer loop
      vertex 18.6437 63.0614 53.9065
      vertex -39.6894 63.0614 102.775
      vertex -38.1206 63.0614 102.782
    endloop
  endfacet
  facet normal 0 -1 0
    outer loop
      vertex 18.6437 66.5614 53.9065
      vertex -38.1206 66.5614 102.782
      vertex -39.6894 66.5614 102.775
    endloop
  endfacet
  facet normal 0 1 0
    outer loop
      vertex 18.6437 63.0614 53.9065
      vertex -41.2332 63.0614 102.496
      vertex -39.6894 63.0614 102.775
    endloop
  endfacet
  facet normal 0 -1 0
    outer loop
      vertex 18.6437 66.5614 53.9065
      vertex -39.6894 66.5614 102.775
      vertex -41.2332 66.5614 102.496
    endloop
  endfacet
  facet normal 0 1 0
    outer loop
      vertex 18.6437 63.0614 53.9065
      vertex -42.7051 63.0614 101.954
      vertex -41.2332 63.0614 102.496
    endloop
  endfacet
  facet normal 0 -1 0
    outer loop
      vertex 18.6437 66.5614 53.9065
      vertex -41.2332 66.5614 102.496
      vertex -42.7051 66.5614 101.954
    endloop
  endfacet
  facet normal 0 1 0
    outer loop
      vertex 18.6437 63.0614 53.9065
      vertex -44.0604 63.0614 101.163
      vertex -42.7051 63.0614 101.954
    endloop
  endfacet
  facet normal 0 -1 0
    outer loop
      vertex 18.6437 66.5614 53.9065
      vertex -42.7051 66.5614 101.954
      vertex -44.0604 66.5614 101.163
    endloop
  endfacet
  facet normal 0 1 0
    outer loop
      vertex 18.6437 63.0614 53.9065
      vertex -45.2579 63.0614 100.15
      vertex -44.0604 63.0614 101.163
    endloop
  endfacet
  facet normal 0 -1 0
    outer loop
      vertex 18.6437 66.5614 53.9065
      vertex -44.0604 66.5614 101.163
      vertex -45.2579 66.5614 100.15
    endloop
  endfacet
  facet normal 0 1 0
    outer loop
      vertex 18.6437 63.0614 53.9065
      vertex -46.2611 63.0614 98.9439
      vertex -45.2579 63.0614 100.15
    endloop
  endfacet
  facet normal 0 -1 0
    outer loop
      vertex 18.6437 66.5614 53.9065
      vertex -45.2579 66.5614 100.15
      vertex -46.2611 66.5614 98.9439
    endloop
  endfacet
  facet normal 0 1 0
    outer loop
      vertex 18.6437 63.0614 53.9065
      vertex -47.0398 63.0614 97.5819
      vertex -46.2611 63.0614 98.9439
    endloop
  endfacet
  facet normal 0 -1 0
    outer loop
      vertex 18.6437 66.5614 53.9065
      vertex -46.2611 66.5614 98.9439
      vertex -47.0398 66.5614 97.5819
    endloop
  endfacet
  facet normal 0 1 0
    outer loop
      vertex 18.6437 63.0614 53.9065
      vertex -47.5701 63.0614 96.1055
      vertex -47.0398 63.0614 97.5819
    endloop
  endfacet
  facet normal 0 -1 0
    outer loop
      vertex 18.6437 66.5614 53.9065
      vertex -47.0398 66.5614 97.5819
      vertex -47.5701 66.5614 96.1055
    endloop
  endfacet
  facet normal 0 1 0
    outer loop
      vertex 18.6437 63.0614 53.9065
      vertex -47.8359 63.0614 94.5593
      vertex -47.5701 63.0614 96.1055
    endloop
  endfacet
  facet normal 0 -1 0
    outer loop
      vertex 18.6437 66.5614 53.9065
      vertex -47.5701 66.5614 96.1055
      vertex -47.8359 66.5614 94.5593
    endloop
  endfacet
  facet normal 0 1 0
    outer loop
      vertex 18.6437 63.0614 53.9065
      vertex -47.8293 63.0614 92.9906
      vertex -47.8359 63.0614 94.5593
    endloop
  endfacet
  facet normal 0 -1 0
    outer loop
      vertex 18.6437 66.5614 53.9065
      vertex -47.8359 66.5614 94.5593
      vertex -47.8293 66.5614 92.9906
    endloop
  endfacet
  facet normal 0 1 0
    outer loop
      vertex 18.6437 63.0614 53.9065
      vertex -47.5503 63.0614 91.4468
      vertex -47.8293 63.0614 92.9906
    endloop
  endfacet
  facet normal 0 -1 0
    outer loop
      vertex 18.6437 66.5614 53.9065
      vertex -47.8293 66.5614 92.9906
      vertex -47.5503 66.5614 91.4468
    endloop
  endfacet
  facet normal 0 1 0
    outer loop
      vertex 18.6437 63.0614 53.9065
      vertex -47.0075 63.0614 89.9749
      vertex -47.5503 63.0614 91.4468
    endloop
  endfacet
  facet normal 0 -1 0
    outer loop
      vertex 18.6437 66.5614 53.9065
      vertex -47.5503 66.5614 91.4468
      vertex -47.0075 66.5614 89.9749
    endloop
  endfacet
  facet normal 0 1 0
    outer loop
      vertex 18.6437 63.0614 53.9065
      vertex -46.2173 63.0614 88.6196
      vertex -47.0075 63.0614 89.9749
    endloop
  endfacet
  facet normal 0 -1 0
    outer loop
      vertex 18.6437 66.5614 53.9065
      vertex -47.0075 66.5614 89.9749
      vertex -46.2173 66.5614 88.6196
    endloop
  endfacet
  facet normal 0 1 0
    outer loop
      vertex 18.6437 63.0614 53.9065
      vertex -45.2038 63.0614 87.4221
      vertex -46.2173 63.0614 88.6196
    endloop
  endfacet
  facet normal 0 -1 0
    outer loop
      vertex 18.6437 66.5614 53.9065
      vertex -46.2173 66.5614 88.6196
      vertex -45.2038 66.5614 87.4221
    endloop
  endfacet
  facet normal 0 1 0
    outer loop
      vertex 18.6437 63.0614 53.9065
      vertex -43.9978 63.0614 86.4188
      vertex -45.2038 63.0614 87.4221
    endloop
  endfacet
  facet normal 0 -1 0
    outer loop
      vertex 18.6437 66.5614 53.9065
      vertex -45.2038 66.5614 87.4221
      vertex -43.9978 66.5614 86.4188
    endloop
  endfacet
  facet normal 0 1 0
    outer loop
      vertex 18.6437 63.0614 53.9065
      vertex 71.0235 63.0614 6.60578
      vertex -43.9978 63.0614 86.4188
    endloop
  endfacet
  facet normal -0 -1 -0
    outer loop
      vertex 18.6437 66.5614 53.9065
      vertex -43.9978 66.5614 86.4188
      vertex 71.0235 66.5614 6.60578
    endloop
  endfacet
  facet normal 0.391424 0 0.920211
    outer loop
      vertex 115.769 58.25 -21.9433
      vertex 117.212 58.25 -22.5574
      vertex 117.212 61.75 -22.5574
    endloop
  endfacet
  facet normal 0.391424 -0 0.920211
    outer loop
      vertex 115.769 58.25 -21.9433
      vertex 117.212 61.75 -22.5574
      vertex 115.769 61.75 -21.9433
    endloop
  endfacet
  facet normal 0.225684 0 0.974201
    outer loop
      vertex 117.212 58.25 -22.5574
      vertex 118.741 58.25 -22.9115
      vertex 118.741 61.75 -22.9115
    endloop
  endfacet
  facet normal 0.225684 -0 0.974201
    outer loop
      vertex 117.212 58.25 -22.5574
      vertex 118.741 61.75 -22.9115
      vertex 117.212 61.75 -22.5574
    endloop
  endfacet
  facet normal 0.0530875 0 0.99859
    outer loop
      vertex 118.741 58.25 -22.9115
      vertex 120.307 58.25 -22.9948
      vertex 120.307 61.75 -22.9948
    endloop
  endfacet
  facet normal 0.0530875 -0 0.99859
    outer loop
      vertex 118.741 58.25 -22.9115
      vertex 120.307 61.75 -22.9948
      vertex 118.741 61.75 -22.9115
    endloop
  endfacet
  facet normal -0.121122 0 0.992638
    outer loop
      vertex 120.307 58.25 -22.9948
      vertex 121.865 58.25 -22.8047
      vertex 121.865 61.75 -22.8047
    endloop
  endfacet
  facet normal -0.121122 0 0.992638
    outer loop
      vertex 120.307 58.25 -22.9948
      vertex 121.865 61.75 -22.8047
      vertex 120.307 61.75 -22.9948
    endloop
  endfacet
  facet normal -0.291652 0 0.956525
    outer loop
      vertex 121.865 58.25 -22.8047
      vertex 123.365 58.25 -22.3472
      vertex 123.365 61.75 -22.3472
    endloop
  endfacet
  facet normal -0.291652 0 0.956525
    outer loop
      vertex 121.865 58.25 -22.8047
      vertex 123.365 61.75 -22.3472
      vertex 121.865 61.75 -22.8047
    endloop
  endfacet
  facet normal -0.45332 0 0.891348
    outer loop
      vertex 123.365 58.25 -22.3472
      vertex 124.764 58.25 -21.636
      vertex 124.764 61.75 -21.636
    endloop
  endfacet
  facet normal -0.45332 0 0.891348
    outer loop
      vertex 123.365 58.25 -22.3472
      vertex 124.764 61.75 -21.636
      vertex 123.365 61.75 -22.3472
    endloop
  endfacet
  facet normal -0.601214 0 0.799088
    outer loop
      vertex 124.764 58.25 -21.636
      vertex 126.017 58.25 -20.6928
      vertex 126.017 61.75 -20.6928
    endloop
  endfacet
  facet normal -0.601214 0 0.799088
    outer loop
      vertex 124.764 58.25 -21.636
      vertex 126.017 61.75 -20.6928
      vertex 124.764 61.75 -21.636
    endloop
  endfacet
  facet normal -0.73084 0 0.682549
    outer loop
      vertex 126.017 58.25 -20.6928
      vertex 127.088 58.25 -19.5463
      vertex 127.088 61.75 -19.5463
    endloop
  endfacet
  facet normal -0.73084 0 0.682549
    outer loop
      vertex 126.017 58.25 -20.6928
      vertex 127.088 61.75 -19.5463
      vertex 126.017 61.75 -20.6928
    endloop
  endfacet
  facet normal -0.83826 0 0.54527
    outer loop
      vertex 127.088 58.25 -19.5463
      vertex 127.943 58.25 -18.2312
      vertex 127.943 61.75 -18.2312
    endloop
  endfacet
  facet normal -0.83826 0 0.54527
    outer loop
      vertex 127.088 58.25 -19.5463
      vertex 127.943 61.75 -18.2312
      vertex 127.088 61.75 -19.5463
    endloop
  endfacet
  facet normal -0.920211 0 0.391424
    outer loop
      vertex 127.943 58.25 -18.2312
      vertex 128.557 58.25 -16.7876
      vertex 128.557 61.75 -16.7876
    endloop
  endfacet
  facet normal -0.920211 0 0.391424
    outer loop
      vertex 127.943 58.25 -18.2312
      vertex 128.557 61.75 -16.7876
      vertex 127.943 61.75 -18.2312
    endloop
  endfacet
  facet normal -0.974201 0 0.225684
    outer loop
      vertex 128.557 58.25 -16.7876
      vertex 128.911 58.25 -15.2593
      vertex 128.911 61.75 -15.2593
    endloop
  endfacet
  facet normal -0.974201 0 0.225684
    outer loop
      vertex 128.557 58.25 -16.7876
      vertex 128.911 61.75 -15.2593
      vertex 128.557 61.75 -16.7876
    endloop
  endfacet
  facet normal -0.99859 0 0.0530875
    outer loop
      vertex 128.911 58.25 -15.2593
      vertex 128.995 58.25 -13.6927
      vertex 128.995 61.75 -13.6927
    endloop
  endfacet
  facet normal -0.99859 0 0.0530875
    outer loop
      vertex 128.911 58.25 -15.2593
      vertex 128.995 61.75 -13.6927
      vertex 128.911 61.75 -15.2593
    endloop
  endfacet
  facet normal -0.992638 0 -0.121122
    outer loop
      vertex 128.995 58.25 -13.6927
      vertex 128.805 58.25 -12.1354
      vertex 128.805 61.75 -12.1354
    endloop
  endfacet
  facet normal -0.992638 0 -0.121122
    outer loop
      vertex 128.995 58.25 -13.6927
      vertex 128.805 61.75 -12.1354
      vertex 128.995 61.75 -13.6927
    endloop
  endfacet
  facet normal -0.956525 0 -0.291652
    outer loop
      vertex 128.805 58.25 -12.1354
      vertex 128.347 58.25 -10.6348
      vertex 128.347 61.75 -10.6348
    endloop
  endfacet
  facet normal -0.956525 0 -0.291652
    outer loop
      vertex 128.805 58.25 -12.1354
      vertex 128.347 61.75 -10.6348
      vertex 128.805 61.75 -12.1354
    endloop
  endfacet
  facet normal -0.891348 0 -0.45332
    outer loop
      vertex 128.347 58.25 -10.6348
      vertex 127.636 58.25 -9.23647
      vertex 127.636 61.75 -9.23647
    endloop
  endfacet
  facet normal -0.891348 0 -0.45332
    outer loop
      vertex 128.347 58.25 -10.6348
      vertex 127.636 61.75 -9.23647
      vertex 128.347 61.75 -10.6348
    endloop
  endfacet
  facet normal -0.799088 0 -0.601214
    outer loop
      vertex 127.636 58.25 -9.23647
      vertex 126.693 58.25 -7.98286
      vertex 126.693 61.75 -7.98286
    endloop
  endfacet
  facet normal -0.799088 0 -0.601214
    outer loop
      vertex 127.636 58.25 -9.23647
      vertex 126.693 61.75 -7.98286
      vertex 127.636 61.75 -9.23647
    endloop
  endfacet
  facet normal -0.682549 0 -0.73084
    outer loop
      vertex 126.693 58.25 -7.98286
      vertex 125.546 58.25 -6.91208
      vertex 125.546 61.75 -6.91208
    endloop
  endfacet
  facet normal -0.682549 0 -0.73084
    outer loop
      vertex 126.693 58.25 -7.98286
      vertex 125.546 61.75 -6.91208
      vertex 126.693 61.75 -7.98286
    endloop
  endfacet
  facet normal -0.54527 0 -0.83826
    outer loop
      vertex 125.546 58.25 -6.91208
      vertex 124.231 58.25 -6.05665
      vertex 124.231 61.75 -6.05665
    endloop
  endfacet
  facet normal -0.54527 0 -0.83826
    outer loop
      vertex 125.546 58.25 -6.91208
      vertex 124.231 61.75 -6.05665
      vertex 125.546 61.75 -6.91208
    endloop
  endfacet
  facet normal -0.470136 0 -0.882594
    outer loop
      vertex 124.231 58.25 -6.05665
      vertex -34.6357 58.25 78.5678
      vertex -34.6357 61.75 78.5678
    endloop
  endfacet
  facet normal -0.470136 0 -0.882594
    outer loop
      vertex 124.231 58.25 -6.05665
      vertex -34.6357 61.75 78.5678
      vertex 124.231 61.75 -6.05665
    endloop
  endfacet
  facet normal -0.391424 0 -0.920211
    outer loop
      vertex -34.6357 58.25 78.5678
      vertex -36.0793 58.25 79.1819
      vertex -36.0793 61.75 79.1819
    endloop
  endfacet
  facet normal -0.391424 0 -0.920211
    outer loop
      vertex -34.6357 58.25 78.5678
      vertex -36.0793 61.75 79.1819
      vertex -34.6357 61.75 78.5678
    endloop
  endfacet
  facet normal -0.225684 0 -0.974201
    outer loop
      vertex -36.0793 58.25 79.1819
      vertex -37.6077 58.25 79.5359
      vertex -37.6077 61.75 79.5359
    endloop
  endfacet
  facet normal -0.225684 0 -0.974201
    outer loop
      vertex -36.0793 58.25 79.1819
      vertex -37.6077 61.75 79.5359
      vertex -36.0793 61.75 79.1819
    endloop
  endfacet
  facet normal -0.0530875 0 -0.99859
    outer loop
      vertex -37.6077 58.25 79.5359
      vertex -39.1743 58.25 79.6192
      vertex -39.1743 61.75 79.6192
    endloop
  endfacet
  facet normal -0.0530875 0 -0.99859
    outer loop
      vertex -37.6077 58.25 79.5359
      vertex -39.1743 61.75 79.6192
      vertex -37.6077 61.75 79.5359
    endloop
  endfacet
  facet normal 0.121122 0 -0.992638
    outer loop
      vertex -39.1743 58.25 79.6192
      vertex -40.7315 58.25 79.4292
      vertex -40.7315 61.75 79.4292
    endloop
  endfacet
  facet normal 0.121122 0 -0.992638
    outer loop
      vertex -39.1743 58.25 79.6192
      vertex -40.7315 61.75 79.4292
      vertex -39.1743 61.75 79.6192
    endloop
  endfacet
  facet normal 0.291652 0 -0.956525
    outer loop
      vertex -40.7315 58.25 79.4292
      vertex -42.2321 58.25 78.9717
      vertex -42.2321 61.75 78.9717
    endloop
  endfacet
  facet normal 0.291652 0 -0.956525
    outer loop
      vertex -40.7315 58.25 79.4292
      vertex -42.2321 61.75 78.9717
      vertex -40.7315 61.75 79.4292
    endloop
  endfacet
  facet normal 0.45332 0 -0.891348
    outer loop
      vertex -42.2321 58.25 78.9717
      vertex -43.6305 58.25 78.2605
      vertex -43.6305 61.75 78.2605
    endloop
  endfacet
  facet normal 0.45332 0 -0.891348
    outer loop
      vertex -42.2321 58.25 78.9717
      vertex -43.6305 61.75 78.2605
      vertex -42.2321 61.75 78.9717
    endloop
  endfacet
  facet normal 0.601214 0 -0.799088
    outer loop
      vertex -43.6305 58.25 78.2605
      vertex -44.8841 58.25 77.3173
      vertex -44.8841 61.75 77.3173
    endloop
  endfacet
  facet normal 0.601214 0 -0.799088
    outer loop
      vertex -43.6305 58.25 78.2605
      vertex -44.8841 61.75 77.3173
      vertex -43.6305 61.75 78.2605
    endloop
  endfacet
  facet normal 0.73084 0 -0.682549
    outer loop
      vertex -44.8841 58.25 77.3173
      vertex -45.9549 58.25 76.1708
      vertex -45.9549 61.75 76.1708
    endloop
  endfacet
  facet normal 0.73084 0 -0.682549
    outer loop
      vertex -44.8841 58.25 77.3173
      vertex -45.9549 61.75 76.1708
      vertex -44.8841 61.75 77.3173
    endloop
  endfacet
  facet normal 0.83826 0 -0.54527
    outer loop
      vertex -45.9549 58.25 76.1708
      vertex -46.8103 58.25 74.8557
      vertex -46.8103 61.75 74.8557
    endloop
  endfacet
  facet normal 0.83826 0 -0.54527
    outer loop
      vertex -45.9549 58.25 76.1708
      vertex -46.8103 61.75 74.8557
      vertex -45.9549 61.75 76.1708
    endloop
  endfacet
  facet normal 0.920211 0 -0.391424
    outer loop
      vertex -46.8103 58.25 74.8557
      vertex -47.4243 58.25 73.4121
      vertex -47.4243 61.75 73.4121
    endloop
  endfacet
  facet normal 0.920211 0 -0.391424
    outer loop
      vertex -46.8103 58.25 74.8557
      vertex -47.4243 61.75 73.4121
      vertex -46.8103 61.75 74.8557
    endloop
  endfacet
  facet normal 0.974201 0 -0.225684
    outer loop
      vertex -47.4243 58.25 73.4121
      vertex -47.7784 58.25 71.8837
      vertex -47.7784 61.75 71.8837
    endloop
  endfacet
  facet normal 0.974201 0 -0.225684
    outer loop
      vertex -47.4243 58.25 73.4121
      vertex -47.7784 61.75 71.8837
      vertex -47.4243 61.75 73.4121
    endloop
  endfacet
  facet normal 0.99859 0 -0.0530875
    outer loop
      vertex -47.7784 58.25 71.8837
      vertex -47.8617 58.25 70.3171
      vertex -47.8617 61.75 70.3171
    endloop
  endfacet
  facet normal 0.99859 0 -0.0530875
    outer loop
      vertex -47.7784 58.25 71.8837
      vertex -47.8617 61.75 70.3171
      vertex -47.7784 61.75 71.8837
    endloop
  endfacet
  facet normal 0.992638 0 0.121122
    outer loop
      vertex -47.8617 58.25 70.3171
      vertex -47.6717 58.25 68.7599
      vertex -47.6717 61.75 68.7599
    endloop
  endfacet
  facet normal 0.992638 -0 0.121122
    outer loop
      vertex -47.8617 58.25 70.3171
      vertex -47.6717 61.75 68.7599
      vertex -47.8617 61.75 70.3171
    endloop
  endfacet
  facet normal 0.956525 0 0.291652
    outer loop
      vertex -47.6717 58.25 68.7599
      vertex -47.2141 58.25 67.2593
      vertex -47.2141 61.75 67.2593
    endloop
  endfacet
  facet normal 0.956525 -0 0.291652
    outer loop
      vertex -47.6717 58.25 68.7599
      vertex -47.2141 61.75 67.2593
      vertex -47.6717 61.75 68.7599
    endloop
  endfacet
  facet normal 0.891348 0 0.45332
    outer loop
      vertex -47.2141 58.25 67.2593
      vertex -46.5029 58.25 65.8609
      vertex -46.5029 61.75 65.8609
    endloop
  endfacet
  facet normal 0.891348 -0 0.45332
    outer loop
      vertex -47.2141 58.25 67.2593
      vertex -46.5029 61.75 65.8609
      vertex -47.2141 61.75 67.2593
    endloop
  endfacet
  facet normal 0.799088 0 0.601214
    outer loop
      vertex -46.5029 58.25 65.8609
      vertex -45.5598 58.25 64.6073
      vertex -45.5598 61.75 64.6073
    endloop
  endfacet
  facet normal 0.799088 -0 0.601214
    outer loop
      vertex -46.5029 58.25 65.8609
      vertex -45.5598 61.75 64.6073
      vertex -46.5029 61.75 65.8609
    endloop
  endfacet
  facet normal 0.682549 0 0.73084
    outer loop
      vertex -45.5598 58.25 64.6073
      vertex -44.4132 58.25 63.5365
      vertex -44.4132 61.75 63.5365
    endloop
  endfacet
  facet normal 0.682549 -0 0.73084
    outer loop
      vertex -45.5598 58.25 64.6073
      vertex -44.4132 61.75 63.5365
      vertex -45.5598 61.75 64.6073
    endloop
  endfacet
  facet normal 0.54527 0 0.83826
    outer loop
      vertex -44.4132 58.25 63.5365
      vertex -43.0982 58.25 62.6811
      vertex -43.0982 61.75 62.6811
    endloop
  endfacet
  facet normal 0.54527 -0 0.83826
    outer loop
      vertex -44.4132 58.25 63.5365
      vertex -43.0982 61.75 62.6811
      vertex -44.4132 61.75 63.5365
    endloop
  endfacet
  facet normal 0.470136 0 0.882594
    outer loop
      vertex -43.0982 58.25 62.6811
      vertex 115.769 58.25 -21.9433
      vertex 115.769 61.75 -21.9433
    endloop
  endfacet
  facet normal 0.470136 -0 0.882594
    outer loop
      vertex -43.0982 58.25 62.6811
      vertex 115.769 61.75 -21.9433
      vertex -43.0982 61.75 62.6811
    endloop
  endfacet
  facet normal 0 1 0
    outer loop
      vertex 40.5665 58.25 28.3122
      vertex 117.212 58.25 -22.5574
      vertex 115.769 58.25 -21.9433
    endloop
  endfacet
  facet normal 0 -1 0
    outer loop
      vertex 40.5665 61.75 28.3122
      vertex 115.769 61.75 -21.9433
      vertex 117.212 61.75 -22.5574
    endloop
  endfacet
  facet normal 0 1 0
    outer loop
      vertex 40.5665 58.25 28.3122
      vertex 118.741 58.25 -22.9115
      vertex 117.212 58.25 -22.5574
    endloop
  endfacet
  facet normal 0 -1 0
    outer loop
      vertex 40.5665 61.75 28.3122
      vertex 117.212 61.75 -22.5574
      vertex 118.741 61.75 -22.9115
    endloop
  endfacet
  facet normal 0 1 0
    outer loop
      vertex 40.5665 58.25 28.3122
      vertex 120.307 58.25 -22.9948
      vertex 118.741 58.25 -22.9115
    endloop
  endfacet
  facet normal 0 -1 0
    outer loop
      vertex 40.5665 61.75 28.3122
      vertex 118.741 61.75 -22.9115
      vertex 120.307 61.75 -22.9948
    endloop
  endfacet
  facet normal 0 1 0
    outer loop
      vertex 40.5665 58.25 28.3122
      vertex 121.865 58.25 -22.8047
      vertex 120.307 58.25 -22.9948
    endloop
  endfacet
  facet normal 0 -1 0
    outer loop
      vertex 40.5665 61.75 28.3122
      vertex 120.307 61.75 -22.9948
      vertex 121.865 61.75 -22.8047
    endloop
  endfacet
  facet normal 0 1 0
    outer loop
      vertex 40.5665 58.25 28.3122
      vertex 123.365 58.25 -22.3472
      vertex 121.865 58.25 -22.8047
    endloop
  endfacet
  facet normal 0 -1 0
    outer loop
      vertex 40.5665 61.75 28.3122
      vertex 121.865 61.75 -22.8047
      vertex 123.365 61.75 -22.3472
    endloop
  endfacet
  facet normal 0 1 0
    outer loop
      vertex 40.5665 58.25 28.3122
      vertex 124.764 58.25 -21.636
      vertex 123.365 58.25 -22.3472
    endloop
  endfacet
  facet normal 0 -1 0
    outer loop
      vertex 40.5665 61.75 28.3122
      vertex 123.365 61.75 -22.3472
      vertex 124.764 61.75 -21.636
    endloop
  endfacet
  facet normal 0 1 0
    outer loop
      vertex 40.5665 58.25 28.3122
      vertex 126.017 58.25 -20.6928
      vertex 124.764 58.25 -21.636
    endloop
  endfacet
  facet normal 0 -1 0
    outer loop
      vertex 40.5665 61.75 28.3122
      vertex 124.764 61.75 -21.636
      vertex 126.017 61.75 -20.6928
    endloop
  endfacet
  facet normal 0 1 0
    outer loop
      vertex 40.5665 58.25 28.3122
      vertex 127.088 58.25 -19.5463
      vertex 126.017 58.25 -20.6928
    endloop
  endfacet
  facet normal 0 -1 0
    outer loop
      vertex 40.5665 61.75 28.3122
      vertex 126.017 61.75 -20.6928
      vertex 127.088 61.75 -19.5463
    endloop
  endfacet
  facet normal 0 1 0
    outer loop
      vertex 40.5665 58.25 28.3122
      vertex 127.943 58.25 -18.2312
      vertex 127.088 58.25 -19.5463
    endloop
  endfacet
  facet normal 0 -1 0
    outer loop
      vertex 40.5665 61.75 28.3122
      vertex 127.088 61.75 -19.5463
      vertex 127.943 61.75 -18.2312
    endloop
  endfacet
  facet normal 0 1 0
    outer loop
      vertex 40.5665 58.25 28.3122
      vertex 128.557 58.25 -16.7876
      vertex 127.943 58.25 -18.2312
    endloop
  endfacet
  facet normal 0 -1 0
    outer loop
      vertex 40.5665 61.75 28.3122
      vertex 127.943 61.75 -18.2312
      vertex 128.557 61.75 -16.7876
    endloop
  endfacet
  facet normal 0 1 0
    outer loop
      vertex 40.5665 58.25 28.3122
      vertex 128.911 58.25 -15.2593
      vertex 128.557 58.25 -16.7876
    endloop
  endfacet
  facet normal 0 -1 0
    outer loop
      vertex 40.5665 61.75 28.3122
      vertex 128.557 61.75 -16.7876
      vertex 128.911 61.75 -15.2593
    endloop
  endfacet
  facet normal 0 1 0
    outer loop
      vertex 40.5665 58.25 28.3122
      vertex 128.995 58.25 -13.6927
      vertex 128.911 58.25 -15.2593
    endloop
  endfacet
  facet normal 0 -1 0
    outer loop
      vertex 40.5665 61.75 28.3122
      vertex 128.911 61.75 -15.2593
      vertex 128.995 61.75 -13.6927
    endloop
  endfacet
  facet normal 0 1 0
    outer loop
      vertex 40.5665 58.25 28.3122
      vertex 128.805 58.25 -12.1354
      vertex 128.995 58.25 -13.6927
    endloop
  endfacet
  facet normal 0 -1 0
    outer loop
      vertex 40.5665 61.75 28.3122
      vertex 128.995 61.75 -13.6927
      vertex 128.805 61.75 -12.1354
    endloop
  endfacet
  facet normal 0 1 0
    outer loop
      vertex 40.5665 58.25 28.3122
      vertex 128.347 58.25 -10.6348
      vertex 128.805 58.25 -12.1354
    endloop
  endfacet
  facet normal 0 -1 0
    outer loop
      vertex 40.5665 61.75 28.3122
      vertex 128.805 61.75 -12.1354
      vertex 128.347 61.75 -10.6348
    endloop
  endfacet
  facet normal 0 1 0
    outer loop
      vertex 40.5665 58.25 28.3122
      vertex 127.636 58.25 -9.23647
      vertex 128.347 58.25 -10.6348
    endloop
  endfacet
  facet normal 0 -1 0
    outer loop
      vertex 40.5665 61.75 28.3122
      vertex 128.347 61.75 -10.6348
      vertex 127.636 61.75 -9.23647
    endloop
  endfacet
  facet normal 0 1 0
    outer loop
      vertex 40.5665 58.25 28.3122
      vertex 126.693 58.25 -7.98286
      vertex 127.636 58.25 -9.23647
    endloop
  endfacet
  facet normal 0 -1 0
    outer loop
      vertex 40.5665 61.75 28.3122
      vertex 127.636 61.75 -9.23647
      vertex 126.693 61.75 -7.98286
    endloop
  endfacet
  facet normal 0 1 0
    outer loop
      vertex 40.5665 58.25 28.3122
      vertex 125.546 58.25 -6.91208
      vertex 126.693 58.25 -7.98286
    endloop
  endfacet
  facet normal 0 -1 0
    outer loop
      vertex 40.5665 61.75 28.3122
      vertex 126.693 61.75 -7.98286
      vertex 125.546 61.75 -6.91208
    endloop
  endfacet
  facet normal 0 1 0
    outer loop
      vertex 40.5665 58.25 28.3122
      vertex 124.231 58.25 -6.05665
      vertex 125.546 58.25 -6.91208
    endloop
  endfacet
  facet normal 0 -1 0
    outer loop
      vertex 40.5665 61.75 28.3122
      vertex 125.546 61.75 -6.91208
      vertex 124.231 61.75 -6.05665
    endloop
  endfacet
  facet normal -0 1 -0
    outer loop
      vertex 40.5665 58.25 28.3122
      vertex -34.6357 58.25 78.5678
      vertex 124.231 58.25 -6.05665
    endloop
  endfacet
  facet normal 0 -1 0
    outer loop
      vertex 40.5665 61.75 28.3122
      vertex 124.231 61.75 -6.05665
      vertex -34.6357 61.75 78.5678
    endloop
  endfacet
  facet normal 0 1 0
    outer loop
      vertex 40.5665 58.25 28.3122
      vertex -36.0793 58.25 79.1819
      vertex -34.6357 58.25 78.5678
    endloop
  endfacet
  facet normal 0 -1 0
    outer loop
      vertex 40.5665 61.75 28.3122
      vertex -34.6357 61.75 78.5678
      vertex -36.0793 61.75 79.1819
    endloop
  endfacet
  facet normal 0 1 0
    outer loop
      vertex 40.5665 58.25 28.3122
      vertex -37.6077 58.25 79.5359
      vertex -36.0793 58.25 79.1819
    endloop
  endfacet
  facet normal 0 -1 0
    outer loop
      vertex 40.5665 61.75 28.3122
      vertex -36.0793 61.75 79.1819
      vertex -37.6077 61.75 79.5359
    endloop
  endfacet
  facet normal 0 1 0
    outer loop
      vertex 40.5665 58.25 28.3122
      vertex -39.1743 58.25 79.6192
      vertex -37.6077 58.25 79.5359
    endloop
  endfacet
  facet normal 0 -1 0
    outer loop
      vertex 40.5665 61.75 28.3122
      vertex -37.6077 61.75 79.5359
      vertex -39.1743 61.75 79.6192
    endloop
  endfacet
  facet normal 0 1 0
    outer loop
      vertex 40.5665 58.25 28.3122
      vertex -40.7315 58.25 79.4292
      vertex -39.1743 58.25 79.6192
    endloop
  endfacet
  facet normal 0 -1 0
    outer loop
      vertex 40.5665 61.75 28.3122
      vertex -39.1743 61.75 79.6192
      vertex -40.7315 61.75 79.4292
    endloop
  endfacet
  facet normal 0 1 0
    outer loop
      vertex 40.5665 58.25 28.3122
      vertex -42.2321 58.25 78.9717
      vertex -40.7315 58.25 79.4292
    endloop
  endfacet
  facet normal 0 -1 0
    outer loop
      vertex 40.5665 61.75 28.3122
      vertex -40.7315 61.75 79.4292
      vertex -42.2321 61.75 78.9717
    endloop
  endfacet
  facet normal 0 1 0
    outer loop
      vertex 40.5665 58.25 28.3122
      vertex -43.6305 58.25 78.2605
      vertex -42.2321 58.25 78.9717
    endloop
  endfacet
  facet normal 0 -1 0
    outer loop
      vertex 40.5665 61.75 28.3122
      vertex -42.2321 61.75 78.9717
      vertex -43.6305 61.75 78.2605
    endloop
  endfacet
  facet normal 0 1 0
    outer loop
      vertex 40.5665 58.25 28.3122
      vertex -44.8841 58.25 77.3173
      vertex -43.6305 58.25 78.2605
    endloop
  endfacet
  facet normal 0 -1 0
    outer loop
      vertex 40.5665 61.75 28.3122
      vertex -43.6305 61.75 78.2605
      vertex -44.8841 61.75 77.3173
    endloop
  endfacet
  facet normal 0 1 0
    outer loop
      vertex 40.5665 58.25 28.3122
      vertex -45.9549 58.25 76.1708
      vertex -44.8841 58.25 77.3173
    endloop
  endfacet
  facet normal 0 -1 0
    outer loop
      vertex 40.5665 61.75 28.3122
      vertex -44.8841 61.75 77.3173
      vertex -45.9549 61.75 76.1708
    endloop
  endfacet
  facet normal 0 1 0
    outer loop
      vertex 40.5665 58.25 28.3122
      vertex -46.8103 58.25 74.8557
      vertex -45.9549 58.25 76.1708
    endloop
  endfacet
  facet normal 0 -1 0
    outer loop
      vertex 40.5665 61.75 28.3122
      vertex -45.9549 61.75 76.1708
      vertex -46.8103 61.75 74.8557
    endloop
  endfacet
  facet normal 0 1 0
    outer loop
      vertex 40.5665 58.25 28.3122
      vertex -47.4243 58.25 73.4121
      vertex -46.8103 58.25 74.8557
    endloop
  endfacet
  facet normal 0 -1 0
    outer loop
      vertex 40.5665 61.75 28.3122
      vertex -46.8103 61.75 74.8557
      vertex -47.4243 61.75 73.4121
    endloop
  endfacet
  facet normal 0 1 0
    outer loop
      vertex 40.5665 58.25 28.3122
      vertex -47.7784 58.25 71.8837
      vertex -47.4243 58.25 73.4121
    endloop
  endfacet
  facet normal 0 -1 0
    outer loop
      vertex 40.5665 61.75 28.3122
      vertex -47.4243 61.75 73.4121
      vertex -47.7784 61.75 71.8837
    endloop
  endfacet
  facet normal 0 1 0
    outer loop
      vertex 40.5665 58.25 28.3122
      vertex -47.8617 58.25 70.3171
      vertex -47.7784 58.25 71.8837
    endloop
  endfacet
  facet normal 0 -1 0
    outer loop
      vertex 40.5665 61.75 28.3122
      vertex -47.7784 61.75 71.8837
      vertex -47.8617 61.75 70.3171
    endloop
  endfacet
  facet normal 0 1 0
    outer loop
      vertex 40.5665 58.25 28.3122
      vertex -47.6717 58.25 68.7599
      vertex -47.8617 58.25 70.3171
    endloop
  endfacet
  facet normal 0 -1 0
    outer loop
      vertex 40.5665 61.75 28.3122
      vertex -47.8617 61.75 70.3171
      vertex -47.6717 61.75 68.7599
    endloop
  endfacet
  facet normal 0 1 0
    outer loop
      vertex 40.5665 58.25 28.3122
      vertex -47.2141 58.25 67.2593
      vertex -47.6717 58.25 68.7599
    endloop
  endfacet
  facet normal 0 -1 0
    outer loop
      vertex 40.5665 61.75 28.3122
      vertex -47.6717 61.75 68.7599
      vertex -47.2141 61.75 67.2593
    endloop
  endfacet
  facet normal 0 1 0
    outer loop
      vertex 40.5665 58.25 28.3122
      vertex -46.5029 58.25 65.8609
      vertex -47.2141 58.25 67.2593
    endloop
  endfacet
  facet normal 0 -1 0
    outer loop
      vertex 40.5665 61.75 28.3122
      vertex -47.2141 61.75 67.2593
      vertex -46.5029 61.75 65.8609
    endloop
  endfacet
  facet normal 0 1 0
    outer loop
      vertex 40.5665 58.25 28.3122
      vertex -45.5598 58.25 64.6073
      vertex -46.5029 58.25 65.8609
    endloop
  endfacet
  facet normal 0 -1 0
    outer loop
      vertex 40.5665 61.75 28.3122
      vertex -46.5029 61.75 65.8609
      vertex -45.5598 61.75 64.6073
    endloop
  endfacet
  facet normal 0 1 0
    outer loop
      vertex 40.5665 58.25 28.3122
      vertex -44.4132 58.25 63.5365
      vertex -45.5598 58.25 64.6073
    endloop
  endfacet
  facet normal 0 -1 0
    outer loop
      vertex 40.5665 61.75 28.3122
      vertex -45.5598 61.75 64.6073
      vertex -44.4132 61.75 63.5365
    endloop
  endfacet
  facet normal 0 1 0
    outer loop
      vertex 40.5665 58.25 28.3122
      vertex -43.0982 58.25 62.6811
      vertex -44.4132 58.25 63.5365
    endloop
  endfacet
  facet normal 0 -1 0
    outer loop
      vertex 40.5665 61.75 28.3122
      vertex -44.4132 61.75 63.5365
      vertex -43.0982 61.75 62.6811
    endloop
  endfacet
  facet normal 0 1 0
    outer loop
      vertex 40.5665 58.25 28.3122
      vertex 115.769 58.25 -21.9433
      vertex -43.0982 58.25 62.6811
    endloop
  endfacet
  facet normal -0 -1 -0
    outer loop
      vertex 40.5665 61.75 28.3122
      vertex -43.0982 61.75 62.6811
      vertex 115.769 61.75 -21.9433
    endloop
  endfacet
  facet normal 0.391424 0 0.920211
    outer loop
      vertex 115.769 58.25 6.05665
      vertex 117.212 58.25 5.44259
      vertex 117.212 61.75 5.44259
    endloop
  endfacet
  facet normal 0.391424 -0 0.920211
    outer loop
      vertex 115.769 58.25 6.05665
      vertex 117.212 61.75 5.44259
      vertex 115.769 61.75 6.05665
    endloop
  endfacet
  facet normal 0.225684 0 0.974201
    outer loop
      vertex 117.212 58.25 5.44259
      vertex 118.741 58.25 5.08853
      vertex 118.741 61.75 5.08853
    endloop
  endfacet
  facet normal 0.225684 -0 0.974201
    outer loop
      vertex 117.212 58.25 5.44259
      vertex 118.741 61.75 5.08853
      vertex 117.212 61.75 5.44259
    endloop
  endfacet
  facet normal 0.0530875 0 0.99859
    outer loop
      vertex 118.741 58.25 5.08853
      vertex 120.307 58.25 5.00525
      vertex 120.307 61.75 5.00525
    endloop
  endfacet
  facet normal 0.0530875 -0 0.99859
    outer loop
      vertex 118.741 58.25 5.08853
      vertex 120.307 61.75 5.00525
      vertex 118.741 61.75 5.08853
    endloop
  endfacet
  facet normal -0.121122 0 0.992638
    outer loop
      vertex 120.307 58.25 5.00525
      vertex 121.865 58.25 5.19527
      vertex 121.865 61.75 5.19527
    endloop
  endfacet
  facet normal -0.121122 0 0.992638
    outer loop
      vertex 120.307 58.25 5.00525
      vertex 121.865 61.75 5.19527
      vertex 120.307 61.75 5.00525
    endloop
  endfacet
  facet normal -0.291652 0 0.956525
    outer loop
      vertex 121.865 58.25 5.19527
      vertex 123.365 58.25 5.65281
      vertex 123.365 61.75 5.65281
    endloop
  endfacet
  facet normal -0.291652 0 0.956525
    outer loop
      vertex 121.865 58.25 5.19527
      vertex 123.365 61.75 5.65281
      vertex 121.865 61.75 5.19527
    endloop
  endfacet
  facet normal -0.45332 0 0.891348
    outer loop
      vertex 123.365 58.25 5.65281
      vertex 124.764 58.25 6.36398
      vertex 124.764 61.75 6.36398
    endloop
  endfacet
  facet normal -0.45332 0 0.891348
    outer loop
      vertex 123.365 58.25 5.65281
      vertex 124.764 61.75 6.36398
      vertex 123.365 61.75 5.65281
    endloop
  endfacet
  facet normal -0.601214 0 0.799088
    outer loop
      vertex 124.764 58.25 6.36398
      vertex 126.017 58.25 7.30717
      vertex 126.017 61.75 7.30717
    endloop
  endfacet
  facet normal -0.601214 0 0.799088
    outer loop
      vertex 124.764 58.25 6.36398
      vertex 126.017 61.75 7.30717
      vertex 124.764 61.75 6.36398
    endloop
  endfacet
  facet normal -0.73084 0 0.682549
    outer loop
      vertex 126.017 58.25 7.30717
      vertex 127.088 58.25 8.45371
      vertex 127.088 61.75 8.45371
    endloop
  endfacet
  facet normal -0.73084 0 0.682549
    outer loop
      vertex 126.017 58.25 7.30717
      vertex 127.088 61.75 8.45371
      vertex 126.017 61.75 7.30717
    endloop
  endfacet
  facet normal -0.83826 0 0.54527
    outer loop
      vertex 127.088 58.25 8.45371
      vertex 127.943 58.25 9.76878
      vertex 127.943 61.75 9.76878
    endloop
  endfacet
  facet normal -0.83826 0 0.54527
    outer loop
      vertex 127.088 58.25 8.45371
      vertex 127.943 61.75 9.76878
      vertex 127.088 61.75 8.45371
    endloop
  endfacet
  facet normal -0.920211 0 0.391424
    outer loop
      vertex 127.943 58.25 9.76878
      vertex 128.557 58.25 11.2124
      vertex 128.557 61.75 11.2124
    endloop
  endfacet
  facet normal -0.920211 0 0.391424
    outer loop
      vertex 127.943 58.25 9.76878
      vertex 128.557 61.75 11.2124
      vertex 127.943 61.75 9.76878
    endloop
  endfacet
  facet normal -0.974201 0 0.225684
    outer loop
      vertex 128.557 58.25 11.2124
      vertex 128.911 58.25 12.7407
      vertex 128.911 61.75 12.7407
    endloop
  endfacet
  facet normal -0.974201 0 0.225684
    outer loop
      vertex 128.557 58.25 11.2124
      vertex 128.911 61.75 12.7407
      vertex 128.557 61.75 11.2124
    endloop
  endfacet
  facet normal -0.99859 0 0.0530875
    outer loop
      vertex 128.911 58.25 12.7407
      vertex 128.995 58.25 14.3073
      vertex 128.995 61.75 14.3073
    endloop
  endfacet
  facet normal -0.99859 0 0.0530875
    outer loop
      vertex 128.911 58.25 12.7407
      vertex 128.995 61.75 14.3073
      vertex 128.911 61.75 12.7407
    endloop
  endfacet
  facet normal -0.992638 0 -0.121122
    outer loop
      vertex 128.995 58.25 14.3073
      vertex 128.805 58.25 15.8646
      vertex 128.805 61.75 15.8646
    endloop
  endfacet
  facet normal -0.992638 0 -0.121122
    outer loop
      vertex 128.995 58.25 14.3073
      vertex 128.805 61.75 15.8646
      vertex 128.995 61.75 14.3073
    endloop
  endfacet
  facet normal -0.956525 0 -0.291652
    outer loop
      vertex 128.805 58.25 15.8646
      vertex 128.347 58.25 17.3652
      vertex 128.347 61.75 17.3652
    endloop
  endfacet
  facet normal -0.956525 0 -0.291652
    outer loop
      vertex 128.805 58.25 15.8646
      vertex 128.347 61.75 17.3652
      vertex 128.805 61.75 15.8646
    endloop
  endfacet
  facet normal -0.891348 0 -0.45332
    outer loop
      vertex 128.347 58.25 17.3652
      vertex 127.636 58.25 18.7635
      vertex 127.636 61.75 18.7635
    endloop
  endfacet
  facet normal -0.891348 0 -0.45332
    outer loop
      vertex 128.347 58.25 17.3652
      vertex 127.636 61.75 18.7635
      vertex 128.347 61.75 17.3652
    endloop
  endfacet
  facet normal -0.799088 0 -0.601214
    outer loop
      vertex 127.636 58.25 18.7635
      vertex 126.693 58.25 20.0171
      vertex 126.693 61.75 20.0171
    endloop
  endfacet
  facet normal -0.799088 0 -0.601214
    outer loop
      vertex 127.636 58.25 18.7635
      vertex 126.693 61.75 20.0171
      vertex 127.636 61.75 18.7635
    endloop
  endfacet
  facet normal -0.682549 0 -0.73084
    outer loop
      vertex 126.693 58.25 20.0171
      vertex 125.546 58.25 21.0879
      vertex 125.546 61.75 21.0879
    endloop
  endfacet
  facet normal -0.682549 0 -0.73084
    outer loop
      vertex 126.693 58.25 20.0171
      vertex 125.546 61.75 21.0879
      vertex 126.693 61.75 20.0171
    endloop
  endfacet
  facet normal -0.54527 0 -0.83826
    outer loop
      vertex 125.546 58.25 21.0879
      vertex 124.231 58.25 21.9433
      vertex 124.231 61.75 21.9433
    endloop
  endfacet
  facet normal -0.54527 0 -0.83826
    outer loop
      vertex 125.546 58.25 21.0879
      vertex 124.231 61.75 21.9433
      vertex 125.546 61.75 21.0879
    endloop
  endfacet
  facet normal -0.470136 0 -0.882594
    outer loop
      vertex 124.231 58.25 21.9433
      vertex -34.6357 58.25 106.568
      vertex -34.6357 61.75 106.568
    endloop
  endfacet
  facet normal -0.470136 0 -0.882594
    outer loop
      vertex 124.231 58.25 21.9433
      vertex -34.6357 61.75 106.568
      vertex 124.231 61.75 21.9433
    endloop
  endfacet
  facet normal -0.391424 0 -0.920211
    outer loop
      vertex -34.6357 58.25 106.568
      vertex -36.0793 58.25 107.182
      vertex -36.0793 61.75 107.182
    endloop
  endfacet
  facet normal -0.391424 0 -0.920211
    outer loop
      vertex -34.6357 58.25 106.568
      vertex -36.0793 61.75 107.182
      vertex -34.6357 61.75 106.568
    endloop
  endfacet
  facet normal -0.225684 0 -0.974201
    outer loop
      vertex -36.0793 58.25 107.182
      vertex -37.6077 58.25 107.536
      vertex -37.6077 61.75 107.536
    endloop
  endfacet
  facet normal -0.225684 0 -0.974201
    outer loop
      vertex -36.0793 58.25 107.182
      vertex -37.6077 61.75 107.536
      vertex -36.0793 61.75 107.182
    endloop
  endfacet
  facet normal -0.0530875 0 -0.99859
    outer loop
      vertex -37.6077 58.25 107.536
      vertex -39.1743 58.25 107.619
      vertex -39.1743 61.75 107.619
    endloop
  endfacet
  facet normal -0.0530875 0 -0.99859
    outer loop
      vertex -37.6077 58.25 107.536
      vertex -39.1743 61.75 107.619
      vertex -37.6077 61.75 107.536
    endloop
  endfacet
  facet normal 0.121122 0 -0.992638
    outer loop
      vertex -39.1743 58.25 107.619
      vertex -40.7315 58.25 107.429
      vertex -40.7315 61.75 107.429
    endloop
  endfacet
  facet normal 0.121122 0 -0.992638
    outer loop
      vertex -39.1743 58.25 107.619
      vertex -40.7315 61.75 107.429
      vertex -39.1743 61.75 107.619
    endloop
  endfacet
  facet normal 0.291652 0 -0.956525
    outer loop
      vertex -40.7315 58.25 107.429
      vertex -42.2321 58.25 106.972
      vertex -42.2321 61.75 106.972
    endloop
  endfacet
  facet normal 0.291652 0 -0.956525
    outer loop
      vertex -40.7315 58.25 107.429
      vertex -42.2321 61.75 106.972
      vertex -40.7315 61.75 107.429
    endloop
  endfacet
  facet normal 0.45332 0 -0.891348
    outer loop
      vertex -42.2321 58.25 106.972
      vertex -43.6305 58.25 106.26
      vertex -43.6305 61.75 106.26
    endloop
  endfacet
  facet normal 0.45332 0 -0.891348
    outer loop
      vertex -42.2321 58.25 106.972
      vertex -43.6305 61.75 106.26
      vertex -42.2321 61.75 106.972
    endloop
  endfacet
  facet normal 0.601214 0 -0.799088
    outer loop
      vertex -43.6305 58.25 106.26
      vertex -44.8841 58.25 105.317
      vertex -44.8841 61.75 105.317
    endloop
  endfacet
  facet normal 0.601214 0 -0.799088
    outer loop
      vertex -43.6305 58.25 106.26
      vertex -44.8841 61.75 105.317
      vertex -43.6305 61.75 106.26
    endloop
  endfacet
  facet normal 0.73084 0 -0.682549
    outer loop
      vertex -44.8841 58.25 105.317
      vertex -45.9549 58.25 104.171
      vertex -45.9549 61.75 104.171
    endloop
  endfacet
  facet normal 0.73084 0 -0.682549
    outer loop
      vertex -44.8841 58.25 105.317
      vertex -45.9549 61.75 104.171
      vertex -44.8841 61.75 105.317
    endloop
  endfacet
  facet normal 0.83826 0 -0.54527
    outer loop
      vertex -45.9549 58.25 104.171
      vertex -46.8103 58.25 102.856
      vertex -46.8103 61.75 102.856
    endloop
  endfacet
  facet normal 0.83826 0 -0.54527
    outer loop
      vertex -45.9549 58.25 104.171
      vertex -46.8103 61.75 102.856
      vertex -45.9549 61.75 104.171
    endloop
  endfacet
  facet normal 0.920211 0 -0.391424
    outer loop
      vertex -46.8103 58.25 102.856
      vertex -47.4243 58.25 101.412
      vertex -47.4243 61.75 101.412
    endloop
  endfacet
  facet normal 0.920211 0 -0.391424
    outer loop
      vertex -46.8103 58.25 102.856
      vertex -47.4243 61.75 101.412
      vertex -46.8103 61.75 102.856
    endloop
  endfacet
  facet normal 0.974201 0 -0.225684
    outer loop
      vertex -47.4243 58.25 101.412
      vertex -47.7784 58.25 99.8837
      vertex -47.7784 61.75 99.8837
    endloop
  endfacet
  facet normal 0.974201 0 -0.225684
    outer loop
      vertex -47.4243 58.25 101.412
      vertex -47.7784 61.75 99.8837
      vertex -47.4243 61.75 101.412
    endloop
  endfacet
  facet normal 0.99859 0 -0.0530875
    outer loop
      vertex -47.7784 58.25 99.8837
      vertex -47.8617 58.25 98.3171
      vertex -47.8617 61.75 98.3171
    endloop
  endfacet
  facet normal 0.99859 0 -0.0530875
    outer loop
      vertex -47.7784 58.25 99.8837
      vertex -47.8617 61.75 98.3171
      vertex -47.7784 61.75 99.8837
    endloop
  endfacet
  facet normal 0.992638 0 0.121122
    outer loop
      vertex -47.8617 58.25 98.3171
      vertex -47.6717 58.25 96.7599
      vertex -47.6717 61.75 96.7599
    endloop
  endfacet
  facet normal 0.992638 -0 0.121122
    outer loop
      vertex -47.8617 58.25 98.3171
      vertex -47.6717 61.75 96.7599
      vertex -47.8617 61.75 98.3171
    endloop
  endfacet
  facet normal 0.956525 0 0.291652
    outer loop
      vertex -47.6717 58.25 96.7599
      vertex -47.2141 58.25 95.2593
      vertex -47.2141 61.75 95.2593
    endloop
  endfacet
  facet normal 0.956525 -0 0.291652
    outer loop
      vertex -47.6717 58.25 96.7599
      vertex -47.2141 61.75 95.2593
      vertex -47.6717 61.75 96.7599
    endloop
  endfacet
  facet normal 0.891348 0 0.45332
    outer loop
      vertex -47.2141 58.25 95.2593
      vertex -46.5029 58.25 93.8609
      vertex -46.5029 61.75 93.8609
    endloop
  endfacet
  facet normal 0.891348 -0 0.45332
    outer loop
      vertex -47.2141 58.25 95.2593
      vertex -46.5029 61.75 93.8609
      vertex -47.2141 61.75 95.2593
    endloop
  endfacet
  facet normal 0.799088 0 0.601214
    outer loop
      vertex -46.5029 58.25 93.8609
      vertex -45.5598 58.25 92.6073
      vertex -45.5598 61.75 92.6073
    endloop
  endfacet
  facet normal 0.799088 -0 0.601214
    outer loop
      vertex -46.5029 58.25 93.8609
      vertex -45.5598 61.75 92.6073
      vertex -46.5029 61.75 93.8609
    endloop
  endfacet
  facet normal 0.682549 0 0.73084
    outer loop
      vertex -45.5598 58.25 92.6073
      vertex -44.4132 58.25 91.5365
      vertex -44.4132 61.75 91.5365
    endloop
  endfacet
  facet normal 0.682549 -0 0.73084
    outer loop
      vertex -45.5598 58.25 92.6073
      vertex -44.4132 61.75 91.5365
      vertex -45.5598 61.75 92.6073
    endloop
  endfacet
  facet normal 0.54527 0 0.83826
    outer loop
      vertex -44.4132 58.25 91.5365
      vertex -43.0982 58.25 90.6811
      vertex -43.0982 61.75 90.6811
    endloop
  endfacet
  facet normal 0.54527 -0 0.83826
    outer loop
      vertex -44.4132 58.25 91.5365
      vertex -43.0982 61.75 90.6811
      vertex -44.4132 61.75 91.5365
    endloop
  endfacet
  facet normal 0.470136 0 0.882594
    outer loop
      vertex -43.0982 58.25 90.6811
      vertex 115.769 58.25 6.05665
      vertex 115.769 61.75 6.05665
    endloop
  endfacet
  facet normal 0.470136 -0 0.882594
    outer loop
      vertex -43.0982 58.25 90.6811
      vertex 115.769 61.75 6.05665
      vertex -43.0982 61.75 90.6811
    endloop
  endfacet
  facet normal 0 1 0
    outer loop
      vertex 40.5665 58.25 56.3122
      vertex 117.212 58.25 5.44259
      vertex 115.769 58.25 6.05665
    endloop
  endfacet
  facet normal 0 -1 0
    outer loop
      vertex 40.5665 61.75 56.3122
      vertex 115.769 61.75 6.05665
      vertex 117.212 61.75 5.44259
    endloop
  endfacet
  facet normal 0 1 0
    outer loop
      vertex 40.5665 58.25 56.3122
      vertex 118.741 58.25 5.08853
      vertex 117.212 58.25 5.44259
    endloop
  endfacet
  facet normal 0 -1 0
    outer loop
      vertex 40.5665 61.75 56.3122
      vertex 117.212 61.75 5.44259
      vertex 118.741 61.75 5.08853
    endloop
  endfacet
  facet normal 0 1 0
    outer loop
      vertex 40.5665 58.25 56.3122
      vertex 120.307 58.25 5.00525
      vertex 118.741 58.25 5.08853
    endloop
  endfacet
  facet normal 0 -1 0
    outer loop
      vertex 40.5665 61.75 56.3122
      vertex 118.741 61.75 5.08853
      vertex 120.307 61.75 5.00525
    endloop
  endfacet
  facet normal 0 1 0
    outer loop
      vertex 40.5665 58.25 56.3122
      vertex 121.865 58.25 5.19527
      vertex 120.307 58.25 5.00525
    endloop
  endfacet
  facet normal 0 -1 0
    outer loop
      vertex 40.5665 61.75 56.3122
      vertex 120.307 61.75 5.00525
      vertex 121.865 61.75 5.19527
    endloop
  endfacet
  facet normal 0 1 0
    outer loop
      vertex 40.5665 58.25 56.3122
      vertex 123.365 58.25 5.65281
      vertex 121.865 58.25 5.19527
    endloop
  endfacet
  facet normal 0 -1 0
    outer loop
      vertex 40.5665 61.75 56.3122
      vertex 121.865 61.75 5.19527
      vertex 123.365 61.75 5.65281
    endloop
  endfacet
  facet normal 0 1 0
    outer loop
      vertex 40.5665 58.25 56.3122
      vertex 124.764 58.25 6.36398
      vertex 123.365 58.25 5.65281
    endloop
  endfacet
  facet normal 0 -1 0
    outer loop
      vertex 40.5665 61.75 56.3122
      vertex 123.365 61.75 5.65281
      vertex 124.764 61.75 6.36398
    endloop
  endfacet
  facet normal 0 1 0
    outer loop
      vertex 40.5665 58.25 56.3122
      vertex 126.017 58.25 7.30717
      vertex 124.764 58.25 6.36398
    endloop
  endfacet
  facet normal 0 -1 0
    outer loop
      vertex 40.5665 61.75 56.3122
      vertex 124.764 61.75 6.36398
      vertex 126.017 61.75 7.30717
    endloop
  endfacet
  facet normal 0 1 0
    outer loop
      vertex 40.5665 58.25 56.3122
      vertex 127.088 58.25 8.45371
      vertex 126.017 58.25 7.30717
    endloop
  endfacet
  facet normal 0 -1 0
    outer loop
      vertex 40.5665 61.75 56.3122
      vertex 126.017 61.75 7.30717
      vertex 127.088 61.75 8.45371
    endloop
  endfacet
  facet normal 0 1 0
    outer loop
      vertex 40.5665 58.25 56.3122
      vertex 127.943 58.25 9.76878
      vertex 127.088 58.25 8.45371
    endloop
  endfacet
  facet normal 0 -1 0
    outer loop
      vertex 40.5665 61.75 56.3122
      vertex 127.088 61.75 8.45371
      vertex 127.943 61.75 9.76878
    endloop
  endfacet
  facet normal 0 1 0
    outer loop
      vertex 40.5665 58.25 56.3122
      vertex 128.557 58.25 11.2124
      vertex 127.943 58.25 9.76878
    endloop
  endfacet
  facet normal 0 -1 0
    outer loop
      vertex 40.5665 61.75 56.3122
      vertex 127.943 61.75 9.76878
      vertex 128.557 61.75 11.2124
    endloop
  endfacet
  facet normal 0 1 0
    outer loop
      vertex 40.5665 58.25 56.3122
      vertex 128.911 58.25 12.7407
      vertex 128.557 58.25 11.2124
    endloop
  endfacet
  facet normal 0 -1 0
    outer loop
      vertex 40.5665 61.75 56.3122
      vertex 128.557 61.75 11.2124
      vertex 128.911 61.75 12.7407
    endloop
  endfacet
  facet normal 0 1 0
    outer loop
      vertex 40.5665 58.25 56.3122
      vertex 128.995 58.25 14.3073
      vertex 128.911 58.25 12.7407
    endloop
  endfacet
  facet normal 0 -1 0
    outer loop
      vertex 40.5665 61.75 56.3122
      vertex 128.911 61.75 12.7407
      vertex 128.995 61.75 14.3073
    endloop
  endfacet
  facet normal 0 1 0
    outer loop
      vertex 40.5665 58.25 56.3122
      vertex 128.805 58.25 15.8646
      vertex 128.995 58.25 14.3073
    endloop
  endfacet
  facet normal 0 -1 0
    outer loop
      vertex 40.5665 61.75 56.3122
      vertex 128.995 61.75 14.3073
      vertex 128.805 61.75 15.8646
    endloop
  endfacet
  facet normal 0 1 0
    outer loop
      vertex 40.5665 58.25 56.3122
      vertex 128.347 58.25 17.3652
      vertex 128.805 58.25 15.8646
    endloop
  endfacet
  facet normal 0 -1 0
    outer loop
      vertex 40.5665 61.75 56.3122
      vertex 128.805 61.75 15.8646
      vertex 128.347 61.75 17.3652
    endloop
  endfacet
  facet normal 0 1 0
    outer loop
      vertex 40.5665 58.25 56.3122
      vertex 127.636 58.25 18.7635
      vertex 128.347 58.25 17.3652
    endloop
  endfacet
  facet normal 0 -1 0
    outer loop
      vertex 40.5665 61.75 56.3122
      vertex 128.347 61.75 17.3652
      vertex 127.636 61.75 18.7635
    endloop
  endfacet
  facet normal 0 1 0
    outer loop
      vertex 40.5665 58.25 56.3122
      vertex 126.693 58.25 20.0171
      vertex 127.636 58.25 18.7635
    endloop
  endfacet
  facet normal 0 -1 0
    outer loop
      vertex 40.5665 61.75 56.3122
      vertex 127.636 61.75 18.7635
      vertex 126.693 61.75 20.0171
    endloop
  endfacet
  facet normal 0 1 0
    outer loop
      vertex 40.5665 58.25 56.3122
      vertex 125.546 58.25 21.0879
      vertex 126.693 58.25 20.0171
    endloop
  endfacet
  facet normal 0 -1 0
    outer loop
      vertex 40.5665 61.75 56.3122
      vertex 126.693 61.75 20.0171
      vertex 125.546 61.75 21.0879
    endloop
  endfacet
  facet normal 0 1 0
    outer loop
      vertex 40.5665 58.25 56.3122
      vertex 124.231 58.25 21.9433
      vertex 125.546 58.25 21.0879
    endloop
  endfacet
  facet normal 0 -1 0
    outer loop
      vertex 40.5665 61.75 56.3122
      vertex 125.546 61.75 21.0879
      vertex 124.231 61.75 21.9433
    endloop
  endfacet
  facet normal -0 1 -0
    outer loop
      vertex 40.5665 58.25 56.3122
      vertex -34.6357 58.25 106.568
      vertex 124.231 58.25 21.9433
    endloop
  endfacet
  facet normal 0 -1 0
    outer loop
      vertex 40.5665 61.75 56.3122
      vertex 124.231 61.75 21.9433
      vertex -34.6357 61.75 106.568
    endloop
  endfacet
  facet normal 0 1 0
    outer loop
      vertex 40.5665 58.25 56.3122
      vertex -36.0793 58.25 107.182
      vertex -34.6357 58.25 106.568
    endloop
  endfacet
  facet normal 0 -1 0
    outer loop
      vertex 40.5665 61.75 56.3122
      vertex -34.6357 61.75 106.568
      vertex -36.0793 61.75 107.182
    endloop
  endfacet
  facet normal 0 1 0
    outer loop
      vertex 40.5665 58.25 56.3122
      vertex -37.6077 58.25 107.536
      vertex -36.0793 58.25 107.182
    endloop
  endfacet
  facet normal 0 -1 0
    outer loop
      vertex 40.5665 61.75 56.3122
      vertex -36.0793 61.75 107.182
      vertex -37.6077 61.75 107.536
    endloop
  endfacet
  facet normal 0 1 0
    outer loop
      vertex 40.5665 58.25 56.3122
      vertex -39.1743 58.25 107.619
      vertex -37.6077 58.25 107.536
    endloop
  endfacet
  facet normal 0 -1 0
    outer loop
      vertex 40.5665 61.75 56.3122
      vertex -37.6077 61.75 107.536
      vertex -39.1743 61.75 107.619
    endloop
  endfacet
  facet normal 0 1 0
    outer loop
      vertex 40.5665 58.25 56.3122
      vertex -40.7315 58.25 107.429
      vertex -39.1743 58.25 107.619
    endloop
  endfacet
  facet normal 0 -1 0
    outer loop
      vertex 40.5665 61.75 56.3122
      vertex -39.1743 61.75 107.619
      vertex -40.7315 61.75 107.429
    endloop
  endfacet
  facet normal 0 1 0
    outer loop
      vertex 40.5665 58.25 56.3122
      vertex -42.2321 58.25 106.972
      vertex -40.7315 58.25 107.429
    endloop
  endfacet
  facet normal 0 -1 0
    outer loop
      vertex 40.5665 61.75 56.3122
      vertex -40.7315 61.75 107.429
      vertex -42.2321 61.75 106.972
    endloop
  endfacet
  facet normal 0 1 0
    outer loop
      vertex 40.5665 58.25 56.3122
      vertex -43.6305 58.25 106.26
      vertex -42.2321 58.25 106.972
    endloop
  endfacet
  facet normal 0 -1 0
    outer loop
      vertex 40.5665 61.75 56.3122
      vertex -42.2321 61.75 106.972
      vertex -43.6305 61.75 106.26
    endloop
  endfacet
  facet normal 0 1 0
    outer loop
      vertex 40.5665 58.25 56.3122
      vertex -44.8841 58.25 105.317
      vertex -43.6305 58.25 106.26
    endloop
  endfacet
  facet normal 0 -1 0
    outer loop
      vertex 40.5665 61.75 56.3122
      vertex -43.6305 61.75 106.26
      vertex -44.8841 61.75 105.317
    endloop
  endfacet
  facet normal 0 1 0
    outer loop
      vertex 40.5665 58.25 56.3122
      vertex -45.9549 58.25 104.171
      vertex -44.8841 58.25 105.317
    endloop
  endfacet
  facet normal 0 -1 0
    outer loop
      vertex 40.5665 61.75 56.3122
      vertex -44.8841 61.75 105.317
      vertex -45.9549 61.75 104.171
    endloop
  endfacet
  facet normal 0 1 0
    outer loop
      vertex 40.5665 58.25 56.3122
      vertex -46.8103 58.25 102.856
      vertex -45.9549 58.25 104.171
    endloop
  endfacet
  facet normal 0 -1 0
    outer loop
      vertex 40.5665 61.75 56.3122
      vertex -45.9549 61.75 104.171
      vertex -46.8103 61.75 102.856
    endloop
  endfacet
  facet normal 0 1 0
    outer loop
      vertex 40.5665 58.25 56.3122
      vertex -47.4243 58.25 101.412
      vertex -46.8103 58.25 102.856
    endloop
  endfacet
  facet normal 0 -1 0
    outer loop
      vertex 40.5665 61.75 56.3122
      vertex -46.8103 61.75 102.856
      vertex -47.4243 61.75 101.412
    endloop
  endfacet
  facet normal 0 1 0
    outer loop
      vertex 40.5665 58.25 56.3122
      vertex -47.7784 58.25 99.8837
      vertex -47.4243 58.25 101.412
    endloop
  endfacet
  facet normal 0 -1 0
    outer loop
      vertex 40.5665 61.75 56.3122
      vertex -47.4243 61.75 101.412
      vertex -47.7784 61.75 99.8837
    endloop
  endfacet
  facet normal 0 1 0
    outer loop
      vertex 40.5665 58.25 56.3122
      vertex -47.8617 58.25 98.3171
      vertex -47.7784 58.25 99.8837
    endloop
  endfacet
  facet normal 0 -1 0
    outer loop
      vertex 40.5665 61.75 56.3122
      vertex -47.7784 61.75 99.8837
      vertex -47.8617 61.75 98.3171
    endloop
  endfacet
  facet normal 0 1 0
    outer loop
      vertex 40.5665 58.25 56.3122
      vertex -47.6717 58.25 96.7599
      vertex -47.8617 58.25 98.3171
    endloop
  endfacet
  facet normal 0 -1 0
    outer loop
      vertex 40.5665 61.75 56.3122
      vertex -47.8617 61.75 98.3171
      vertex -47.6717 61.75 96.7599
    endloop
  endfacet
  facet normal 0 1 0
    outer loop
      vertex 40.5665 58.25 56.3122
      vertex -47.2141 58.25 95.2593
      vertex -47.6717 58.25 96.7599
    endloop
  endfacet
  facet normal 0 -1 0
    outer loop
      vertex 40.5665 61.75 56.3122
      vertex -47.6717 61.75 96.7599
      vertex -47.2141 61.75 95.2593
    endloop
  endfacet
  facet normal 0 1 0
    outer loop
      vertex 40.5665 58.25 56.3122
      vertex -46.5029 58.25 93.8609
      vertex -47.2141 58.25 95.2593
    endloop
  endfacet
  facet normal 0 -1 0
    outer loop
      vertex 40.5665 61.75 56.3122
      vertex -47.2141 61.75 95.2593
      vertex -46.5029 61.75 93.8609
    endloop
  endfacet
  facet normal 0 1 0
    outer loop
      vertex 40.5665 58.25 56.3122
      vertex -45.5598 58.25 92.6073
      vertex -46.5029 58.25 93.8609
    endloop
  endfacet
  facet normal 0 -1 0
    outer loop
      vertex 40.5665 61.75 56.3122
      vertex -46.5029 61.75 93.8609
      vertex -45.5598 61.75 92.6073
    endloop
  endfacet
  facet normal 0 1 0
    outer loop
      vertex 40.5665 58.25 56.3122
      vertex -44.4132 58.25 91.5365
      vertex -45.5598 58.25 92.6073
    endloop
  endfacet
  facet normal 0 -1 0
    outer loop
      vertex 40.5665 61.75 56.3122
      vertex -45.5598 61.75 92.6073
      vertex -44.4132 61.75 91.5365
    endloop
  endfacet
  facet normal 0 1 0
    outer loop
      vertex 40.5665 58.25 56.3122
      vertex -43.0982 58.25 90.6811
      vertex -44.4132 58.25 91.5365
    endloop
  endfacet
  facet normal 0 -1 0
    outer loop
      vertex 40.5665 61.75 56.3122
      vertex -44.4132 61.75 91.5365
      vertex -43.0982 61.75 90.6811
    endloop
  endfacet
  facet normal 0 1 0
    outer loop
      vertex 40.5665 58.25 56.3122
      vertex 115.769 58.25 6.05665
      vertex -43.0982 58.25 90.6811
    endloop
  endfacet
  facet normal -0 -1 -0
    outer loop
      vertex 40.5665 61.75 56.3122
      vertex -43.0982 61.75 90.6811
      vertex 115.769 61.75 6.05665
    endloop
  endfacet
  facet normal 0.26925 0 -0.96307
    outer loop
      vertex -41.0784 141.624 -2.20553
      vertex -43.0929 141.624 -2.76873
      vertex -43.0929 147.624 -2.76873
    endloop
  endfacet
  facet normal 0.26925 0 -0.96307
    outer loop
      vertex -41.0784 141.624 -2.20553
      vertex -43.0929 147.624 -2.76873
      vertex -41.0784 147.624 -2.20553
    endloop
  endfacet
  facet normal 0.432395 0 -0.901684
    outer loop
      vertex -43.0929 141.624 -2.76873
      vertex -44.979 141.624 -3.67319
      vertex -44.979 147.624 -3.67319
    endloop
  endfacet
  facet normal 0.432395 0 -0.901684
    outer loop
      vertex -43.0929 141.624 -2.76873
      vertex -44.979 147.624 -3.67319
      vertex -43.0929 147.624 -2.76873
    endloop
  endfacet
  facet normal 0.582402 0 -0.812901
    outer loop
      vertex -44.979 141.624 -3.67319
      vertex -46.6793 141.624 -4.89142
      vertex -46.6793 147.624 -4.89142
    endloop
  endfacet
  facet normal 0.582402 0 -0.812901
    outer loop
      vertex -44.979 141.624 -3.67319
      vertex -46.6793 147.624 -4.89142
      vertex -44.979 147.624 -3.67319
    endloop
  endfacet
  facet normal 0.714713 0 -0.699418
    outer loop
      vertex -46.6793 141.624 -4.89142
      vertex -48.1423 141.624 -6.38642
      vertex -48.1423 147.624 -6.38642
    endloop
  endfacet
  facet normal 0.714713 0 -0.699418
    outer loop
      vertex -46.6793 141.624 -4.89142
      vertex -48.1423 147.624 -6.38642
      vertex -46.6793 147.624 -4.89142
    endloop
  endfacet
  facet normal 0.825307 0 -0.564684
    outer loop
      vertex -48.1423 141.624 -6.38642
      vertex -49.3235 141.624 -8.11274
      vertex -49.3235 147.624 -8.11274
    endloop
  endfacet
  facet normal 0.825307 0 -0.564684
    outer loop
      vertex -48.1423 141.624 -6.38642
      vertex -49.3235 147.624 -8.11274
      vertex -48.1423 147.624 -6.38642
    endloop
  endfacet
  facet normal 0.910825 0 -0.412792
    outer loop
      vertex -49.3235 141.624 -8.11274
      vertex -50.187 141.624 -10.0179
      vertex -50.187 147.624 -10.0179
    endloop
  endfacet
  facet normal 0.910825 0 -0.412792
    outer loop
      vertex -49.3235 141.624 -8.11274
      vertex -50.187 147.624 -10.0179
      vertex -49.3235 147.624 -8.11274
    endloop
  endfacet
  facet normal 0.968668 0 -0.248358
    outer loop
      vertex -50.187 141.624 -10.0179
      vertex -50.7065 141.624 -12.0441
      vertex -50.7065 147.624 -12.0441
    endloop
  endfacet
  facet normal 0.968668 0 -0.248358
    outer loop
      vertex -50.187 141.624 -10.0179
      vertex -50.7065 147.624 -12.0441
      vertex -50.187 147.624 -10.0179
    endloop
  endfacet
  facet normal 0.997079 0 -0.076377
    outer loop
      vertex -50.7065 141.624 -12.0441
      vertex -50.8662 141.624 -14.1298
      vertex -50.8662 147.624 -14.1298
    endloop
  endfacet
  facet normal 0.997079 0 -0.076377
    outer loop
      vertex -50.7065 141.624 -12.0441
      vertex -50.8662 147.624 -14.1298
      vertex -50.7065 147.624 -12.0441
    endloop
  endfacet
  facet normal 0.995194 0 0.0979243
    outer loop
      vertex -50.8662 141.624 -14.1298
      vertex -50.6614 141.624 -16.2115
      vertex -50.6614 147.624 -16.2115
    endloop
  endfacet
  facet normal 0.995194 -0 0.0979243
    outer loop
      vertex -50.8662 141.624 -14.1298
      vertex -50.6614 147.624 -16.2115
      vertex -50.8662 147.624 -14.1298
    endloop
  endfacet
  facet normal 0.96307 0 0.26925
    outer loop
      vertex -50.6614 141.624 -16.2115
      vertex -50.0982 141.624 -18.226
      vertex -50.0982 147.624 -18.226
    endloop
  endfacet
  facet normal 0.96307 -0 0.26925
    outer loop
      vertex -50.6614 141.624 -16.2115
      vertex -50.0982 147.624 -18.226
      vertex -50.6614 147.624 -16.2115
    endloop
  endfacet
  facet normal 0.901684 0 0.432395
    outer loop
      vertex -50.0982 141.624 -18.226
      vertex -49.1937 141.624 -20.112
      vertex -49.1937 147.624 -20.112
    endloop
  endfacet
  facet normal 0.901684 -0 0.432395
    outer loop
      vertex -50.0982 141.624 -18.226
      vertex -49.1937 147.624 -20.112
      vertex -50.0982 147.624 -18.226
    endloop
  endfacet
  facet normal 0.812901 0 0.582402
    outer loop
      vertex -49.1937 141.624 -20.112
      vertex -47.9755 141.624 -21.8124
      vertex -47.9755 147.624 -21.8124
    endloop
  endfacet
  facet normal 0.812901 -0 0.582402
    outer loop
      vertex -49.1937 141.624 -20.112
      vertex -47.9755 147.624 -21.8124
      vertex -49.1937 147.624 -20.112
    endloop
  endfacet
  facet normal 0.699418 0 0.714713
    outer loop
      vertex -47.9755 141.624 -21.8124
      vertex -46.4805 141.624 -23.2754
      vertex -46.4805 147.624 -23.2754
    endloop
  endfacet
  facet normal 0.699418 -0 0.714713
    outer loop
      vertex -47.9755 141.624 -21.8124
      vertex -46.4805 147.624 -23.2754
      vertex -47.9755 147.624 -21.8124
    endloop
  endfacet
  facet normal 0.564684 0 0.825307
    outer loop
      vertex -46.4805 141.624 -23.2754
      vertex -44.7542 141.624 -24.4566
      vertex -44.7542 147.624 -24.4566
    endloop
  endfacet
  facet normal 0.564684 -0 0.825307
    outer loop
      vertex -46.4805 141.624 -23.2754
      vertex -44.7542 147.624 -24.4566
      vertex -46.4805 147.624 -23.2754
    endloop
  endfacet
  facet normal 0.412792 0 0.910825
    outer loop
      vertex -44.7542 141.624 -24.4566
      vertex -42.849 141.624 -25.32
      vertex -42.849 147.624 -25.32
    endloop
  endfacet
  facet normal 0.412792 -0 0.910825
    outer loop
      vertex -44.7542 141.624 -24.4566
      vertex -42.849 147.624 -25.32
      vertex -44.7542 147.624 -24.4566
    endloop
  endfacet
  facet normal 0.248358 0 0.968668
    outer loop
      vertex -42.849 141.624 -25.32
      vertex -40.8228 141.624 -25.8395
      vertex -40.8228 147.624 -25.8395
    endloop
  endfacet
  facet normal 0.248358 -0 0.968668
    outer loop
      vertex -42.849 141.624 -25.32
      vertex -40.8228 147.624 -25.8395
      vertex -42.849 147.624 -25.32
    endloop
  endfacet
  facet normal 0.076377 0 0.997079
    outer loop
      vertex -40.8228 141.624 -25.8395
      vertex -38.7371 141.624 -25.9993
      vertex -38.7371 147.624 -25.9993
    endloop
  endfacet
  facet normal 0.076377 -0 0.997079
    outer loop
      vertex -40.8228 141.624 -25.8395
      vertex -38.7371 147.624 -25.9993
      vertex -40.8228 147.624 -25.8395
    endloop
  endfacet
  facet normal -0.0979243 0 0.995194
    outer loop
      vertex -38.7371 141.624 -25.9993
      vertex -36.6555 141.624 -25.7945
      vertex -36.6555 147.624 -25.7945
    endloop
  endfacet
  facet normal -0.0979243 0 0.995194
    outer loop
      vertex -38.7371 141.624 -25.9993
      vertex -36.6555 147.624 -25.7945
      vertex -38.7371 147.624 -25.9993
    endloop
  endfacet
  facet normal -0.184289 0 0.982872
    outer loop
      vertex -36.6555 141.624 -25.7945
      vertex 43.3445 141.624 -10.7945
      vertex 43.3445 147.624 -10.7945
    endloop
  endfacet
  facet normal -0.184289 0 0.982872
    outer loop
      vertex -36.6555 141.624 -25.7945
      vertex 43.3445 147.624 -10.7945
      vertex -36.6555 147.624 -25.7945
    endloop
  endfacet
  facet normal -0.26925 0 0.96307
    outer loop
      vertex 43.3445 141.624 -10.7945
      vertex 45.359 141.624 -10.2313
      vertex 45.359 147.624 -10.2313
    endloop
  endfacet
  facet normal -0.26925 0 0.96307
    outer loop
      vertex 43.3445 141.624 -10.7945
      vertex 45.359 147.624 -10.2313
      vertex 43.3445 147.624 -10.7945
    endloop
  endfacet
  facet normal -0.432395 0 0.901684
    outer loop
      vertex 45.359 141.624 -10.2313
      vertex 47.2451 141.624 -9.32681
      vertex 47.2451 147.624 -9.32681
    endloop
  endfacet
  facet normal -0.432395 0 0.901684
    outer loop
      vertex 45.359 141.624 -10.2313
      vertex 47.2451 147.624 -9.32681
      vertex 45.359 147.624 -10.2313
    endloop
  endfacet
  facet normal -0.582402 0 0.812901
    outer loop
      vertex 47.2451 141.624 -9.32681
      vertex 48.9455 141.624 -8.10858
      vertex 48.9455 147.624 -8.10858
    endloop
  endfacet
  facet normal -0.582402 0 0.812901
    outer loop
      vertex 47.2451 141.624 -9.32681
      vertex 48.9455 147.624 -8.10858
      vertex 47.2451 147.624 -9.32681
    endloop
  endfacet
  facet normal -0.714713 0 0.699418
    outer loop
      vertex 48.9455 141.624 -8.10858
      vertex 50.4085 141.624 -6.61358
      vertex 50.4085 147.624 -6.61358
    endloop
  endfacet
  facet normal -0.714713 0 0.699418
    outer loop
      vertex 48.9455 141.624 -8.10858
      vertex 50.4085 147.624 -6.61358
      vertex 48.9455 147.624 -8.10858
    endloop
  endfacet
  facet normal -0.825307 0 0.564684
    outer loop
      vertex 50.4085 141.624 -6.61358
      vertex 51.5897 141.624 -4.88726
      vertex 51.5897 147.624 -4.88726
    endloop
  endfacet
  facet normal -0.825307 0 0.564684
    outer loop
      vertex 50.4085 141.624 -6.61358
      vertex 51.5897 147.624 -4.88726
      vertex 50.4085 147.624 -6.61358
    endloop
  endfacet
  facet normal -0.910825 0 0.412792
    outer loop
      vertex 51.5897 141.624 -4.88726
      vertex 52.4531 141.624 -2.98205
      vertex 52.4531 147.624 -2.98205
    endloop
  endfacet
  facet normal -0.910825 0 0.412792
    outer loop
      vertex 51.5897 141.624 -4.88726
      vertex 52.4531 147.624 -2.98205
      vertex 51.5897 147.624 -4.88726
    endloop
  endfacet
  facet normal -0.968668 0 0.248358
    outer loop
      vertex 52.4531 141.624 -2.98205
      vertex 52.9726 141.624 -0.95585
      vertex 52.9726 147.624 -0.95585
    endloop
  endfacet
  facet normal -0.968668 0 0.248358
    outer loop
      vertex 52.4531 141.624 -2.98205
      vertex 52.9726 147.624 -0.95585
      vertex 52.4531 147.624 -2.98205
    endloop
  endfacet
  facet normal -0.997079 0 0.076377
    outer loop
      vertex 52.9726 141.624 -0.95585
      vertex 53.1324 141.624 1.12978
      vertex 53.1324 147.624 1.12978
    endloop
  endfacet
  facet normal -0.997079 0 0.076377
    outer loop
      vertex 52.9726 141.624 -0.95585
      vertex 53.1324 147.624 1.12978
      vertex 52.9726 147.624 -0.95585
    endloop
  endfacet
  facet normal -0.995194 0 -0.0979243
    outer loop
      vertex 53.1324 141.624 1.12978
      vertex 52.9275 141.624 3.21146
      vertex 52.9275 147.624 3.21146
    endloop
  endfacet
  facet normal -0.995194 0 -0.0979243
    outer loop
      vertex 53.1324 141.624 1.12978
      vertex 52.9275 147.624 3.21146
      vertex 53.1324 147.624 1.12978
    endloop
  endfacet
  facet normal -0.96307 0 -0.26925
    outer loop
      vertex 52.9275 141.624 3.21146
      vertex 52.3643 141.624 5.22595
      vertex 52.3643 147.624 5.22595
    endloop
  endfacet
  facet normal -0.96307 0 -0.26925
    outer loop
      vertex 52.9275 141.624 3.21146
      vertex 52.3643 147.624 5.22595
      vertex 52.9275 147.624 3.21146
    endloop
  endfacet
  facet normal -0.901684 0 -0.432395
    outer loop
      vertex 52.3643 141.624 5.22595
      vertex 51.4599 141.624 7.11204
      vertex 51.4599 147.624 7.11204
    endloop
  endfacet
  facet normal -0.901684 0 -0.432395
    outer loop
      vertex 52.3643 141.624 5.22595
      vertex 51.4599 147.624 7.11204
      vertex 52.3643 147.624 5.22595
    endloop
  endfacet
  facet normal -0.812901 0 -0.582402
    outer loop
      vertex 51.4599 141.624 7.11204
      vertex 50.2416 141.624 8.81242
      vertex 50.2416 147.624 8.81242
    endloop
  endfacet
  facet normal -0.812901 0 -0.582402
    outer loop
      vertex 51.4599 141.624 7.11204
      vertex 50.2416 147.624 8.81242
      vertex 51.4599 147.624 7.11204
    endloop
  endfacet
  facet normal -0.699418 0 -0.714713
    outer loop
      vertex 50.2416 141.624 8.81242
      vertex 48.7467 141.624 10.2754
      vertex 48.7467 147.624 10.2754
    endloop
  endfacet
  facet normal -0.699418 0 -0.714713
    outer loop
      vertex 50.2416 141.624 8.81242
      vertex 48.7467 147.624 10.2754
      vertex 50.2416 147.624 8.81242
    endloop
  endfacet
  facet normal -0.564684 0 -0.825307
    outer loop
      vertex 48.7467 141.624 10.2754
      vertex 47.0203 141.624 11.4566
      vertex 47.0203 147.624 11.4566
    endloop
  endfacet
  facet normal -0.564684 0 -0.825307
    outer loop
      vertex 48.7467 141.624 10.2754
      vertex 47.0203 147.624 11.4566
      vertex 48.7467 147.624 10.2754
    endloop
  endfacet
  facet normal -0.412792 0 -0.910825
    outer loop
      vertex 47.0203 141.624 11.4566
      vertex 45.1151 141.624 12.32
      vertex 45.1151 147.624 12.32
    endloop
  endfacet
  facet normal -0.412792 0 -0.910825
    outer loop
      vertex 47.0203 141.624 11.4566
      vertex 45.1151 147.624 12.32
      vertex 47.0203 147.624 11.4566
    endloop
  endfacet
  facet normal -0.248358 0 -0.968668
    outer loop
      vertex 45.1151 141.624 12.32
      vertex 43.0889 141.624 12.8395
      vertex 43.0889 147.624 12.8395
    endloop
  endfacet
  facet normal -0.248358 0 -0.968668
    outer loop
      vertex 45.1151 141.624 12.32
      vertex 43.0889 147.624 12.8395
      vertex 45.1151 147.624 12.32
    endloop
  endfacet
  facet normal -0.076377 0 -0.997079
    outer loop
      vertex 43.0889 141.624 12.8395
      vertex 41.0033 141.624 12.9993
      vertex 41.0033 147.624 12.9993
    endloop
  endfacet
  facet normal -0.076377 0 -0.997079
    outer loop
      vertex 43.0889 141.624 12.8395
      vertex 41.0033 147.624 12.9993
      vertex 43.0889 147.624 12.8395
    endloop
  endfacet
  facet normal 0.0979243 0 -0.995194
    outer loop
      vertex 41.0033 141.624 12.9993
      vertex 38.9216 141.624 12.7945
      vertex 38.9216 147.624 12.7945
    endloop
  endfacet
  facet normal 0.0979243 0 -0.995194
    outer loop
      vertex 41.0033 141.624 12.9993
      vertex 38.9216 147.624 12.7945
      vertex 41.0033 147.624 12.9993
    endloop
  endfacet
  facet normal 0.184289 0 -0.982872
    outer loop
      vertex 38.9216 141.624 12.7945
      vertex -41.0784 141.624 -2.20553
      vertex -41.0784 147.624 -2.20553
    endloop
  endfacet
  facet normal 0.184289 0 -0.982872
    outer loop
      vertex 38.9216 141.624 12.7945
      vertex -41.0784 147.624 -2.20553
      vertex 38.9216 147.624 12.7945
    endloop
  endfacet
  facet normal 0 1 0
    outer loop
      vertex 1.13307 141.624 -6.5
      vertex -43.0929 141.624 -2.76873
      vertex -41.0784 141.624 -2.20553
    endloop
  endfacet
  facet normal 0 -1 0
    outer loop
      vertex 1.13307 147.624 -6.5
      vertex -41.0784 147.624 -2.20553
      vertex -43.0929 147.624 -2.76873
    endloop
  endfacet
  facet normal 0 1 0
    outer loop
      vertex 1.13307 141.624 -6.5
      vertex -44.979 141.624 -3.67319
      vertex -43.0929 141.624 -2.76873
    endloop
  endfacet
  facet normal 0 -1 0
    outer loop
      vertex 1.13307 147.624 -6.5
      vertex -43.0929 147.624 -2.76873
      vertex -44.979 147.624 -3.67319
    endloop
  endfacet
  facet normal 0 1 0
    outer loop
      vertex 1.13307 141.624 -6.5
      vertex -46.6793 141.624 -4.89142
      vertex -44.979 141.624 -3.67319
    endloop
  endfacet
  facet normal 0 -1 0
    outer loop
      vertex 1.13307 147.624 -6.5
      vertex -44.979 147.624 -3.67319
      vertex -46.6793 147.624 -4.89142
    endloop
  endfacet
  facet normal 0 1 0
    outer loop
      vertex 1.13307 141.624 -6.5
      vertex -48.1423 141.624 -6.38642
      vertex -46.6793 141.624 -4.89142
    endloop
  endfacet
  facet normal 0 -1 0
    outer loop
      vertex 1.13307 147.624 -6.5
      vertex -46.6793 147.624 -4.89142
      vertex -48.1423 147.624 -6.38642
    endloop
  endfacet
  facet normal 0 1 0
    outer loop
      vertex 1.13307 141.624 -6.5
      vertex -49.3235 141.624 -8.11274
      vertex -48.1423 141.624 -6.38642
    endloop
  endfacet
  facet normal -0 -1 0
    outer loop
      vertex 1.13307 147.624 -6.5
      vertex -48.1423 147.624 -6.38642
      vertex -49.3235 147.624 -8.11274
    endloop
  endfacet
  facet normal 0 1 0
    outer loop
      vertex 1.13307 141.624 -6.5
      vertex -50.187 141.624 -10.0179
      vertex -49.3235 141.624 -8.11274
    endloop
  endfacet
  facet normal 0 -1 0
    outer loop
      vertex 1.13307 147.624 -6.5
      vertex -49.3235 147.624 -8.11274
      vertex -50.187 147.624 -10.0179
    endloop
  endfacet
  facet normal 0 1 0
    outer loop
      vertex 1.13307 141.624 -6.5
      vertex -50.7065 141.624 -12.0441
      vertex -50.187 141.624 -10.0179
    endloop
  endfacet
  facet normal 0 -1 0
    outer loop
      vertex 1.13307 147.624 -6.5
      vertex -50.187 147.624 -10.0179
      vertex -50.7065 147.624 -12.0441
    endloop
  endfacet
  facet normal 0 1 0
    outer loop
      vertex 1.13307 141.624 -6.5
      vertex -50.8662 141.624 -14.1298
      vertex -50.7065 141.624 -12.0441
    endloop
  endfacet
  facet normal 0 -1 0
    outer loop
      vertex 1.13307 147.624 -6.5
      vertex -50.7065 147.624 -12.0441
      vertex -50.8662 147.624 -14.1298
    endloop
  endfacet
  facet normal 0 1 0
    outer loop
      vertex 1.13307 141.624 -6.5
      vertex -50.6614 141.624 -16.2115
      vertex -50.8662 141.624 -14.1298
    endloop
  endfacet
  facet normal 0 -1 0
    outer loop
      vertex 1.13307 147.624 -6.5
      vertex -50.8662 147.624 -14.1298
      vertex -50.6614 147.624 -16.2115
    endloop
  endfacet
  facet normal 0 1 0
    outer loop
      vertex 1.13307 141.624 -6.5
      vertex -50.0982 141.624 -18.226
      vertex -50.6614 141.624 -16.2115
    endloop
  endfacet
  facet normal 0 -1 0
    outer loop
      vertex 1.13307 147.624 -6.5
      vertex -50.6614 147.624 -16.2115
      vertex -50.0982 147.624 -18.226
    endloop
  endfacet
  facet normal 0 1 0
    outer loop
      vertex 1.13307 141.624 -6.5
      vertex -49.1937 141.624 -20.112
      vertex -50.0982 141.624 -18.226
    endloop
  endfacet
  facet normal 0 -1 0
    outer loop
      vertex 1.13307 147.624 -6.5
      vertex -50.0982 147.624 -18.226
      vertex -49.1937 147.624 -20.112
    endloop
  endfacet
  facet normal 0 1 0
    outer loop
      vertex 1.13307 141.624 -6.5
      vertex -47.9755 141.624 -21.8124
      vertex -49.1937 141.624 -20.112
    endloop
  endfacet
  facet normal 0 -1 0
    outer loop
      vertex 1.13307 147.624 -6.5
      vertex -49.1937 147.624 -20.112
      vertex -47.9755 147.624 -21.8124
    endloop
  endfacet
  facet normal 0 1 0
    outer loop
      vertex 1.13307 141.624 -6.5
      vertex -46.4805 141.624 -23.2754
      vertex -47.9755 141.624 -21.8124
    endloop
  endfacet
  facet normal 0 -1 0
    outer loop
      vertex 1.13307 147.624 -6.5
      vertex -47.9755 147.624 -21.8124
      vertex -46.4805 147.624 -23.2754
    endloop
  endfacet
  facet normal 0 1 0
    outer loop
      vertex 1.13307 141.624 -6.5
      vertex -44.7542 141.624 -24.4566
      vertex -46.4805 141.624 -23.2754
    endloop
  endfacet
  facet normal 0 -1 0
    outer loop
      vertex 1.13307 147.624 -6.5
      vertex -46.4805 147.624 -23.2754
      vertex -44.7542 147.624 -24.4566
    endloop
  endfacet
  facet normal 0 1 0
    outer loop
      vertex 1.13307 141.624 -6.5
      vertex -42.849 141.624 -25.32
      vertex -44.7542 141.624 -24.4566
    endloop
  endfacet
  facet normal 0 -1 0
    outer loop
      vertex 1.13307 147.624 -6.5
      vertex -44.7542 147.624 -24.4566
      vertex -42.849 147.624 -25.32
    endloop
  endfacet
  facet normal 0 1 0
    outer loop
      vertex 1.13307 141.624 -6.5
      vertex -40.8228 141.624 -25.8395
      vertex -42.849 141.624 -25.32
    endloop
  endfacet
  facet normal 0 -1 0
    outer loop
      vertex 1.13307 147.624 -6.5
      vertex -42.849 147.624 -25.32
      vertex -40.8228 147.624 -25.8395
    endloop
  endfacet
  facet normal 0 1 0
    outer loop
      vertex 1.13307 141.624 -6.5
      vertex -38.7371 141.624 -25.9993
      vertex -40.8228 141.624 -25.8395
    endloop
  endfacet
  facet normal 0 -1 0
    outer loop
      vertex 1.13307 147.624 -6.5
      vertex -40.8228 147.624 -25.8395
      vertex -38.7371 147.624 -25.9993
    endloop
  endfacet
  facet normal 0 1 0
    outer loop
      vertex 1.13307 141.624 -6.5
      vertex -36.6555 141.624 -25.7945
      vertex -38.7371 141.624 -25.9993
    endloop
  endfacet
  facet normal 0 -1 0
    outer loop
      vertex 1.13307 147.624 -6.5
      vertex -38.7371 147.624 -25.9993
      vertex -36.6555 147.624 -25.7945
    endloop
  endfacet
  facet normal 0 1 0
    outer loop
      vertex 1.13307 141.624 -6.5
      vertex 43.3445 141.624 -10.7945
      vertex -36.6555 141.624 -25.7945
    endloop
  endfacet
  facet normal 0 -1 -0
    outer loop
      vertex 1.13307 147.624 -6.5
      vertex -36.6555 147.624 -25.7945
      vertex 43.3445 147.624 -10.7945
    endloop
  endfacet
  facet normal 0 1 0
    outer loop
      vertex 1.13307 141.624 -6.5
      vertex 45.359 141.624 -10.2313
      vertex 43.3445 141.624 -10.7945
    endloop
  endfacet
  facet normal 0 -1 0
    outer loop
      vertex 1.13307 147.624 -6.5
      vertex 43.3445 147.624 -10.7945
      vertex 45.359 147.624 -10.2313
    endloop
  endfacet
  facet normal 0 1 0
    outer loop
      vertex 1.13307 141.624 -6.5
      vertex 47.2451 141.624 -9.32681
      vertex 45.359 141.624 -10.2313
    endloop
  endfacet
  facet normal 0 -1 0
    outer loop
      vertex 1.13307 147.624 -6.5
      vertex 45.359 147.624 -10.2313
      vertex 47.2451 147.624 -9.32681
    endloop
  endfacet
  facet normal 0 1 0
    outer loop
      vertex 1.13307 141.624 -6.5
      vertex 48.9455 141.624 -8.10858
      vertex 47.2451 141.624 -9.32681
    endloop
  endfacet
  facet normal 0 -1 0
    outer loop
      vertex 1.13307 147.624 -6.5
      vertex 47.2451 147.624 -9.32681
      vertex 48.9455 147.624 -8.10858
    endloop
  endfacet
  facet normal 0 1 0
    outer loop
      vertex 1.13307 141.624 -6.5
      vertex 50.4085 141.624 -6.61358
      vertex 48.9455 141.624 -8.10858
    endloop
  endfacet
  facet normal 0 -1 0
    outer loop
      vertex 1.13307 147.624 -6.5
      vertex 48.9455 147.624 -8.10858
      vertex 50.4085 147.624 -6.61358
    endloop
  endfacet
  facet normal -0 1 0
    outer loop
      vertex 1.13307 141.624 -6.5
      vertex 51.5897 141.624 -4.88726
      vertex 50.4085 141.624 -6.61358
    endloop
  endfacet
  facet normal 0 -1 0
    outer loop
      vertex 1.13307 147.624 -6.5
      vertex 50.4085 147.624 -6.61358
      vertex 51.5897 147.624 -4.88726
    endloop
  endfacet
  facet normal 0 1 0
    outer loop
      vertex 1.13307 141.624 -6.5
      vertex 52.4531 141.624 -2.98205
      vertex 51.5897 141.624 -4.88726
    endloop
  endfacet
  facet normal 0 -1 0
    outer loop
      vertex 1.13307 147.624 -6.5
      vertex 51.5897 147.624 -4.88726
      vertex 52.4531 147.624 -2.98205
    endloop
  endfacet
  facet normal 0 1 0
    outer loop
      vertex 1.13307 141.624 -6.5
      vertex 52.9726 141.624 -0.95585
      vertex 52.4531 141.624 -2.98205
    endloop
  endfacet
  facet normal 0 -1 0
    outer loop
      vertex 1.13307 147.624 -6.5
      vertex 52.4531 147.624 -2.98205
      vertex 52.9726 147.624 -0.95585
    endloop
  endfacet
  facet normal 0 1 0
    outer loop
      vertex 1.13307 141.624 -6.5
      vertex 53.1324 141.624 1.12978
      vertex 52.9726 141.624 -0.95585
    endloop
  endfacet
  facet normal 0 -1 0
    outer loop
      vertex 1.13307 147.624 -6.5
      vertex 52.9726 147.624 -0.95585
      vertex 53.1324 147.624 1.12978
    endloop
  endfacet
  facet normal 0 1 0
    outer loop
      vertex 1.13307 141.624 -6.5
      vertex 52.9275 141.624 3.21146
      vertex 53.1324 141.624 1.12978
    endloop
  endfacet
  facet normal 0 -1 0
    outer loop
      vertex 1.13307 147.624 -6.5
      vertex 53.1324 147.624 1.12978
      vertex 52.9275 147.624 3.21146
    endloop
  endfacet
  facet normal 0 1 0
    outer loop
      vertex 1.13307 141.624 -6.5
      vertex 52.3643 141.624 5.22595
      vertex 52.9275 141.624 3.21146
    endloop
  endfacet
  facet normal 0 -1 0
    outer loop
      vertex 1.13307 147.624 -6.5
      vertex 52.9275 147.624 3.21146
      vertex 52.3643 147.624 5.22595
    endloop
  endfacet
  facet normal 0 1 0
    outer loop
      vertex 1.13307 141.624 -6.5
      vertex 51.4599 141.624 7.11204
      vertex 52.3643 141.624 5.22595
    endloop
  endfacet
  facet normal 0 -1 0
    outer loop
      vertex 1.13307 147.624 -6.5
      vertex 52.3643 147.624 5.22595
      vertex 51.4599 147.624 7.11204
    endloop
  endfacet
  facet normal 0 1 0
    outer loop
      vertex 1.13307 141.624 -6.5
      vertex 50.2416 141.624 8.81242
      vertex 51.4599 141.624 7.11204
    endloop
  endfacet
  facet normal 0 -1 0
    outer loop
      vertex 1.13307 147.624 -6.5
      vertex 51.4599 147.624 7.11204
      vertex 50.2416 147.624 8.81242
    endloop
  endfacet
  facet normal 0 1 0
    outer loop
      vertex 1.13307 141.624 -6.5
      vertex 48.7467 141.624 10.2754
      vertex 50.2416 141.624 8.81242
    endloop
  endfacet
  facet normal 0 -1 0
    outer loop
      vertex 1.13307 147.624 -6.5
      vertex 50.2416 147.624 8.81242
      vertex 48.7467 147.624 10.2754
    endloop
  endfacet
  facet normal 0 1 0
    outer loop
      vertex 1.13307 141.624 -6.5
      vertex 47.0203 141.624 11.4566
      vertex 48.7467 141.624 10.2754
    endloop
  endfacet
  facet normal 0 -1 0
    outer loop
      vertex 1.13307 147.624 -6.5
      vertex 48.7467 147.624 10.2754
      vertex 47.0203 147.624 11.4566
    endloop
  endfacet
  facet normal 0 1 0
    outer loop
      vertex 1.13307 141.624 -6.5
      vertex 45.1151 141.624 12.32
      vertex 47.0203 141.624 11.4566
    endloop
  endfacet
  facet normal 0 -1 0
    outer loop
      vertex 1.13307 147.624 -6.5
      vertex 47.0203 147.624 11.4566
      vertex 45.1151 147.624 12.32
    endloop
  endfacet
  facet normal 0 1 0
    outer loop
      vertex 1.13307 141.624 -6.5
      vertex 43.0889 141.624 12.8395
      vertex 45.1151 141.624 12.32
    endloop
  endfacet
  facet normal 0 -1 0
    outer loop
      vertex 1.13307 147.624 -6.5
      vertex 45.1151 147.624 12.32
      vertex 43.0889 147.624 12.8395
    endloop
  endfacet
  facet normal 0 1 0
    outer loop
      vertex 1.13307 141.624 -6.5
      vertex 41.0033 141.624 12.9993
      vertex 43.0889 141.624 12.8395
    endloop
  endfacet
  facet normal 0 -1 0
    outer loop
      vertex 1.13307 147.624 -6.5
      vertex 43.0889 147.624 12.8395
      vertex 41.0033 147.624 12.9993
    endloop
  endfacet
  facet normal 0 1 0
    outer loop
      vertex 1.13307 141.624 -6.5
      vertex 38.9216 141.624 12.7945
      vertex 41.0033 141.624 12.9993
    endloop
  endfacet
  facet normal 0 -1 0
    outer loop
      vertex 1.13307 147.624 -6.5
      vertex 41.0033 147.624 12.9993
      vertex 38.9216 147.624 12.7945
    endloop
  endfacet
  facet normal 0 1 -0
    outer loop
      vertex 1.13307 141.624 -6.5
      vertex -41.0784 141.624 -2.20553
      vertex 38.9216 141.624 12.7945
    endloop
  endfacet
  facet normal 0 -1 0
    outer loop
      vertex 1.13307 147.624 -6.5
      vertex 38.9216 147.624 12.7945
      vertex -41.0784 147.624 -2.20553
    endloop
  endfacet
  facet normal 0.26925 0 -0.96307
    outer loop
      vertex -41.0784 141.624 25.7945
      vertex -43.0929 141.624 25.2313
      vertex -43.0929 147.624 25.2313
    endloop
  endfacet
  facet normal 0.26925 0 -0.96307
    outer loop
      vertex -41.0784 141.624 25.7945
      vertex -43.0929 147.624 25.2313
      vertex -41.0784 147.624 25.7945
    endloop
  endfacet
  facet normal 0.432395 0 -0.901684
    outer loop
      vertex -43.0929 141.624 25.2313
      vertex -44.979 141.624 24.3268
      vertex -44.979 147.624 24.3268
    endloop
  endfacet
  facet normal 0.432395 0 -0.901684
    outer loop
      vertex -43.0929 141.624 25.2313
      vertex -44.979 147.624 24.3268
      vertex -43.0929 147.624 25.2313
    endloop
  endfacet
  facet normal 0.582402 0 -0.812901
    outer loop
      vertex -44.979 141.624 24.3268
      vertex -46.6793 141.624 23.1086
      vertex -46.6793 147.624 23.1086
    endloop
  endfacet
  facet normal 0.582402 0 -0.812901
    outer loop
      vertex -44.979 141.624 24.3268
      vertex -46.6793 147.624 23.1086
      vertex -44.979 147.624 24.3268
    endloop
  endfacet
  facet normal 0.714713 0 -0.699418
    outer loop
      vertex -46.6793 141.624 23.1086
      vertex -48.1423 141.624 21.6136
      vertex -48.1423 147.624 21.6136
    endloop
  endfacet
  facet normal 0.714713 0 -0.699418
    outer loop
      vertex -46.6793 141.624 23.1086
      vertex -48.1423 147.624 21.6136
      vertex -46.6793 147.624 23.1086
    endloop
  endfacet
  facet normal 0.825307 0 -0.564684
    outer loop
      vertex -48.1423 141.624 21.6136
      vertex -49.3235 141.624 19.8873
      vertex -49.3235 147.624 19.8873
    endloop
  endfacet
  facet normal 0.825307 0 -0.564684
    outer loop
      vertex -48.1423 141.624 21.6136
      vertex -49.3235 147.624 19.8873
      vertex -48.1423 147.624 21.6136
    endloop
  endfacet
  facet normal 0.910825 0 -0.412792
    outer loop
      vertex -49.3235 141.624 19.8873
      vertex -50.187 141.624 17.9821
      vertex -50.187 147.624 17.9821
    endloop
  endfacet
  facet normal 0.910825 0 -0.412792
    outer loop
      vertex -49.3235 141.624 19.8873
      vertex -50.187 147.624 17.9821
      vertex -49.3235 147.624 19.8873
    endloop
  endfacet
  facet normal 0.968668 0 -0.248358
    outer loop
      vertex -50.187 141.624 17.9821
      vertex -50.7065 141.624 15.9559
      vertex -50.7065 147.624 15.9559
    endloop
  endfacet
  facet normal 0.968668 0 -0.248358
    outer loop
      vertex -50.187 141.624 17.9821
      vertex -50.7065 147.624 15.9559
      vertex -50.187 147.624 17.9821
    endloop
  endfacet
  facet normal 0.997079 0 -0.076377
    outer loop
      vertex -50.7065 141.624 15.9559
      vertex -50.8662 141.624 13.8702
      vertex -50.8662 147.624 13.8702
    endloop
  endfacet
  facet normal 0.997079 0 -0.076377
    outer loop
      vertex -50.7065 141.624 15.9559
      vertex -50.8662 147.624 13.8702
      vertex -50.7065 147.624 15.9559
    endloop
  endfacet
  facet normal 0.995194 0 0.0979243
    outer loop
      vertex -50.8662 141.624 13.8702
      vertex -50.6614 141.624 11.7885
      vertex -50.6614 147.624 11.7885
    endloop
  endfacet
  facet normal 0.995194 -0 0.0979243
    outer loop
      vertex -50.8662 141.624 13.8702
      vertex -50.6614 147.624 11.7885
      vertex -50.8662 147.624 13.8702
    endloop
  endfacet
  facet normal 0.96307 0 0.26925
    outer loop
      vertex -50.6614 141.624 11.7885
      vertex -50.0982 141.624 9.77405
      vertex -50.0982 147.624 9.77405
    endloop
  endfacet
  facet normal 0.96307 -0 0.26925
    outer loop
      vertex -50.6614 141.624 11.7885
      vertex -50.0982 147.624 9.77405
      vertex -50.6614 147.624 11.7885
    endloop
  endfacet
  facet normal 0.901684 0 0.432395
    outer loop
      vertex -50.0982 141.624 9.77405
      vertex -49.1937 141.624 7.88796
      vertex -49.1937 147.624 7.88796
    endloop
  endfacet
  facet normal 0.901684 -0 0.432395
    outer loop
      vertex -50.0982 141.624 9.77405
      vertex -49.1937 147.624 7.88796
      vertex -50.0982 147.624 9.77405
    endloop
  endfacet
  facet normal 0.812901 0 0.582402
    outer loop
      vertex -49.1937 141.624 7.88796
      vertex -47.9755 141.624 6.18758
      vertex -47.9755 147.624 6.18758
    endloop
  endfacet
  facet normal 0.812901 -0 0.582402
    outer loop
      vertex -49.1937 141.624 7.88796
      vertex -47.9755 147.624 6.18758
      vertex -49.1937 147.624 7.88796
    endloop
  endfacet
  facet normal 0.699418 0 0.714713
    outer loop
      vertex -47.9755 141.624 6.18758
      vertex -46.4805 141.624 4.72458
      vertex -46.4805 147.624 4.72458
    endloop
  endfacet
  facet normal 0.699418 -0 0.714713
    outer loop
      vertex -47.9755 141.624 6.18758
      vertex -46.4805 147.624 4.72458
      vertex -47.9755 147.624 6.18758
    endloop
  endfacet
  facet normal 0.564684 0 0.825307
    outer loop
      vertex -46.4805 141.624 4.72458
      vertex -44.7542 141.624 3.54341
      vertex -44.7542 147.624 3.54341
    endloop
  endfacet
  facet normal 0.564684 -0 0.825307
    outer loop
      vertex -46.4805 141.624 4.72458
      vertex -44.7542 147.624 3.54341
      vertex -46.4805 147.624 4.72458
    endloop
  endfacet
  facet normal 0.412792 0 0.910825
    outer loop
      vertex -44.7542 141.624 3.54341
      vertex -42.849 141.624 2.67996
      vertex -42.849 147.624 2.67996
    endloop
  endfacet
  facet normal 0.412792 -0 0.910825
    outer loop
      vertex -44.7542 141.624 3.54341
      vertex -42.849 147.624 2.67996
      vertex -44.7542 147.624 3.54341
    endloop
  endfacet
  facet normal 0.248358 0 0.968668
    outer loop
      vertex -42.849 141.624 2.67996
      vertex -40.8228 141.624 2.16046
      vertex -40.8228 147.624 2.16046
    endloop
  endfacet
  facet normal 0.248358 -0 0.968668
    outer loop
      vertex -42.849 141.624 2.67996
      vertex -40.8228 147.624 2.16046
      vertex -42.849 147.624 2.67996
    endloop
  endfacet
  facet normal 0.076377 0 0.997079
    outer loop
      vertex -40.8228 141.624 2.16046
      vertex -38.7371 141.624 2.0007
      vertex -38.7371 147.624 2.0007
    endloop
  endfacet
  facet normal 0.076377 -0 0.997079
    outer loop
      vertex -40.8228 141.624 2.16046
      vertex -38.7371 147.624 2.0007
      vertex -40.8228 147.624 2.16046
    endloop
  endfacet
  facet normal -0.0979243 0 0.995194
    outer loop
      vertex -38.7371 141.624 2.0007
      vertex -36.6555 141.624 2.20553
      vertex -36.6555 147.624 2.20553
    endloop
  endfacet
  facet normal -0.0979243 0 0.995194
    outer loop
      vertex -38.7371 141.624 2.0007
      vertex -36.6555 147.624 2.20553
      vertex -38.7371 147.624 2.0007
    endloop
  endfacet
  facet normal -0.184289 0 0.982872
    outer loop
      vertex -36.6555 141.624 2.20553
      vertex 43.3445 141.624 17.2055
      vertex 43.3445 147.624 17.2055
    endloop
  endfacet
  facet normal -0.184289 0 0.982872
    outer loop
      vertex -36.6555 141.624 2.20553
      vertex 43.3445 147.624 17.2055
      vertex -36.6555 147.624 2.20553
    endloop
  endfacet
  facet normal -0.26925 0 0.96307
    outer loop
      vertex 43.3445 141.624 17.2055
      vertex 45.359 141.624 17.7687
      vertex 45.359 147.624 17.7687
    endloop
  endfacet
  facet normal -0.26925 0 0.96307
    outer loop
      vertex 43.3445 141.624 17.2055
      vertex 45.359 147.624 17.7687
      vertex 43.3445 147.624 17.2055
    endloop
  endfacet
  facet normal -0.432395 0 0.901684
    outer loop
      vertex 45.359 141.624 17.7687
      vertex 47.2451 141.624 18.6732
      vertex 47.2451 147.624 18.6732
    endloop
  endfacet
  facet normal -0.432395 0 0.901684
    outer loop
      vertex 45.359 141.624 17.7687
      vertex 47.2451 147.624 18.6732
      vertex 45.359 147.624 17.7687
    endloop
  endfacet
  facet normal -0.582402 0 0.812901
    outer loop
      vertex 47.2451 141.624 18.6732
      vertex 48.9455 141.624 19.8914
      vertex 48.9455 147.624 19.8914
    endloop
  endfacet
  facet normal -0.582402 0 0.812901
    outer loop
      vertex 47.2451 141.624 18.6732
      vertex 48.9455 147.624 19.8914
      vertex 47.2451 147.624 18.6732
    endloop
  endfacet
  facet normal -0.714713 0 0.699418
    outer loop
      vertex 48.9455 141.624 19.8914
      vertex 50.4085 141.624 21.3864
      vertex 50.4085 147.624 21.3864
    endloop
  endfacet
  facet normal -0.714713 0 0.699418
    outer loop
      vertex 48.9455 141.624 19.8914
      vertex 50.4085 147.624 21.3864
      vertex 48.9455 147.624 19.8914
    endloop
  endfacet
  facet normal -0.825307 0 0.564684
    outer loop
      vertex 50.4085 141.624 21.3864
      vertex 51.5897 141.624 23.1127
      vertex 51.5897 147.624 23.1127
    endloop
  endfacet
  facet normal -0.825307 0 0.564684
    outer loop
      vertex 50.4085 141.624 21.3864
      vertex 51.5897 147.624 23.1127
      vertex 50.4085 147.624 21.3864
    endloop
  endfacet
  facet normal -0.910825 0 0.412792
    outer loop
      vertex 51.5897 141.624 23.1127
      vertex 52.4531 141.624 25.0179
      vertex 52.4531 147.624 25.0179
    endloop
  endfacet
  facet normal -0.910825 0 0.412792
    outer loop
      vertex 51.5897 141.624 23.1127
      vertex 52.4531 147.624 25.0179
      vertex 51.5897 147.624 23.1127
    endloop
  endfacet
  facet normal -0.968668 0 0.248358
    outer loop
      vertex 52.4531 141.624 25.0179
      vertex 52.9726 141.624 27.0441
      vertex 52.9726 147.624 27.0441
    endloop
  endfacet
  facet normal -0.968668 0 0.248358
    outer loop
      vertex 52.4531 141.624 25.0179
      vertex 52.9726 147.624 27.0441
      vertex 52.4531 147.624 25.0179
    endloop
  endfacet
  facet normal -0.997079 0 0.076377
    outer loop
      vertex 52.9726 141.624 27.0441
      vertex 53.1324 141.624 29.1298
      vertex 53.1324 147.624 29.1298
    endloop
  endfacet
  facet normal -0.997079 0 0.076377
    outer loop
      vertex 52.9726 141.624 27.0441
      vertex 53.1324 147.624 29.1298
      vertex 52.9726 147.624 27.0441
    endloop
  endfacet
  facet normal -0.995194 0 -0.0979243
    outer loop
      vertex 53.1324 141.624 29.1298
      vertex 52.9275 141.624 31.2115
      vertex 52.9275 147.624 31.2115
    endloop
  endfacet
  facet normal -0.995194 0 -0.0979243
    outer loop
      vertex 53.1324 141.624 29.1298
      vertex 52.9275 147.624 31.2115
      vertex 53.1324 147.624 29.1298
    endloop
  endfacet
  facet normal -0.96307 0 -0.26925
    outer loop
      vertex 52.9275 141.624 31.2115
      vertex 52.3643 141.624 33.226
      vertex 52.3643 147.624 33.226
    endloop
  endfacet
  facet normal -0.96307 0 -0.26925
    outer loop
      vertex 52.9275 141.624 31.2115
      vertex 52.3643 147.624 33.226
      vertex 52.9275 147.624 31.2115
    endloop
  endfacet
  facet normal -0.901684 0 -0.432395
    outer loop
      vertex 52.3643 141.624 33.226
      vertex 51.4599 141.624 35.112
      vertex 51.4599 147.624 35.112
    endloop
  endfacet
  facet normal -0.901684 0 -0.432395
    outer loop
      vertex 52.3643 141.624 33.226
      vertex 51.4599 147.624 35.112
      vertex 52.3643 147.624 33.226
    endloop
  endfacet
  facet normal -0.812901 0 -0.582402
    outer loop
      vertex 51.4599 141.624 35.112
      vertex 50.2416 141.624 36.8124
      vertex 50.2416 147.624 36.8124
    endloop
  endfacet
  facet normal -0.812901 0 -0.582402
    outer loop
      vertex 51.4599 141.624 35.112
      vertex 50.2416 147.624 36.8124
      vertex 51.4599 147.624 35.112
    endloop
  endfacet
  facet normal -0.699418 0 -0.714713
    outer loop
      vertex 50.2416 141.624 36.8124
      vertex 48.7467 141.624 38.2754
      vertex 48.7467 147.624 38.2754
    endloop
  endfacet
  facet normal -0.699418 0 -0.714713
    outer loop
      vertex 50.2416 141.624 36.8124
      vertex 48.7467 147.624 38.2754
      vertex 50.2416 147.624 36.8124
    endloop
  endfacet
  facet normal -0.564684 0 -0.825307
    outer loop
      vertex 48.7467 141.624 38.2754
      vertex 47.0203 141.624 39.4566
      vertex 47.0203 147.624 39.4566
    endloop
  endfacet
  facet normal -0.564684 0 -0.825307
    outer loop
      vertex 48.7467 141.624 38.2754
      vertex 47.0203 147.624 39.4566
      vertex 48.7467 147.624 38.2754
    endloop
  endfacet
  facet normal -0.412792 0 -0.910825
    outer loop
      vertex 47.0203 141.624 39.4566
      vertex 45.1151 141.624 40.32
      vertex 45.1151 147.624 40.32
    endloop
  endfacet
  facet normal -0.412792 0 -0.910825
    outer loop
      vertex 47.0203 141.624 39.4566
      vertex 45.1151 147.624 40.32
      vertex 47.0203 147.624 39.4566
    endloop
  endfacet
  facet normal -0.248358 0 -0.968668
    outer loop
      vertex 45.1151 141.624 40.32
      vertex 43.0889 141.624 40.8395
      vertex 43.0889 147.624 40.8395
    endloop
  endfacet
  facet normal -0.248358 0 -0.968668
    outer loop
      vertex 45.1151 141.624 40.32
      vertex 43.0889 147.624 40.8395
      vertex 45.1151 147.624 40.32
    endloop
  endfacet
  facet normal -0.076377 0 -0.997079
    outer loop
      vertex 43.0889 141.624 40.8395
      vertex 41.0033 141.624 40.9993
      vertex 41.0033 147.624 40.9993
    endloop
  endfacet
  facet normal -0.076377 0 -0.997079
    outer loop
      vertex 43.0889 141.624 40.8395
      vertex 41.0033 147.624 40.9993
      vertex 43.0889 147.624 40.8395
    endloop
  endfacet
  facet normal 0.0979243 0 -0.995194
    outer loop
      vertex 41.0033 141.624 40.9993
      vertex 38.9216 141.624 40.7945
      vertex 38.9216 147.624 40.7945
    endloop
  endfacet
  facet normal 0.0979243 0 -0.995194
    outer loop
      vertex 41.0033 141.624 40.9993
      vertex 38.9216 147.624 40.7945
      vertex 41.0033 147.624 40.9993
    endloop
  endfacet
  facet normal 0.184289 0 -0.982872
    outer loop
      vertex 38.9216 141.624 40.7945
      vertex -41.0784 141.624 25.7945
      vertex -41.0784 147.624 25.7945
    endloop
  endfacet
  facet normal 0.184289 0 -0.982872
    outer loop
      vertex 38.9216 141.624 40.7945
      vertex -41.0784 147.624 25.7945
      vertex 38.9216 147.624 40.7945
    endloop
  endfacet
  facet normal 0 1 0
    outer loop
      vertex 1.13307 141.624 21.5
      vertex -43.0929 141.624 25.2313
      vertex -41.0784 141.624 25.7945
    endloop
  endfacet
  facet normal 0 -1 0
    outer loop
      vertex 1.13307 147.624 21.5
      vertex -41.0784 147.624 25.7945
      vertex -43.0929 147.624 25.2313
    endloop
  endfacet
  facet normal 0 1 0
    outer loop
      vertex 1.13307 141.624 21.5
      vertex -44.979 141.624 24.3268
      vertex -43.0929 141.624 25.2313
    endloop
  endfacet
  facet normal 0 -1 0
    outer loop
      vertex 1.13307 147.624 21.5
      vertex -43.0929 147.624 25.2313
      vertex -44.979 147.624 24.3268
    endloop
  endfacet
  facet normal 0 1 0
    outer loop
      vertex 1.13307 141.624 21.5
      vertex -46.6793 141.624 23.1086
      vertex -44.979 141.624 24.3268
    endloop
  endfacet
  facet normal 0 -1 0
    outer loop
      vertex 1.13307 147.624 21.5
      vertex -44.979 147.624 24.3268
      vertex -46.6793 147.624 23.1086
    endloop
  endfacet
  facet normal 0 1 0
    outer loop
      vertex 1.13307 141.624 21.5
      vertex -48.1423 141.624 21.6136
      vertex -46.6793 141.624 23.1086
    endloop
  endfacet
  facet normal 0 -1 0
    outer loop
      vertex 1.13307 147.624 21.5
      vertex -46.6793 147.624 23.1086
      vertex -48.1423 147.624 21.6136
    endloop
  endfacet
  facet normal 0 1 0
    outer loop
      vertex 1.13307 141.624 21.5
      vertex -49.3235 141.624 19.8873
      vertex -48.1423 141.624 21.6136
    endloop
  endfacet
  facet normal -0 -1 0
    outer loop
      vertex 1.13307 147.624 21.5
      vertex -48.1423 147.624 21.6136
      vertex -49.3235 147.624 19.8873
    endloop
  endfacet
  facet normal 0 1 0
    outer loop
      vertex 1.13307 141.624 21.5
      vertex -50.187 141.624 17.9821
      vertex -49.3235 141.624 19.8873
    endloop
  endfacet
  facet normal 0 -1 0
    outer loop
      vertex 1.13307 147.624 21.5
      vertex -49.3235 147.624 19.8873
      vertex -50.187 147.624 17.9821
    endloop
  endfacet
  facet normal 0 1 0
    outer loop
      vertex 1.13307 141.624 21.5
      vertex -50.7065 141.624 15.9559
      vertex -50.187 141.624 17.9821
    endloop
  endfacet
  facet normal 0 -1 0
    outer loop
      vertex 1.13307 147.624 21.5
      vertex -50.187 147.624 17.9821
      vertex -50.7065 147.624 15.9559
    endloop
  endfacet
  facet normal 0 1 0
    outer loop
      vertex 1.13307 141.624 21.5
      vertex -50.8662 141.624 13.8702
      vertex -50.7065 141.624 15.9559
    endloop
  endfacet
  facet normal 0 -1 0
    outer loop
      vertex 1.13307 147.624 21.5
      vertex -50.7065 147.624 15.9559
      vertex -50.8662 147.624 13.8702
    endloop
  endfacet
  facet normal 0 1 0
    outer loop
      vertex 1.13307 141.624 21.5
      vertex -50.6614 141.624 11.7885
      vertex -50.8662 141.624 13.8702
    endloop
  endfacet
  facet normal 0 -1 0
    outer loop
      vertex 1.13307 147.624 21.5
      vertex -50.8662 147.624 13.8702
      vertex -50.6614 147.624 11.7885
    endloop
  endfacet
  facet normal 0 1 0
    outer loop
      vertex 1.13307 141.624 21.5
      vertex -50.0982 141.624 9.77405
      vertex -50.6614 141.624 11.7885
    endloop
  endfacet
  facet normal 0 -1 0
    outer loop
      vertex 1.13307 147.624 21.5
      vertex -50.6614 147.624 11.7885
      vertex -50.0982 147.624 9.77405
    endloop
  endfacet
  facet normal 0 1 0
    outer loop
      vertex 1.13307 141.624 21.5
      vertex -49.1937 141.624 7.88796
      vertex -50.0982 141.624 9.77405
    endloop
  endfacet
  facet normal 0 -1 0
    outer loop
      vertex 1.13307 147.624 21.5
      vertex -50.0982 147.624 9.77405
      vertex -49.1937 147.624 7.88796
    endloop
  endfacet
  facet normal 0 1 0
    outer loop
      vertex 1.13307 141.624 21.5
      vertex -47.9755 141.624 6.18758
      vertex -49.1937 141.624 7.88796
    endloop
  endfacet
  facet normal 0 -1 0
    outer loop
      vertex 1.13307 147.624 21.5
      vertex -49.1937 147.624 7.88796
      vertex -47.9755 147.624 6.18758
    endloop
  endfacet
  facet normal 0 1 0
    outer loop
      vertex 1.13307 141.624 21.5
      vertex -46.4805 141.624 4.72458
      vertex -47.9755 141.624 6.18758
    endloop
  endfacet
  facet normal 0 -1 0
    outer loop
      vertex 1.13307 147.624 21.5
      vertex -47.9755 147.624 6.18758
      vertex -46.4805 147.624 4.72458
    endloop
  endfacet
  facet normal 0 1 0
    outer loop
      vertex 1.13307 141.624 21.5
      vertex -44.7542 141.624 3.54341
      vertex -46.4805 141.624 4.72458
    endloop
  endfacet
  facet normal 0 -1 0
    outer loop
      vertex 1.13307 147.624 21.5
      vertex -46.4805 147.624 4.72458
      vertex -44.7542 147.624 3.54341
    endloop
  endfacet
  facet normal 0 1 0
    outer loop
      vertex 1.13307 141.624 21.5
      vertex -42.849 141.624 2.67996
      vertex -44.7542 141.624 3.54341
    endloop
  endfacet
  facet normal 0 -1 0
    outer loop
      vertex 1.13307 147.624 21.5
      vertex -44.7542 147.624 3.54341
      vertex -42.849 147.624 2.67996
    endloop
  endfacet
  facet normal 0 1 0
    outer loop
      vertex 1.13307 141.624 21.5
      vertex -40.8228 141.624 2.16046
      vertex -42.849 141.624 2.67996
    endloop
  endfacet
  facet normal 0 -1 0
    outer loop
      vertex 1.13307 147.624 21.5
      vertex -42.849 147.624 2.67996
      vertex -40.8228 147.624 2.16046
    endloop
  endfacet
  facet normal 0 1 0
    outer loop
      vertex 1.13307 141.624 21.5
      vertex -38.7371 141.624 2.0007
      vertex -40.8228 141.624 2.16046
    endloop
  endfacet
  facet normal 0 -1 0
    outer loop
      vertex 1.13307 147.624 21.5
      vertex -40.8228 147.624 2.16046
      vertex -38.7371 147.624 2.0007
    endloop
  endfacet
  facet normal 0 1 0
    outer loop
      vertex 1.13307 141.624 21.5
      vertex -36.6555 141.624 2.20553
      vertex -38.7371 141.624 2.0007
    endloop
  endfacet
  facet normal 0 -1 0
    outer loop
      vertex 1.13307 147.624 21.5
      vertex -38.7371 147.624 2.0007
      vertex -36.6555 147.624 2.20553
    endloop
  endfacet
  facet normal 0 1 0
    outer loop
      vertex 1.13307 141.624 21.5
      vertex 43.3445 141.624 17.2055
      vertex -36.6555 141.624 2.20553
    endloop
  endfacet
  facet normal 0 -1 -0
    outer loop
      vertex 1.13307 147.624 21.5
      vertex -36.6555 147.624 2.20553
      vertex 43.3445 147.624 17.2055
    endloop
  endfacet
  facet normal 0 1 0
    outer loop
      vertex 1.13307 141.624 21.5
      vertex 45.359 141.624 17.7687
      vertex 43.3445 141.624 17.2055
    endloop
  endfacet
  facet normal 0 -1 0
    outer loop
      vertex 1.13307 147.624 21.5
      vertex 43.3445 147.624 17.2055
      vertex 45.359 147.624 17.7687
    endloop
  endfacet
  facet normal 0 1 0
    outer loop
      vertex 1.13307 141.624 21.5
      vertex 47.2451 141.624 18.6732
      vertex 45.359 141.624 17.7687
    endloop
  endfacet
  facet normal 0 -1 0
    outer loop
      vertex 1.13307 147.624 21.5
      vertex 45.359 147.624 17.7687
      vertex 47.2451 147.624 18.6732
    endloop
  endfacet
  facet normal 0 1 0
    outer loop
      vertex 1.13307 141.624 21.5
      vertex 48.9455 141.624 19.8914
      vertex 47.2451 141.624 18.6732
    endloop
  endfacet
  facet normal 0 -1 0
    outer loop
      vertex 1.13307 147.624 21.5
      vertex 47.2451 147.624 18.6732
      vertex 48.9455 147.624 19.8914
    endloop
  endfacet
  facet normal 0 1 0
    outer loop
      vertex 1.13307 141.624 21.5
      vertex 50.4085 141.624 21.3864
      vertex 48.9455 141.624 19.8914
    endloop
  endfacet
  facet normal 0 -1 0
    outer loop
      vertex 1.13307 147.624 21.5
      vertex 48.9455 147.624 19.8914
      vertex 50.4085 147.624 21.3864
    endloop
  endfacet
  facet normal -0 1 0
    outer loop
      vertex 1.13307 141.624 21.5
      vertex 51.5897 141.624 23.1127
      vertex 50.4085 141.624 21.3864
    endloop
  endfacet
  facet normal 0 -1 0
    outer loop
      vertex 1.13307 147.624 21.5
      vertex 50.4085 147.624 21.3864
      vertex 51.5897 147.624 23.1127
    endloop
  endfacet
  facet normal 0 1 0
    outer loop
      vertex 1.13307 141.624 21.5
      vertex 52.4531 141.624 25.0179
      vertex 51.5897 141.624 23.1127
    endloop
  endfacet
  facet normal 0 -1 0
    outer loop
      vertex 1.13307 147.624 21.5
      vertex 51.5897 147.624 23.1127
      vertex 52.4531 147.624 25.0179
    endloop
  endfacet
  facet normal 0 1 0
    outer loop
      vertex 1.13307 141.624 21.5
      vertex 52.9726 141.624 27.0441
      vertex 52.4531 141.624 25.0179
    endloop
  endfacet
  facet normal 0 -1 0
    outer loop
      vertex 1.13307 147.624 21.5
      vertex 52.4531 147.624 25.0179
      vertex 52.9726 147.624 27.0441
    endloop
  endfacet
  facet normal 0 1 0
    outer loop
      vertex 1.13307 141.624 21.5
      vertex 53.1324 141.624 29.1298
      vertex 52.9726 141.624 27.0441
    endloop
  endfacet
  facet normal 0 -1 0
    outer loop
      vertex 1.13307 147.624 21.5
      vertex 52.9726 147.624 27.0441
      vertex 53.1324 147.624 29.1298
    endloop
  endfacet
  facet normal 0 1 0
    outer loop
      vertex 1.13307 141.624 21.5
      vertex 52.9275 141.624 31.2115
      vertex 53.1324 141.624 29.1298
    endloop
  endfacet
  facet normal 0 -1 0
    outer loop
      vertex 1.13307 147.624 21.5
      vertex 53.1324 147.624 29.1298
      vertex 52.9275 147.624 31.2115
    endloop
  endfacet
  facet normal 0 1 0
    outer loop
      vertex 1.13307 141.624 21.5
      vertex 52.3643 141.624 33.226
      vertex 52.9275 141.624 31.2115
    endloop
  endfacet
  facet normal 0 -1 0
    outer loop
      vertex 1.13307 147.624 21.5
      vertex 52.9275 147.624 31.2115
      vertex 52.3643 147.624 33.226
    endloop
  endfacet
  facet normal 0 1 0
    outer loop
      vertex 1.13307 141.624 21.5
      vertex 51.4599 141.624 35.112
      vertex 52.3643 141.624 33.226
    endloop
  endfacet
  facet normal 0 -1 0
    outer loop
      vertex 1.13307 147.624 21.5
      vertex 52.3643 147.624 33.226
      vertex 51.4599 147.624 35.112
    endloop
  endfacet
  facet normal 0 1 0
    outer loop
      vertex 1.13307 141.624 21.5
      vertex 50.2416 141.624 36.8124
      vertex 51.4599 141.624 35.112
    endloop
  endfacet
  facet normal 0 -1 0
    outer loop
      vertex 1.13307 147.624 21.5
      vertex 51.4599 147.624 35.112
      vertex 50.2416 147.624 36.8124
    endloop
  endfacet
  facet normal 0 1 0
    outer loop
      vertex 1.13307 141.624 21.5
      vertex 48.7467 141.624 38.2754
      vertex 50.2416 141.624 36.8124
    endloop
  endfacet
  facet normal 0 -1 0
    outer loop
      vertex 1.13307 147.624 21.5
      vertex 50.2416 147.624 36.8124
      vertex 48.7467 147.624 38.2754
    endloop
  endfacet
  facet normal 0 1 0
    outer loop
      vertex 1.13307 141.624 21.5
      vertex 47.0203 141.624 39.4566
      vertex 48.7467 141.624 38.2754
    endloop
  endfacet
  facet normal 0 -1 0
    outer loop
      vertex 1.13307 147.624 21.5
      vertex 48.7467 147.624 38.2754
      vertex 47.0203 147.624 39.4566
    endloop
  endfacet
  facet normal 0 1 0
    outer loop
      vertex 1.13307 141.624 21.5
      vertex 45.1151 141.624 40.32
      vertex 47.0203 141.624 39.4566
    endloop
  endfacet
  facet normal 0 -1 0
    outer loop
      vertex 1.13307 147.624 21.5
      vertex 47.0203 147.624 39.4566
      vertex 45.1151 147.624 40.32
    endloop
  endfacet
  facet normal 0 1 0
    outer loop
      vertex 1.13307 141.624 21.5
      vertex 43.0889 141.624 40.8395
      vertex 45.1151 141.624 40.32
    endloop
  endfacet
  facet normal 0 -1 0
    outer loop
      vertex 1.13307 147.624 21.5
      vertex 45.1151 147.624 40.32
      vertex 43.0889 147.624 40.8395
    endloop
  endfacet
  facet normal 0 1 0
    outer loop
      vertex 1.13307 141.624 21.5
      vertex 41.0033 141.624 40.9993
      vertex 43.0889 141.624 40.8395
    endloop
  endfacet
  facet normal 0 -1 0
    outer loop
      vertex 1.13307 147.624 21.5
      vertex 43.0889 147.624 40.8395
      vertex 41.0033 147.624 40.9993
    endloop
  endfacet
  facet normal 0 1 0
    outer loop
      vertex 1.13307 141.624 21.5
      vertex 38.9216 141.624 40.7945
      vertex 41.0033 141.624 40.9993
    endloop
  endfacet
  facet normal 0 -1 0
    outer loop
      vertex 1.13307 147.624 21.5
      vertex 41.0033 147.624 40.9993
      vertex 38.9216 147.624 40.7945
    endloop
  endfacet
  facet normal 0 1 -0
    outer loop
      vertex 1.13307 141.624 21.5
      vertex -41.0784 141.624 25.7945
      vertex 38.9216 141.624 40.7945
    endloop
  endfacet
  facet normal 0 -1 0
    outer loop
      vertex 1.13307 147.624 21.5
      vertex 38.9216 147.624 40.7945
      vertex -41.0784 147.624 25.7945
    endloop
  endfacet
  facet normal -0.109907 0 -0.993942
    outer loop
      vertex 201.177 -23 -8.11652
      vertex 200.137 -23 -8.00157
      vertex 200.137 -17 -8.00157
    endloop
  endfacet
  facet normal -0.109907 0 -0.993942
    outer loop
      vertex 201.177 -23 -8.11652
      vertex 200.137 -17 -8.00157
      vertex 201.177 -17 -8.11652
    endloop
  endfacet
  facet normal 0.0643593 0 -0.997927
    outer loop
      vertex 200.137 -23 -8.00157
      vertex 199.093 -23 -8.06888
      vertex 199.093 -17 -8.06888
    endloop
  endfacet
  facet normal 0.0643593 0 -0.997927
    outer loop
      vertex 200.137 -23 -8.00157
      vertex 199.093 -17 -8.06888
      vertex 200.137 -17 -8.00157
    endloop
  endfacet
  facet normal 0.23667 0 -0.97159
    outer loop
      vertex 199.093 -23 -8.06888
      vertex 198.077 -23 -8.3164
      vertex 198.077 -17 -8.3164
    endloop
  endfacet
  facet normal 0.23667 0 -0.97159
    outer loop
      vertex 199.093 -23 -8.06888
      vertex 198.077 -17 -8.3164
      vertex 199.093 -17 -8.06888
    endloop
  endfacet
  facet normal 0.401789 0 -0.915732
    outer loop
      vertex 198.077 -23 -8.3164
      vertex 197.12 -23 -8.73662
      vertex 197.12 -17 -8.73662
    endloop
  endfacet
  facet normal 0.401789 0 -0.915732
    outer loop
      vertex 198.077 -23 -8.3164
      vertex 197.12 -17 -8.73662
      vertex 198.077 -17 -8.3164
    endloop
  endfacet
  facet normal 0.5547 0 -0.83205
    outer loop
      vertex 197.12 -23 -8.73662
      vertex 196.249 -23 -9.31677
      vertex 196.249 -17 -9.31677
    endloop
  endfacet
  facet normal 0.5547 0 -0.83205
    outer loop
      vertex 197.12 -23 -8.73662
      vertex 196.249 -17 -9.31677
      vertex 197.12 -17 -8.73662
    endloop
  endfacet
  facet normal 0.690757 0 -0.723087
    outer loop
      vertex 196.249 -23 -9.31677
      vertex 195.493 -23 -10.0392
      vertex 195.493 -17 -10.0392
    endloop
  endfacet
  facet normal 0.690757 0 -0.723087
    outer loop
      vertex 196.249 -23 -9.31677
      vertex 195.493 -17 -10.0392
      vertex 196.249 -17 -9.31677
    endloop
  endfacet
  facet normal 0.805826 0 -0.592153
    outer loop
      vertex 195.493 -23 -10.0392
      vertex 194.874 -23 -10.882
      vertex 194.874 -17 -10.882
    endloop
  endfacet
  facet normal 0.805826 0 -0.592153
    outer loop
      vertex 195.493 -23 -10.0392
      vertex 194.874 -17 -10.882
      vertex 195.493 -17 -10.0392
    endloop
  endfacet
  facet normal 0.89641 0 -0.443227
    outer loop
      vertex 194.874 -23 -10.882
      vertex 194.41 -23 -11.8195
      vertex 194.41 -17 -11.8195
    endloop
  endfacet
  facet normal 0.89641 0 -0.443227
    outer loop
      vertex 194.874 -23 -10.882
      vertex 194.41 -17 -11.8195
      vertex 194.874 -17 -10.882
    endloop
  endfacet
  facet normal 0.959757 0 -0.280833
    outer loop
      vertex 194.41 -23 -11.8195
      vertex 194.117 -23 -12.8233
      vertex 194.117 -17 -12.8233
    endloop
  endfacet
  facet normal 0.959757 0 -0.280833
    outer loop
      vertex 194.41 -23 -11.8195
      vertex 194.117 -17 -12.8233
      vertex 194.41 -17 -11.8195
    endloop
  endfacet
  facet normal 0.993942 0 -0.109907
    outer loop
      vertex 194.117 -23 -12.8233
      vertex 194.002 -23 -13.8628
      vertex 194.002 -17 -13.8628
    endloop
  endfacet
  facet normal 0.993942 0 -0.109907
    outer loop
      vertex 194.117 -23 -12.8233
      vertex 194.002 -17 -13.8628
      vertex 194.117 -17 -12.8233
    endloop
  endfacet
  facet normal 0.997927 0 0.0643593
    outer loop
      vertex 194.002 -23 -13.8628
      vertex 194.069 -23 -14.9065
      vertex 194.069 -17 -14.9065
    endloop
  endfacet
  facet normal 0.997927 -0 0.0643593
    outer loop
      vertex 194.002 -23 -13.8628
      vertex 194.069 -17 -14.9065
      vertex 194.002 -17 -13.8628
    endloop
  endfacet
  facet normal 0.97159 0 0.23667
    outer loop
      vertex 194.069 -23 -14.9065
      vertex 194.316 -23 -15.9227
      vertex 194.316 -17 -15.9227
    endloop
  endfacet
  facet normal 0.97159 -0 0.23667
    outer loop
      vertex 194.069 -23 -14.9065
      vertex 194.316 -17 -15.9227
      vertex 194.069 -17 -14.9065
    endloop
  endfacet
  facet normal 0.915732 0 0.401789
    outer loop
      vertex 194.316 -23 -15.9227
      vertex 194.737 -23 -16.8804
      vertex 194.737 -17 -16.8804
    endloop
  endfacet
  facet normal 0.915732 -0 0.401789
    outer loop
      vertex 194.316 -23 -15.9227
      vertex 194.737 -17 -16.8804
      vertex 194.316 -17 -15.9227
    endloop
  endfacet
  facet normal 0.83205 0 0.5547
    outer loop
      vertex 194.737 -23 -16.8804
      vertex 195.317 -23 -17.7506
      vertex 195.317 -17 -17.7506
    endloop
  endfacet
  facet normal 0.83205 -0 0.5547
    outer loop
      vertex 194.737 -23 -16.8804
      vertex 195.317 -17 -17.7506
      vertex 194.737 -17 -16.8804
    endloop
  endfacet
  facet normal 0.723087 0 0.690757
    outer loop
      vertex 195.317 -23 -17.7506
      vertex 196.039 -23 -18.5069
      vertex 196.039 -17 -18.5069
    endloop
  endfacet
  facet normal 0.723087 -0 0.690757
    outer loop
      vertex 195.317 -23 -17.7506
      vertex 196.039 -17 -18.5069
      vertex 195.317 -17 -17.7506
    endloop
  endfacet
  facet normal 0.592153 0 0.805826
    outer loop
      vertex 196.039 -23 -18.5069
      vertex 196.882 -23 -19.1262
      vertex 196.882 -17 -19.1262
    endloop
  endfacet
  facet normal 0.592153 -0 0.805826
    outer loop
      vertex 196.039 -23 -18.5069
      vertex 196.882 -17 -19.1262
      vertex 196.039 -17 -18.5069
    endloop
  endfacet
  facet normal 0.443227 0 0.89641
    outer loop
      vertex 196.882 -23 -19.1262
      vertex 197.82 -23 -19.5898
      vertex 197.82 -17 -19.5898
    endloop
  endfacet
  facet normal 0.443227 -0 0.89641
    outer loop
      vertex 196.882 -23 -19.1262
      vertex 197.82 -17 -19.5898
      vertex 196.882 -17 -19.1262
    endloop
  endfacet
  facet normal 0.280833 0 0.959757
    outer loop
      vertex 197.82 -23 -19.5898
      vertex 198.823 -23 -19.8835
      vertex 198.823 -17 -19.8835
    endloop
  endfacet
  facet normal 0.280833 -0 0.959757
    outer loop
      vertex 197.82 -23 -19.5898
      vertex 198.823 -17 -19.8835
      vertex 197.82 -17 -19.5898
    endloop
  endfacet
  facet normal 0.196116 0 0.980581
    outer loop
      vertex 198.823 -23 -19.8835
      vertex 398.823 -23 -59.8835
      vertex 398.823 -17 -59.8835
    endloop
  endfacet
  facet normal 0.196116 -0 0.980581
    outer loop
      vertex 198.823 -23 -19.8835
      vertex 398.823 -17 -59.8835
      vertex 198.823 -17 -19.8835
    endloop
  endfacet
  facet normal 0.109907 0 0.993942
    outer loop
      vertex 398.823 -23 -59.8835
      vertex 399.863 -23 -59.9984
      vertex 399.863 -17 -59.9984
    endloop
  endfacet
  facet normal 0.109907 -0 0.993942
    outer loop
      vertex 398.823 -23 -59.8835
      vertex 399.863 -17 -59.9984
      vertex 398.823 -17 -59.8835
    endloop
  endfacet
  facet normal -0.0643593 0 0.997927
    outer loop
      vertex 399.863 -23 -59.9984
      vertex 400.907 -23 -59.9311
      vertex 400.907 -17 -59.9311
    endloop
  endfacet
  facet normal -0.0643593 0 0.997927
    outer loop
      vertex 399.863 -23 -59.9984
      vertex 400.907 -17 -59.9311
      vertex 399.863 -17 -59.9984
    endloop
  endfacet
  facet normal -0.23667 0 0.97159
    outer loop
      vertex 400.907 -23 -59.9311
      vertex 401.923 -23 -59.6836
      vertex 401.923 -17 -59.6836
    endloop
  endfacet
  facet normal -0.23667 0 0.97159
    outer loop
      vertex 400.907 -23 -59.9311
      vertex 401.923 -17 -59.6836
      vertex 400.907 -17 -59.9311
    endloop
  endfacet
  facet normal -0.401789 0 0.915732
    outer loop
      vertex 401.923 -23 -59.6836
      vertex 402.88 -23 -59.2634
      vertex 402.88 -17 -59.2634
    endloop
  endfacet
  facet normal -0.401789 0 0.915732
    outer loop
      vertex 401.923 -23 -59.6836
      vertex 402.88 -17 -59.2634
      vertex 401.923 -17 -59.6836
    endloop
  endfacet
  facet normal -0.5547 0 0.83205
    outer loop
      vertex 402.88 -23 -59.2634
      vertex 403.751 -23 -58.6832
      vertex 403.751 -17 -58.6832
    endloop
  endfacet
  facet normal -0.5547 0 0.83205
    outer loop
      vertex 402.88 -23 -59.2634
      vertex 403.751 -17 -58.6832
      vertex 402.88 -17 -59.2634
    endloop
  endfacet
  facet normal -0.690757 0 0.723087
    outer loop
      vertex 403.751 -23 -58.6832
      vertex 404.507 -23 -57.9608
      vertex 404.507 -17 -57.9608
    endloop
  endfacet
  facet normal -0.690757 0 0.723087
    outer loop
      vertex 403.751 -23 -58.6832
      vertex 404.507 -17 -57.9608
      vertex 403.751 -17 -58.6832
    endloop
  endfacet
  facet normal -0.805826 0 0.592153
    outer loop
      vertex 404.507 -23 -57.9608
      vertex 405.126 -23 -57.118
      vertex 405.126 -17 -57.118
    endloop
  endfacet
  facet normal -0.805826 0 0.592153
    outer loop
      vertex 404.507 -23 -57.9608
      vertex 405.126 -17 -57.118
      vertex 404.507 -17 -57.9608
    endloop
  endfacet
  facet normal -0.89641 0 0.443227
    outer loop
      vertex 405.126 -23 -57.118
      vertex 405.59 -23 -56.1805
      vertex 405.59 -17 -56.1805
    endloop
  endfacet
  facet normal -0.89641 0 0.443227
    outer loop
      vertex 405.126 -23 -57.118
      vertex 405.59 -17 -56.1805
      vertex 405.126 -17 -57.118
    endloop
  endfacet
  facet normal -0.959757 0 0.280833
    outer loop
      vertex 405.59 -23 -56.1805
      vertex 405.883 -23 -55.1767
      vertex 405.883 -17 -55.1767
    endloop
  endfacet
  facet normal -0.959757 0 0.280833
    outer loop
      vertex 405.59 -23 -56.1805
      vertex 405.883 -17 -55.1767
      vertex 405.59 -17 -56.1805
    endloop
  endfacet
  facet normal -0.993942 0 0.109907
    outer loop
      vertex 405.883 -23 -55.1767
      vertex 405.998 -23 -54.1372
      vertex 405.998 -17 -54.1372
    endloop
  endfacet
  facet normal -0.993942 0 0.109907
    outer loop
      vertex 405.883 -23 -55.1767
      vertex 405.998 -17 -54.1372
      vertex 405.883 -17 -55.1767
    endloop
  endfacet
  facet normal -0.997927 0 -0.0643593
    outer loop
      vertex 405.998 -23 -54.1372
      vertex 405.931 -23 -53.0935
      vertex 405.931 -17 -53.0935
    endloop
  endfacet
  facet normal -0.997927 0 -0.0643593
    outer loop
      vertex 405.998 -23 -54.1372
      vertex 405.931 -17 -53.0935
      vertex 405.998 -17 -54.1372
    endloop
  endfacet
  facet normal -0.97159 0 -0.23667
    outer loop
      vertex 405.931 -23 -53.0935
      vertex 405.684 -23 -52.0773
      vertex 405.684 -17 -52.0773
    endloop
  endfacet
  facet normal -0.97159 0 -0.23667
    outer loop
      vertex 405.931 -23 -53.0935
      vertex 405.684 -17 -52.0773
      vertex 405.931 -17 -53.0935
    endloop
  endfacet
  facet normal -0.915732 0 -0.401789
    outer loop
      vertex 405.684 -23 -52.0773
      vertex 405.263 -23 -51.1196
      vertex 405.263 -17 -51.1196
    endloop
  endfacet
  facet normal -0.915732 0 -0.401789
    outer loop
      vertex 405.684 -23 -52.0773
      vertex 405.263 -17 -51.1196
      vertex 405.684 -17 -52.0773
    endloop
  endfacet
  facet normal -0.83205 0 -0.5547
    outer loop
      vertex 405.263 -23 -51.1196
      vertex 404.683 -23 -50.2494
      vertex 404.683 -17 -50.2494
    endloop
  endfacet
  facet normal -0.83205 0 -0.5547
    outer loop
      vertex 405.263 -23 -51.1196
      vertex 404.683 -17 -50.2494
      vertex 405.263 -17 -51.1196
    endloop
  endfacet
  facet normal -0.723087 0 -0.690757
    outer loop
      vertex 404.683 -23 -50.2494
      vertex 403.961 -23 -49.4931
      vertex 403.961 -17 -49.4931
    endloop
  endfacet
  facet normal -0.723087 0 -0.690757
    outer loop
      vertex 404.683 -23 -50.2494
      vertex 403.961 -17 -49.4931
      vertex 404.683 -17 -50.2494
    endloop
  endfacet
  facet normal -0.592153 0 -0.805826
    outer loop
      vertex 403.961 -23 -49.4931
      vertex 403.118 -23 -48.8738
      vertex 403.118 -17 -48.8738
    endloop
  endfacet
  facet normal -0.592153 0 -0.805826
    outer loop
      vertex 403.961 -23 -49.4931
      vertex 403.118 -17 -48.8738
      vertex 403.961 -17 -49.4931
    endloop
  endfacet
  facet normal -0.443227 0 -0.89641
    outer loop
      vertex 403.118 -23 -48.8738
      vertex 402.18 -23 -48.4102
      vertex 402.18 -17 -48.4102
    endloop
  endfacet
  facet normal -0.443227 0 -0.89641
    outer loop
      vertex 403.118 -23 -48.8738
      vertex 402.18 -17 -48.4102
      vertex 403.118 -17 -48.8738
    endloop
  endfacet
  facet normal -0.280833 0 -0.959757
    outer loop
      vertex 402.18 -23 -48.4102
      vertex 401.177 -23 -48.1165
      vertex 401.177 -17 -48.1165
    endloop
  endfacet
  facet normal -0.280833 0 -0.959757
    outer loop
      vertex 402.18 -23 -48.4102
      vertex 401.177 -17 -48.1165
      vertex 402.18 -17 -48.4102
    endloop
  endfacet
  facet normal -0.196116 0 -0.980581
    outer loop
      vertex 401.177 -23 -48.1165
      vertex 201.177 -23 -8.11652
      vertex 201.177 -17 -8.11652
    endloop
  endfacet
  facet normal -0.196116 0 -0.980581
    outer loop
      vertex 401.177 -23 -48.1165
      vertex 201.177 -17 -8.11652
      vertex 401.177 -17 -48.1165
    endloop
  endfacet
  facet normal 0 1 0
    outer loop
      vertex 300 -23 -34
      vertex 200.137 -23 -8.00157
      vertex 201.177 -23 -8.11652
    endloop
  endfacet
  facet normal 0 -1 0
    outer loop
      vertex 300 -17 -34
      vertex 201.177 -17 -8.11652
      vertex 200.137 -17 -8.00157
    endloop
  endfacet
  facet normal 0 1 0
    outer loop
      vertex 300 -23 -34
      vertex 199.093 -23 -8.06888
      vertex 200.137 -23 -8.00157
    endloop
  endfacet
  facet normal 0 -1 0
    outer loop
      vertex 300 -17 -34
      vertex 200.137 -17 -8.00157
      vertex 199.093 -17 -8.06888
    endloop
  endfacet
  facet normal 0 1 0
    outer loop
      vertex 300 -23 -34
      vertex 198.077 -23 -8.3164
      vertex 199.093 -23 -8.06888
    endloop
  endfacet
  facet normal 0 -1 0
    outer loop
      vertex 300 -17 -34
      vertex 199.093 -17 -8.06888
      vertex 198.077 -17 -8.3164
    endloop
  endfacet
  facet normal 0 1 0
    outer loop
      vertex 300 -23 -34
      vertex 197.12 -23 -8.73662
      vertex 198.077 -23 -8.3164
    endloop
  endfacet
  facet normal 0 -1 0
    outer loop
      vertex 300 -17 -34
      vertex 198.077 -17 -8.3164
      vertex 197.12 -17 -8.73662
    endloop
  endfacet
  facet normal 0 1 0
    outer loop
      vertex 300 -23 -34
      vertex 196.249 -23 -9.31677
      vertex 197.12 -23 -8.73662
    endloop
  endfacet
  facet normal 0 -1 0
    outer loop
      vertex 300 -17 -34
      vertex 197.12 -17 -8.73662
      vertex 196.249 -17 -9.31677
    endloop
  endfacet
  facet normal 0 1 0
    outer loop
      vertex 300 -23 -34
      vertex 195.493 -23 -10.0392
      vertex 196.249 -23 -9.31677
    endloop
  endfacet
  facet normal 0 -1 0
    outer loop
      vertex 300 -17 -34
      vertex 196.249 -17 -9.31677
      vertex 195.493 -17 -10.0392
    endloop
  endfacet
  facet normal 0 1 0
    outer loop
      vertex 300 -23 -34
      vertex 194.874 -23 -10.882
      vertex 195.493 -23 -10.0392
    endloop
  endfacet
  facet normal 0 -1 0
    outer loop
      vertex 300 -17 -34
      vertex 195.493 -17 -10.0392
      vertex 194.874 -17 -10.882
    endloop
  endfacet
  facet normal 0 1 0
    outer loop
      vertex 300 -23 -34
      vertex 194.41 -23 -11.8195
      vertex 194.874 -23 -10.882
    endloop
  endfacet
  facet normal 0 -1 0
    outer loop
      vertex 300 -17 -34
      vertex 194.874 -17 -10.882
      vertex 194.41 -17 -11.8195
    endloop
  endfacet
  facet normal 0 1 0
    outer loop
      vertex 300 -23 -34
      vertex 194.117 -23 -12.8233
      vertex 194.41 -23 -11.8195
    endloop
  endfacet
  facet normal 0 -1 0
    outer loop
      vertex 300 -17 -34
      vertex 194.41 -17 -11.8195
      vertex 194.117 -17 -12.8233
    endloop
  endfacet
  facet normal 0 1 0
    outer loop
      vertex 300 -23 -34
      vertex 194.002 -23 -13.8628
      vertex 194.117 -23 -12.8233
    endloop
  endfacet
  facet normal 0 -1 0
    outer loop
      vertex 300 -17 -34
      vertex 194.117 -17 -12.8233
      vertex 194.002 -17 -13.8628
    endloop
  endfacet
  facet normal 0 1 0
    outer loop
      vertex 300 -23 -34
      vertex 194.069 -23 -14.9065
      vertex 194.002 -23 -13.8628
    endloop
  endfacet
  facet normal 0 -1 0
    outer loop
      vertex 300 -17 -34
      vertex 194.002 -17 -13.8628
      vertex 194.069 -17 -14.9065
    endloop
  endfacet
  facet normal 0 1 0
    outer loop
      vertex 300 -23 -34
      vertex 194.316 -23 -15.9227
      vertex 194.069 -23 -14.9065
    endloop
  endfacet
  facet normal 0 -1 0
    outer loop
      vertex 300 -17 -34
      vertex 194.069 -17 -14.9065
      vertex 194.316 -17 -15.9227
    endloop
  endfacet
  facet normal 0 1 0
    outer loop
      vertex 300 -23 -34
      vertex 194.737 -23 -16.8804
      vertex 194.316 -23 -15.9227
    endloop
  endfacet
  facet normal 0 -1 0
    outer loop
      vertex 300 -17 -34
      vertex 194.316 -17 -15.9227
      vertex 194.737 -17 -16.8804
    endloop
  endfacet
  facet normal 0 1 0
    outer loop
      vertex 300 -23 -34
      vertex 195.317 -23 -17.7506
      vertex 194.737 -23 -16.8804
    endloop
  endfacet
  facet normal 0 -1 0
    outer loop
      vertex 300 -17 -34
      vertex 194.737 -17 -16.8804
      vertex 195.317 -17 -17.7506
    endloop
  endfacet
  facet normal 0 1 0
    outer loop
      vertex 300 -23 -34
      vertex 196.039 -23 -18.5069
      vertex 195.317 -23 -17.7506
    endloop
  endfacet
  facet normal 0 -1 0
    outer loop
      vertex 300 -17 -34
      vertex 195.317 -17 -17.7506
      vertex 196.039 -17 -18.5069
    endloop
  endfacet
  facet normal 0 1 0
    outer loop
      vertex 300 -23 -34
      vertex 196.882 -23 -19.1262
      vertex 196.039 -23 -18.5069
    endloop
  endfacet
  facet normal 0 -1 0
    outer loop
      vertex 300 -17 -34
      vertex 196.039 -17 -18.5069
      vertex 196.882 -17 -19.1262
    endloop
  endfacet
  facet normal 0 1 0
    outer loop
      vertex 300 -23 -34
      vertex 197.82 -23 -19.5898
      vertex 196.882 -23 -19.1262
    endloop
  endfacet
  facet normal 0 -1 0
    outer loop
      vertex 300 -17 -34
      vertex 196.882 -17 -19.1262
      vertex 197.82 -17 -19.5898
    endloop
  endfacet
  facet normal 0 1 0
    outer loop
      vertex 300 -23 -34
      vertex 198.823 -23 -19.8835
      vertex 197.82 -23 -19.5898
    endloop
  endfacet
  facet normal 0 -1 0
    outer loop
      vertex 300 -17 -34
      vertex 197.82 -17 -19.5898
      vertex 198.823 -17 -19.8835
    endloop
  endfacet
  facet normal 0 1 0
    outer loop
      vertex 300 -23 -34
      vertex 398.823 -23 -59.8835
      vertex 198.823 -23 -19.8835
    endloop
  endfacet
  facet normal -0 -1 -0
    outer loop
      vertex 300 -17 -34
      vertex 198.823 -17 -19.8835
      vertex 398.823 -17 -59.8835
    endloop
  endfacet
  facet normal 0 1 0
    outer loop
      vertex 300 -23 -34
      vertex 399.863 -23 -59.9984
      vertex 398.823 -23 -59.8835
    endloop
  endfacet
  facet normal 0 -1 0
    outer loop
      vertex 300 -17 -34
      vertex 398.823 -17 -59.8835
      vertex 399.863 -17 -59.9984
    endloop
  endfacet
  facet normal 0 1 0
    outer loop
      vertex 300 -23 -34
      vertex 400.907 -23 -59.9311
      vertex 399.863 -23 -59.9984
    endloop
  endfacet
  facet normal 0 -1 0
    outer loop
      vertex 300 -17 -34
      vertex 399.863 -17 -59.9984
      vertex 400.907 -17 -59.9311
    endloop
  endfacet
  facet normal 0 1 0
    outer loop
      vertex 300 -23 -34
      vertex 401.923 -23 -59.6836
      vertex 400.907 -23 -59.9311
    endloop
  endfacet
  facet normal 0 -1 0
    outer loop
      vertex 300 -17 -34
      vertex 400.907 -17 -59.9311
      vertex 401.923 -17 -59.6836
    endloop
  endfacet
  facet normal 0 1 0
    outer loop
      vertex 300 -23 -34
      vertex 402.88 -23 -59.2634
      vertex 401.923 -23 -59.6836
    endloop
  endfacet
  facet normal 0 -1 0
    outer loop
      vertex 300 -17 -34
      vertex 401.923 -17 -59.6836
      vertex 402.88 -17 -59.2634
    endloop
  endfacet
  facet normal 0 1 0
    outer loop
      vertex 300 -23 -34
      vertex 403.751 -23 -58.6832
      vertex 402.88 -23 -59.2634
    endloop
  endfacet
  facet normal 0 -1 0
    outer loop
      vertex 300 -17 -34
      vertex 402.88 -17 -59.2634
      vertex 403.751 -17 -58.6832
    endloop
  endfacet
  facet normal 0 1 0
    outer loop
      vertex 300 -23 -34
      vertex 404.507 -23 -57.9608
      vertex 403.751 -23 -58.6832
    endloop
  endfacet
  facet normal 0 -1 0
    outer loop
      vertex 300 -17 -34
      vertex 403.751 -17 -58.6832
      vertex 404.507 -17 -57.9608
    endloop
  endfacet
  facet normal 0 1 0
    outer loop
      vertex 300 -23 -34
      vertex 405.126 -23 -57.118
      vertex 404.507 -23 -57.9608
    endloop
  endfacet
  facet normal 0 -1 0
    outer loop
      vertex 300 -17 -34
      vertex 404.507 -17 -57.9608
      vertex 405.126 -17 -57.118
    endloop
  endfacet
  facet normal 0 1 0
    outer loop
      vertex 300 -23 -34
      vertex 405.59 -23 -56.1805
      vertex 405.126 -23 -57.118
    endloop
  endfacet
  facet normal 0 -1 0
    outer loop
      vertex 300 -17 -34
      vertex 405.126 -17 -57.118
      vertex 405.59 -17 -56.1805
    endloop
  endfacet
  facet normal 0 1 0
    outer loop
      vertex 300 -23 -34
      vertex 405.883 -23 -55.1767
      vertex 405.59 -23 -56.1805
    endloop
  endfacet
  facet normal 0 -1 0
    outer loop
      vertex 300 -17 -34
      vertex 405.59 -17 -56.1805
      vertex 405.883 -17 -55.1767
    endloop
  endfacet
  facet normal 0 1 0
    outer loop
      vertex 300 -23 -34
      vertex 405.998 -23 -54.1372
      vertex 405.883 -23 -55.1767
    endloop
  endfacet
  facet normal 0 -1 0
    outer loop
      vertex 300 -17 -34
      vertex 405.883 -17 -55.1767
      vertex 405.998 -17 -54.1372
    endloop
  endfacet
  facet normal 0 1 0
    outer loop
      vertex 300 -23 -34
      vertex 405.931 -23 -53.0935
      vertex 405.998 -23 -54.1372
    endloop
  endfacet
  facet normal 0 -1 0
    outer loop
      vertex 300 -17 -34
      vertex 405.998 -17 -54.1372
      vertex 405.931 -17 -53.0935
    endloop
  endfacet
  facet normal 0 1 0
    outer loop
      vertex 300 -23 -34
      vertex 405.684 -23 -52.0773
      vertex 405.931 -23 -53.0935
    endloop
  endfacet
  facet normal 0 -1 0
    outer loop
      vertex 300 -17 -34
      vertex 405.931 -17 -53.0935
      vertex 405.684 -17 -52.0773
    endloop
  endfacet
  facet normal 0 1 0
    outer loop
      vertex 300 -23 -34
      vertex 405.263 -23 -51.1196
      vertex 405.684 -23 -52.0773
    endloop
  endfacet
  facet normal 0 -1 0
    outer loop
      vertex 300 -17 -34
      vertex 405.684 -17 -52.0773
      vertex 405.263 -17 -51.1196
    endloop
  endfacet
  facet normal 0 1 0
    outer loop
      vertex 300 -23 -34
      vertex 404.683 -23 -50.2494
      vertex 405.263 -23 -51.1196
    endloop
  endfacet
  facet normal 0 -1 0
    outer loop
      vertex 300 -17 -34
      vertex 405.263 -17 -51.1196
      vertex 404.683 -17 -50.2494
    endloop
  endfacet
  facet normal 0 1 0
    outer loop
      vertex 300 -23 -34
      vertex 403.961 -23 -49.4931
      vertex 404.683 -23 -50.2494
    endloop
  endfacet
  facet normal 0 -1 0
    outer loop
      vertex 300 -17 -34
      vertex 404.683 -17 -50.2494
      vertex 403.961 -17 -49.4931
    endloop
  endfacet
  facet normal 0 1 0
    outer loop
      vertex 300 -23 -34
      vertex 403.118 -23 -48.8738
      vertex 403.961 -23 -49.4931
    endloop
  endfacet
  facet normal 0 -1 0
    outer loop
      vertex 300 -17 -34
      vertex 403.961 -17 -49.4931
      vertex 403.118 -17 -48.8738
    endloop
  endfacet
  facet normal 0 1 0
    outer loop
      vertex 300 -23 -34
      vertex 402.18 -23 -48.4102
      vertex 403.118 -23 -48.8738
    endloop
  endfacet
  facet normal 0 -1 0
    outer loop
      vertex 300 -17 -34
      vertex 403.118 -17 -48.8738
      vertex 402.18 -17 -48.4102
    endloop
  endfacet
  facet normal 0 1 0
    outer loop
      vertex 300 -23 -34
      vertex 401.177 -23 -48.1165
      vertex 402.18 -23 -48.4102
    endloop
  endfacet
  facet normal 0 -1 0
    outer loop
      vertex 300 -17 -34
      vertex 402.18 -17 -48.4102
      vertex 401.177 -17 -48.1165
    endloop
  endfacet
  facet normal -0 1 -0
    outer loop
      vertex 300 -23 -34
      vertex 201.177 -23 -8.11652
      vertex 401.177 -23 -48.1165
    endloop
  endfacet
  facet normal 0 -1 0
    outer loop
      vertex 300 -17 -34
      vertex 401.177 -17 -48.1165
      vertex 201.177 -17 -8.11652
    endloop
  endfacet
  facet normal -0.109907 0 -0.993942
    outer loop
      vertex 201.177 -23 19.8835
      vertex 200.137 -23 19.9984
      vertex 200.137 -17 19.9984
    endloop
  endfacet
  facet normal -0.109907 0 -0.993942
    outer loop
      vertex 201.177 -23 19.8835
      vertex 200.137 -17 19.9984
      vertex 201.177 -17 19.8835
    endloop
  endfacet
  facet normal 0.0643593 0 -0.997927
    outer loop
      vertex 200.137 -23 19.9984
      vertex 199.093 -23 19.9311
      vertex 199.093 -17 19.9311
    endloop
  endfacet
  facet normal 0.0643593 0 -0.997927
    outer loop
      vertex 200.137 -23 19.9984
      vertex 199.093 -17 19.9311
      vertex 200.137 -17 19.9984
    endloop
  endfacet
  facet normal 0.23667 0 -0.97159
    outer loop
      vertex 199.093 -23 19.9311
      vertex 198.077 -23 19.6836
      vertex 198.077 -17 19.6836
    endloop
  endfacet
  facet normal 0.23667 0 -0.97159
    outer loop
      vertex 199.093 -23 19.9311
      vertex 198.077 -17 19.6836
      vertex 199.093 -17 19.9311
    endloop
  endfacet
  facet normal 0.401789 0 -0.915732
    outer loop
      vertex 198.077 -23 19.6836
      vertex 197.12 -23 19.2634
      vertex 197.12 -17 19.2634
    endloop
  endfacet
  facet normal 0.401789 0 -0.915732
    outer loop
      vertex 198.077 -23 19.6836
      vertex 197.12 -17 19.2634
      vertex 198.077 -17 19.6836
    endloop
  endfacet
  facet normal 0.5547 0 -0.83205
    outer loop
      vertex 197.12 -23 19.2634
      vertex 196.249 -23 18.6832
      vertex 196.249 -17 18.6832
    endloop
  endfacet
  facet normal 0.5547 0 -0.83205
    outer loop
      vertex 197.12 -23 19.2634
      vertex 196.249 -17 18.6832
      vertex 197.12 -17 19.2634
    endloop
  endfacet
  facet normal 0.690757 0 -0.723087
    outer loop
      vertex 196.249 -23 18.6832
      vertex 195.493 -23 17.9608
      vertex 195.493 -17 17.9608
    endloop
  endfacet
  facet normal 0.690757 0 -0.723087
    outer loop
      vertex 196.249 -23 18.6832
      vertex 195.493 -17 17.9608
      vertex 196.249 -17 18.6832
    endloop
  endfacet
  facet normal 0.805826 0 -0.592153
    outer loop
      vertex 195.493 -23 17.9608
      vertex 194.874 -23 17.118
      vertex 194.874 -17 17.118
    endloop
  endfacet
  facet normal 0.805826 0 -0.592153
    outer loop
      vertex 195.493 -23 17.9608
      vertex 194.874 -17 17.118
      vertex 195.493 -17 17.9608
    endloop
  endfacet
  facet normal 0.89641 0 -0.443227
    outer loop
      vertex 194.874 -23 17.118
      vertex 194.41 -23 16.1805
      vertex 194.41 -17 16.1805
    endloop
  endfacet
  facet normal 0.89641 0 -0.443227
    outer loop
      vertex 194.874 -23 17.118
      vertex 194.41 -17 16.1805
      vertex 194.874 -17 17.118
    endloop
  endfacet
  facet normal 0.959757 0 -0.280833
    outer loop
      vertex 194.41 -23 16.1805
      vertex 194.117 -23 15.1767
      vertex 194.117 -17 15.1767
    endloop
  endfacet
  facet normal 0.959757 0 -0.280833
    outer loop
      vertex 194.41 -23 16.1805
      vertex 194.117 -17 15.1767
      vertex 194.41 -17 16.1805
    endloop
  endfacet
  facet normal 0.993942 0 -0.109907
    outer loop
      vertex 194.117 -23 15.1767
      vertex 194.002 -23 14.1372
      vertex 194.002 -17 14.1372
    endloop
  endfacet
  facet normal 0.993942 0 -0.109907
    outer loop
      vertex 194.117 -23 15.1767
      vertex 194.002 -17 14.1372
      vertex 194.117 -17 15.1767
    endloop
  endfacet
  facet normal 0.997927 0 0.0643593
    outer loop
      vertex 194.002 -23 14.1372
      vertex 194.069 -23 13.0935
      vertex 194.069 -17 13.0935
    endloop
  endfacet
  facet normal 0.997927 -0 0.0643593
    outer loop
      vertex 194.002 -23 14.1372
      vertex 194.069 -17 13.0935
      vertex 194.002 -17 14.1372
    endloop
  endfacet
  facet normal 0.97159 0 0.23667
    outer loop
      vertex 194.069 -23 13.0935
      vertex 194.316 -23 12.0773
      vertex 194.316 -17 12.0773
    endloop
  endfacet
  facet normal 0.97159 -0 0.23667
    outer loop
      vertex 194.069 -23 13.0935
      vertex 194.316 -17 12.0773
      vertex 194.069 -17 13.0935
    endloop
  endfacet
  facet normal 0.915732 0 0.401789
    outer loop
      vertex 194.316 -23 12.0773
      vertex 194.737 -23 11.1196
      vertex 194.737 -17 11.1196
    endloop
  endfacet
  facet normal 0.915732 -0 0.401789
    outer loop
      vertex 194.316 -23 12.0773
      vertex 194.737 -17 11.1196
      vertex 194.316 -17 12.0773
    endloop
  endfacet
  facet normal 0.83205 0 0.5547
    outer loop
      vertex 194.737 -23 11.1196
      vertex 195.317 -23 10.2494
      vertex 195.317 -17 10.2494
    endloop
  endfacet
  facet normal 0.83205 -0 0.5547
    outer loop
      vertex 194.737 -23 11.1196
      vertex 195.317 -17 10.2494
      vertex 194.737 -17 11.1196
    endloop
  endfacet
  facet normal 0.723087 0 0.690757
    outer loop
      vertex 195.317 -23 10.2494
      vertex 196.039 -23 9.4931
      vertex 196.039 -17 9.4931
    endloop
  endfacet
  facet normal 0.723087 -0 0.690757
    outer loop
      vertex 195.317 -23 10.2494
      vertex 196.039 -17 9.4931
      vertex 195.317 -17 10.2494
    endloop
  endfacet
  facet normal 0.592153 0 0.805826
    outer loop
      vertex 196.039 -23 9.4931
      vertex 196.882 -23 8.87379
      vertex 196.882 -17 8.87379
    endloop
  endfacet
  facet normal 0.592153 -0 0.805826
    outer loop
      vertex 196.039 -23 9.4931
      vertex 196.882 -17 8.87379
      vertex 196.039 -17 9.4931
    endloop
  endfacet
  facet normal 0.443227 0 0.89641
    outer loop
      vertex 196.882 -23 8.87379
      vertex 197.82 -23 8.41023
      vertex 197.82 -17 8.41023
    endloop
  endfacet
  facet normal 0.443227 -0 0.89641
    outer loop
      vertex 196.882 -23 8.87379
      vertex 197.82 -17 8.41023
      vertex 196.882 -17 8.87379
    endloop
  endfacet
  facet normal 0.280833 0 0.959757
    outer loop
      vertex 197.82 -23 8.41023
      vertex 198.823 -23 8.11652
      vertex 198.823 -17 8.11652
    endloop
  endfacet
  facet normal 0.280833 -0 0.959757
    outer loop
      vertex 197.82 -23 8.41023
      vertex 198.823 -17 8.11652
      vertex 197.82 -17 8.41023
    endloop
  endfacet
  facet normal 0.196116 0 0.980581
    outer loop
      vertex 198.823 -23 8.11652
      vertex 398.823 -23 -31.8835
      vertex 398.823 -17 -31.8835
    endloop
  endfacet
  facet normal 0.196116 -0 0.980581
    outer loop
      vertex 198.823 -23 8.11652
      vertex 398.823 -17 -31.8835
      vertex 198.823 -17 8.11652
    endloop
  endfacet
  facet normal 0.109907 0 0.993942
    outer loop
      vertex 398.823 -23 -31.8835
      vertex 399.863 -23 -31.9984
      vertex 399.863 -17 -31.9984
    endloop
  endfacet
  facet normal 0.109907 -0 0.993942
    outer loop
      vertex 398.823 -23 -31.8835
      vertex 399.863 -17 -31.9984
      vertex 398.823 -17 -31.8835
    endloop
  endfacet
  facet normal -0.0643593 0 0.997927
    outer loop
      vertex 399.863 -23 -31.9984
      vertex 400.907 -23 -31.9311
      vertex 400.907 -17 -31.9311
    endloop
  endfacet
  facet normal -0.0643593 0 0.997927
    outer loop
      vertex 399.863 -23 -31.9984
      vertex 400.907 -17 -31.9311
      vertex 399.863 -17 -31.9984
    endloop
  endfacet
  facet normal -0.23667 0 0.97159
    outer loop
      vertex 400.907 -23 -31.9311
      vertex 401.923 -23 -31.6836
      vertex 401.923 -17 -31.6836
    endloop
  endfacet
  facet normal -0.23667 0 0.97159
    outer loop
      vertex 400.907 -23 -31.9311
      vertex 401.923 -17 -31.6836
      vertex 400.907 -17 -31.9311
    endloop
  endfacet
  facet normal -0.401789 0 0.915732
    outer loop
      vertex 401.923 -23 -31.6836
      vertex 402.88 -23 -31.2634
      vertex 402.88 -17 -31.2634
    endloop
  endfacet
  facet normal -0.401789 0 0.915732
    outer loop
      vertex 401.923 -23 -31.6836
      vertex 402.88 -17 -31.2634
      vertex 401.923 -17 -31.6836
    endloop
  endfacet
  facet normal -0.5547 0 0.83205
    outer loop
      vertex 402.88 -23 -31.2634
      vertex 403.751 -23 -30.6832
      vertex 403.751 -17 -30.6832
    endloop
  endfacet
  facet normal -0.5547 0 0.83205
    outer loop
      vertex 402.88 -23 -31.2634
      vertex 403.751 -17 -30.6832
      vertex 402.88 -17 -31.2634
    endloop
  endfacet
  facet normal -0.690757 0 0.723087
    outer loop
      vertex 403.751 -23 -30.6832
      vertex 404.507 -23 -29.9608
      vertex 404.507 -17 -29.9608
    endloop
  endfacet
  facet normal -0.690757 0 0.723087
    outer loop
      vertex 403.751 -23 -30.6832
      vertex 404.507 -17 -29.9608
      vertex 403.751 -17 -30.6832
    endloop
  endfacet
  facet normal -0.805826 0 0.592153
    outer loop
      vertex 404.507 -23 -29.9608
      vertex 405.126 -23 -29.118
      vertex 405.126 -17 -29.118
    endloop
  endfacet
  facet normal -0.805826 0 0.592153
    outer loop
      vertex 404.507 -23 -29.9608
      vertex 405.126 -17 -29.118
      vertex 404.507 -17 -29.9608
    endloop
  endfacet
  facet normal -0.89641 0 0.443227
    outer loop
      vertex 405.126 -23 -29.118
      vertex 405.59 -23 -28.1805
      vertex 405.59 -17 -28.1805
    endloop
  endfacet
  facet normal -0.89641 0 0.443227
    outer loop
      vertex 405.126 -23 -29.118
      vertex 405.59 -17 -28.1805
      vertex 405.126 -17 -29.118
    endloop
  endfacet
  facet normal -0.959757 0 0.280833
    outer loop
      vertex 405.59 -23 -28.1805
      vertex 405.883 -23 -27.1767
      vertex 405.883 -17 -27.1767
    endloop
  endfacet
  facet normal -0.959757 0 0.280833
    outer loop
      vertex 405.59 -23 -28.1805
      vertex 405.883 -17 -27.1767
      vertex 405.59 -17 -28.1805
    endloop
  endfacet
  facet normal -0.993942 0 0.109907
    outer loop
      vertex 405.883 -23 -27.1767
      vertex 405.998 -23 -26.1372
      vertex 405.998 -17 -26.1372
    endloop
  endfacet
  facet normal -0.993942 0 0.109907
    outer loop
      vertex 405.883 -23 -27.1767
      vertex 405.998 -17 -26.1372
      vertex 405.883 -17 -27.1767
    endloop
  endfacet
  facet normal -0.997927 0 -0.0643593
    outer loop
      vertex 405.998 -23 -26.1372
      vertex 405.931 -23 -25.0935
      vertex 405.931 -17 -25.0935
    endloop
  endfacet
  facet normal -0.997927 0 -0.0643593
    outer loop
      vertex 405.998 -23 -26.1372
      vertex 405.931 -17 -25.0935
      vertex 405.998 -17 -26.1372
    endloop
  endfacet
  facet normal -0.97159 0 -0.23667
    outer loop
      vertex 405.931 -23 -25.0935
      vertex 405.684 -23 -24.0773
      vertex 405.684 -17 -24.0773
    endloop
  endfacet
  facet normal -0.97159 0 -0.23667
    outer loop
      vertex 405.931 -23 -25.0935
      vertex 405.684 -17 -24.0773
      vertex 405.931 -17 -25.0935
    endloop
  endfacet
  facet normal -0.915732 0 -0.401789
    outer loop
      vertex 405.684 -23 -24.0773
      vertex 405.263 -23 -23.1196
      vertex 405.263 -17 -23.1196
    endloop
  endfacet
  facet normal -0.915732 0 -0.401789
    outer loop
      vertex 405.684 -23 -24.0773
      vertex 405.263 -17 -23.1196
      vertex 405.684 -17 -24.0773
    endloop
  endfacet
  facet normal -0.83205 0 -0.5547
    outer loop
      vertex 405.263 -23 -23.1196
      vertex 404.683 -23 -22.2494
      vertex 404.683 -17 -22.2494
    endloop
  endfacet
  facet normal -0.83205 0 -0.5547
    outer loop
      vertex 405.263 -23 -23.1196
      vertex 404.683 -17 -22.2494
      vertex 405.263 -17 -23.1196
    endloop
  endfacet
  facet normal -0.723087 0 -0.690757
    outer loop
      vertex 404.683 -23 -22.2494
      vertex 403.961 -23 -21.4931
      vertex 403.961 -17 -21.4931
    endloop
  endfacet
  facet normal -0.723087 0 -0.690757
    outer loop
      vertex 404.683 -23 -22.2494
      vertex 403.961 -17 -21.4931
      vertex 404.683 -17 -22.2494
    endloop
  endfacet
  facet normal -0.592153 0 -0.805826
    outer loop
      vertex 403.961 -23 -21.4931
      vertex 403.118 -23 -20.8738
      vertex 403.118 -17 -20.8738
    endloop
  endfacet
  facet normal -0.592153 0 -0.805826
    outer loop
      vertex 403.961 -23 -21.4931
      vertex 403.118 -17 -20.8738
      vertex 403.961 -17 -21.4931
    endloop
  endfacet
  facet normal -0.443227 0 -0.89641
    outer loop
      vertex 403.118 -23 -20.8738
      vertex 402.18 -23 -20.4102
      vertex 402.18 -17 -20.4102
    endloop
  endfacet
  facet normal -0.443227 0 -0.89641
    outer loop
      vertex 403.118 -23 -20.8738
      vertex 402.18 -17 -20.4102
      vertex 403.118 -17 -20.8738
    endloop
  endfacet
  facet normal -0.280833 0 -0.959757
    outer loop
      vertex 402.18 -23 -20.4102
      vertex 401.177 -23 -20.1165
      vertex 401.177 -17 -20.1165
    endloop
  endfacet
  facet normal -0.280833 0 -0.959757
    outer loop
      vertex 402.18 -23 -20.4102
      vertex 401.177 -17 -20.1165
      vertex 402.18 -17 -20.4102
    endloop
  endfacet
  facet normal -0.196116 0 -0.980581
    outer loop
      vertex 401.177 -23 -20.1165
      vertex 201.177 -23 19.8835
      vertex 201.177 -17 19.8835
    endloop
  endfacet
  facet normal -0.196116 0 -0.980581
    outer loop
      vertex 401.177 -23 -20.1165
      vertex 201.177 -17 19.8835
      vertex 401.177 -17 -20.1165
    endloop
  endfacet
  facet normal 0 1 0
    outer loop
      vertex 300 -23 -6
      vertex 200.137 -23 19.9984
      vertex 201.177 -23 19.8835
    endloop
  endfacet
  facet normal 0 -1 0
    outer loop
      vertex 300 -17 -6
      vertex 201.177 -17 19.8835
      vertex 200.137 -17 19.9984
    endloop
  endfacet
  facet normal 0 1 0
    outer loop
      vertex 300 -23 -6
      vertex 199.093 -23 19.9311
      vertex 200.137 -23 19.9984
    endloop
  endfacet
  facet normal 0 -1 0
    outer loop
      vertex 300 -17 -6
      vertex 200.137 -17 19.9984
      vertex 199.093 -17 19.9311
    endloop
  endfacet
  facet normal 0 1 0
    outer loop
      vertex 300 -23 -6
      vertex 198.077 -23 19.6836
      vertex 199.093 -23 19.9311
    endloop
  endfacet
  facet normal 0 -1 0
    outer loop
      vertex 300 -17 -6
      vertex 199.093 -17 19.9311
      vertex 198.077 -17 19.6836
    endloop
  endfacet
  facet normal 0 1 0
    outer loop
      vertex 300 -23 -6
      vertex 197.12 -23 19.2634
      vertex 198.077 -23 19.6836
    endloop
  endfacet
  facet normal 0 -1 0
    outer loop
      vertex 300 -17 -6
      vertex 198.077 -17 19.6836
      vertex 197.12 -17 19.2634
    endloop
  endfacet
  facet normal 0 1 0
    outer loop
      vertex 300 -23 -6
      vertex 196.249 -23 18.6832
      vertex 197.12 -23 19.2634
    endloop
  endfacet
  facet normal 0 -1 0
    outer loop
      vertex 300 -17 -6
      vertex 197.12 -17 19.2634
      vertex 196.249 -17 18.6832
    endloop
  endfacet
  facet normal 0 1 0
    outer loop
      vertex 300 -23 -6
      vertex 195.493 -23 17.9608
      vertex 196.249 -23 18.6832
    endloop
  endfacet
  facet normal 0 -1 0
    outer loop
      vertex 300 -17 -6
      vertex 196.249 -17 18.6832
      vertex 195.493 -17 17.9608
    endloop
  endfacet
  facet normal 0 1 0
    outer loop
      vertex 300 -23 -6
      vertex 194.874 -23 17.118
      vertex 195.493 -23 17.9608
    endloop
  endfacet
  facet normal 0 -1 0
    outer loop
      vertex 300 -17 -6
      vertex 195.493 -17 17.9608
      vertex 194.874 -17 17.118
    endloop
  endfacet
  facet normal 0 1 0
    outer loop
      vertex 300 -23 -6
      vertex 194.41 -23 16.1805
      vertex 194.874 -23 17.118
    endloop
  endfacet
  facet normal 0 -1 0
    outer loop
      vertex 300 -17 -6
      vertex 194.874 -17 17.118
      vertex 194.41 -17 16.1805
    endloop
  endfacet
  facet normal 0 1 0
    outer loop
      vertex 300 -23 -6
      vertex 194.117 -23 15.1767
      vertex 194.41 -23 16.1805
    endloop
  endfacet
  facet normal 0 -1 0
    outer loop
      vertex 300 -17 -6
      vertex 194.41 -17 16.1805
      vertex 194.117 -17 15.1767
    endloop
  endfacet
  facet normal 0 1 0
    outer loop
      vertex 300 -23 -6
      vertex 194.002 -23 14.1372
      vertex 194.117 -23 15.1767
    endloop
  endfacet
  facet normal 0 -1 0
    outer loop
      vertex 300 -17 -6
      vertex 194.117 -17 15.1767
      vertex 194.002 -17 14.1372
    endloop
  endfacet
  facet normal 0 1 0
    outer loop
      vertex 300 -23 -6
      vertex 194.069 -23 13.0935
      vertex 194.002 -23 14.1372
    endloop
  endfacet
  facet normal 0 -1 0
    outer loop
      vertex 300 -17 -6
      vertex 194.002 -17 14.1372
      vertex 194.069 -17 13.0935
    endloop
  endfacet
  facet normal 0 1 0
    outer loop
      vertex 300 -23 -6
      vertex 194.316 -23 12.0773
      vertex 194.069 -23 13.0935
    endloop
  endfacet
  facet normal 0 -1 0
    outer loop
      vertex 300 -17 -6
      vertex 194.069 -17 13.0935
      vertex 194.316 -17 12.0773
    endloop
  endfacet
  facet normal 0 1 0
    outer loop
      vertex 300 -23 -6
      vertex 194.737 -23 11.1196
      vertex 194.316 -23 12.0773
    endloop
  endfacet
  facet normal 0 -1 0
    outer loop
      vertex 300 -17 -6
      vertex 194.316 -17 12.0773
      vertex 194.737 -17 11.1196
    endloop
  endfacet
  facet normal 0 1 0
    outer loop
      vertex 300 -23 -6
      vertex 195.317 -23 10.2494
      vertex 194.737 -23 11.1196
    endloop
  endfacet
  facet normal 0 -1 0
    outer loop
      vertex 300 -17 -6
      vertex 194.737 -17 11.1196
      vertex 195.317 -17 10.2494
    endloop
  endfacet
  facet normal 0 1 0
    outer loop
      vertex 300 -23 -6
      vertex 196.039 -23 9.4931
      vertex 195.317 -23 10.2494
    endloop
  endfacet
  facet normal 0 -1 0
    outer loop
      vertex 300 -17 -6
      vertex 195.317 -17 10.2494
      vertex 196.039 -17 9.4931
    endloop
  endfacet
  facet normal 0 1 0
    outer loop
      vertex 300 -23 -6
      vertex 196.882 -23 8.87379
      vertex 196.039 -23 9.4931
    endloop
  endfacet
  facet normal 0 -1 0
    outer loop
      vertex 300 -17 -6
      vertex 196.039 -17 9.4931
      vertex 196.882 -17 8.87379
    endloop
  endfacet
  facet normal 0 1 0
    outer loop
      vertex 300 -23 -6
      vertex 197.82 -23 8.41023
      vertex 196.882 -23 8.87379
    endloop
  endfacet
  facet normal 0 -1 0
    outer loop
      vertex 300 -17 -6
      vertex 196.882 -17 8.87379
      vertex 197.82 -17 8.41023
    endloop
  endfacet
  facet normal 0 1 0
    outer loop
      vertex 300 -23 -6
      vertex 198.823 -23 8.11652
      vertex 197.82 -23 8.41023
    endloop
  endfacet
  facet normal 0 -1 0
    outer loop
      vertex 300 -17 -6
      vertex 197.82 -17 8.41023
      vertex 198.823 -17 8.11652
    endloop
  endfacet
  facet normal 0 1 0
    outer loop
      vertex 300 -23 -6
      vertex 398.823 -23 -31.8835
      vertex 198.823 -23 8.11652
    endloop
  endfacet
  facet normal -0 -1 -0
    outer loop
      vertex 300 -17 -6
      vertex 198.823 -17 8.11652
      vertex 398.823 -17 -31.8835
    endloop
  endfacet
  facet normal 0 1 0
    outer loop
      vertex 300 -23 -6
      vertex 399.863 -23 -31.9984
      vertex 398.823 -23 -31.8835
    endloop
  endfacet
  facet normal 0 -1 0
    outer loop
      vertex 300 -17 -6
      vertex 398.823 -17 -31.8835
      vertex 399.863 -17 -31.9984
    endloop
  endfacet
  facet normal 0 1 0
    outer loop
      vertex 300 -23 -6
      vertex 400.907 -23 -31.9311
      vertex 399.863 -23 -31.9984
    endloop
  endfacet
  facet normal 0 -1 0
    outer loop
      vertex 300 -17 -6
      vertex 399.863 -17 -31.9984
      vertex 400.907 -17 -31.9311
    endloop
  endfacet
  facet normal 0 1 0
    outer loop
      vertex 300 -23 -6
      vertex 401.923 -23 -31.6836
      vertex 400.907 -23 -31.9311
    endloop
  endfacet
  facet normal 0 -1 0
    outer loop
      vertex 300 -17 -6
      vertex 400.907 -17 -31.9311
      vertex 401.923 -17 -31.6836
    endloop
  endfacet
  facet normal 0 1 0
    outer loop
      vertex 300 -23 -6
      vertex 402.88 -23 -31.2634
      vertex 401.923 -23 -31.6836
    endloop
  endfacet
  facet normal 0 -1 0
    outer loop
      vertex 300 -17 -6
      vertex 401.923 -17 -31.6836
      vertex 402.88 -17 -31.2634
    endloop
  endfacet
  facet normal 0 1 0
    outer loop
      vertex 300 -23 -6
      vertex 403.751 -23 -30.6832
      vertex 402.88 -23 -31.2634
    endloop
  endfacet
  facet normal 0 -1 0
    outer loop
      vertex 300 -17 -6
      vertex 402.88 -17 -31.2634
      vertex 403.751 -17 -30.6832
    endloop
  endfacet
  facet normal 0 1 0
    outer loop
      vertex 300 -23 -6
      vertex 404.507 -23 -29.9608
      vertex 403.751 -23 -30.6832
    endloop
  endfacet
  facet normal 0 -1 0
    outer loop
      vertex 300 -17 -6
      vertex 403.751 -17 -30.6832
      vertex 404.507 -17 -29.9608
    endloop
  endfacet
  facet normal 0 1 0
    outer loop
      vertex 300 -23 -6
      vertex 405.126 -23 -29.118
      vertex 404.507 -23 -29.9608
    endloop
  endfacet
  facet normal 0 -1 0
    outer loop
      vertex 300 -17 -6
      vertex 404.507 -17 -29.9608
      vertex 405.126 -17 -29.118
    endloop
  endfacet
  facet normal 0 1 0
    outer loop
      vertex 300 -23 -6
      vertex 405.59 -23 -28.1805
      vertex 405.126 -23 -29.118
    endloop
  endfacet
  facet normal 0 -1 0
    outer loop
      vertex 300 -17 -6
      vertex 405.126 -17 -29.118
      vertex 405.59 -17 -28.1805
    endloop
  endfacet
  facet normal 0 1 0
    outer loop
      vertex 300 -23 -6
      vertex 405.883 -23 -27.1767
      vertex 405.59 -23 -28.1805
    endloop
  endfacet
  facet normal 0 -1 0
    outer loop
      vertex 300 -17 -6
      vertex 405.59 -17 -28.1805
      vertex 405.883 -17 -27.1767
    endloop
  endfacet
  facet normal 0 1 0
    outer loop
      vertex 300 -23 -6
      vertex 405.998 -23 -26.1372
      vertex 405.883 -23 -27.1767
    endloop
  endfacet
  facet normal 0 -1 0
    outer loop
      vertex 300 -17 -6
      vertex 405.883 -17 -27.1767
      vertex 405.998 -17 -26.1372
    endloop
  endfacet
  facet normal 0 1 0
    outer loop
      vertex 300 -23 -6
      vertex 405.931 -23 -25.0935
      vertex 405.998 -23 -26.1372
    endloop
  endfacet
  facet normal 0 -1 0
    outer loop
      vertex 300 -17 -6
      vertex 405.998 -17 -26.1372
      vertex 405.931 -17 -25.0935
    endloop
  endfacet
  facet normal 0 1 0
    outer loop
      vertex 300 -23 -6
      vertex 405.684 -23 -24.0773
      vertex 405.931 -23 -25.0935
    endloop
  endfacet
  facet normal 0 -1 0
    outer loop
      vertex 300 -17 -6
      vertex 405.931 -17 -25.0935
      vertex 405.684 -17 -24.0773
    endloop
  endfacet
  facet normal 0 1 0
    outer loop
      vertex 300 -23 -6
      vertex 405.263 -23 -23.1196
      vertex 405.684 -23 -24.0773
    endloop
  endfacet
  facet normal 0 -1 0
    outer loop
      vertex 300 -17 -6
      vertex 405.684 -17 -24.0773
      vertex 405.263 -17 -23.1196
    endloop
  endfacet
  facet normal 0 1 0
    outer loop
      vertex 300 -23 -6
      vertex 404.683 -23 -22.2494
      vertex 405.263 -23 -23.1196
    endloop
  endfacet
  facet normal 0 -1 0
    outer loop
      vertex 300 -17 -6
      vertex 405.263 -17 -23.1196
      vertex 404.683 -17 -22.2494
    endloop
  endfacet
  facet normal 0 1 0
    outer loop
      vertex 300 -23 -6
      vertex 403.961 -23 -21.4931
      vertex 404.683 -23 -22.2494
    endloop
  endfacet
  facet normal 0 -1 0
    outer loop
      vertex 300 -17 -6
      vertex 404.683 -17 -22.2494
      vertex 403.961 -17 -21.4931
    endloop
  endfacet
  facet normal 0 1 0
    outer loop
      vertex 300 -23 -6
      vertex 403.118 -23 -20.8738
      vertex 403.961 -23 -21.4931
    endloop
  endfacet
  facet normal 0 -1 0
    outer loop
      vertex 300 -17 -6
      vertex 403.961 -17 -21.4931
      vertex 403.118 -17 -20.8738
    endloop
  endfacet
  facet normal 0 1 0
    outer loop
      vertex 300 -23 -6
      vertex 402.18 -23 -20.4102
      vertex 403.118 -23 -20.8738
    endloop
  endfacet
  facet normal 0 -1 0
    outer loop
      vertex 300 -17 -6
      vertex 403.118 -17 -20.8738
      vertex 402.18 -17 -20.4102
    endloop
  endfacet
  facet normal 0 1 0
    outer loop
      vertex 300 -23 -6
      vertex 401.177 -23 -20.1165
      vertex 402.18 -23 -20.4102
    endloop
  endfacet
  facet normal 0 -1 0
    outer loop
      vertex 300 -17 -6
      vertex 402.18 -17 -20.4102
      vertex 401.177 -17 -20.1165
    endloop
  endfacet
  facet normal -0 1 -0
    outer loop
      vertex 300 -23 -6
      vertex 201.177 -23 19.8835
      vertex 401.177 -23 -20.1165
    endloop
  endfacet
  facet normal 0 -1 0
    outer loop
      vertex 300 -17 -6
      vertex 401.177 -17 -20.1165
      vertex 201.177 -17 19.8835
    endloop
  endfacet
  facet normal -0.995185 0 -0.0980171
    outer loop
      vertex 2.2 -18 0
      vertex 2.15773 -18 0.429199
      vertex 2.15773 18 0.429199
    endloop
  endfacet
  facet normal -0.995185 0 -0.0980171
    outer loop
      vertex 2.2 -18 0
      vertex 2.15773 18 0.429199
      vertex 2.2 18 0
    endloop
  endfacet
  facet normal 0 1 0
    outer loop
      vertex 0 -18 0
      vertex 2.15773 -18 0.429199
      vertex 2.2 -18 0
    endloop
  endfacet
  facet normal 0 -1 0
    outer loop
      vertex 0 18 0
      vertex 2.2 18 0
      vertex 2.15773 18 0.429199
    endloop
  endfacet
  facet normal -0.95694 0 -0.290285
    outer loop
      vertex 2.15773 -18 0.429199
      vertex 2.03253 -18 0.841904
      vertex 2.03253 18 0.841904
    endloop
  endfacet
  facet normal -0.95694 0 -0.290285
    outer loop
      vertex 2.15773 -18 0.429199
      vertex 2.03253 18 0.841904
      vertex 2.15773 18 0.429199
    endloop
  endfacet
  facet normal 0 1 0
    outer loop
      vertex 0 -18 0
      vertex 2.03253 -18 0.841904
      vertex 2.15773 -18 0.429199
    endloop
  endfacet
  facet normal 0 -1 0
    outer loop
      vertex 0 18 0
      vertex 2.15773 18 0.429199
      vertex 2.03253 18 0.841904
    endloop
  endfacet
  facet normal -0.881921 0 -0.471397
    outer loop
      vertex 2.03253 -18 0.841904
      vertex 1.82923 -18 1.22225
      vertex 1.82923 18 1.22225
    endloop
  endfacet
  facet normal -0.881921 0 -0.471397
    outer loop
      vertex 2.03253 -18 0.841904
      vertex 1.82923 18 1.22225
      vertex 2.03253 18 0.841904
    endloop
  endfacet
  facet normal 0 1 0
    outer loop
      vertex 0 -18 0
      vertex 1.82923 -18 1.22225
      vertex 2.03253 -18 0.841904
    endloop
  endfacet
  facet normal 0 -1 0
    outer loop
      vertex 0 18 0
      vertex 2.03253 18 0.841904
      vertex 1.82923 18 1.22225
    endloop
  endfacet
  facet normal -0.77301 0 -0.634393
    outer loop
      vertex 1.82923 -18 1.22225
      vertex 1.55563 -18 1.55563
      vertex 1.55563 18 1.55563
    endloop
  endfacet
  facet normal -0.77301 0 -0.634393
    outer loop
      vertex 1.82923 -18 1.22225
      vertex 1.55563 18 1.55563
      vertex 1.82923 18 1.22225
    endloop
  endfacet
  facet normal 0 1 0
    outer loop
      vertex 0 -18 0
      vertex 1.55563 -18 1.55563
      vertex 1.82923 -18 1.22225
    endloop
  endfacet
  facet normal 0 -1 0
    outer loop
      vertex 0 18 0
      vertex 1.82923 18 1.22225
      vertex 1.55563 18 1.55563
    endloop
  endfacet
  facet normal -0.634393 0 -0.77301
    outer loop
      vertex 1.55563 -18 1.55563
      vertex 1.22225 -18 1.82923
      vertex 1.22225 18 1.82923
    endloop
  endfacet
  facet normal -0.634393 0 -0.77301
    outer loop
      vertex 1.55563 -18 1.55563
      vertex 1.22225 18 1.82923
      vertex 1.55563 18 1.55563
    endloop
  endfacet
  facet normal 0 1 0
    outer loop
      vertex 0 -18 0
      vertex 1.22225 -18 1.82923
      vertex 1.55563 -18 1.55563
    endloop
  endfacet
  facet normal 0 -1 0
    outer loop
      vertex 0 18 0
      vertex 1.55563 18 1.55563
      vertex 1.22225 18 1.82923
    endloop
  endfacet
  facet normal -0.471397 0 -0.881921
    outer loop
      vertex 1.22225 -18 1.82923
      vertex 0.841904 -18 2.03253
      vertex 0.841904 18 2.03253
    endloop
  endfacet
  facet normal -0.471397 0 -0.881921
    outer loop
      vertex 1.22225 -18 1.82923
      vertex 0.841904 18 2.03253
      vertex 1.22225 18 1.82923
    endloop
  endfacet
  facet normal 0 1 0
    outer loop
      vertex 0 -18 0
      vertex 0.841904 -18 2.03253
      vertex 1.22225 -18 1.82923
    endloop
  endfacet
  facet normal 0 -1 0
    outer loop
      vertex 0 18 0
      vertex 1.22225 18 1.82923
      vertex 0.841904 18 2.03253
    endloop
  endfacet
  facet normal -0.290285 0 -0.95694
    outer loop
      vertex 0.841904 -18 2.03253
      vertex 0.429199 -18 2.15773
      vertex 0.429199 18 2.15773
    endloop
  endfacet
  facet normal -0.290285 0 -0.95694
    outer loop
      vertex 0.841904 -18 2.03253
      vertex 0.429199 18 2.15773
      vertex 0.841904 18 2.03253
    endloop
  endfacet
  facet normal 0 1 0
    outer loop
      vertex 0 -18 0
      vertex 0.429199 -18 2.15773
      vertex 0.841904 -18 2.03253
    endloop
  endfacet
  facet normal 0 -1 0
    outer loop
      vertex 0 18 0
      vertex 0.841904 18 2.03253
      vertex 0.429199 18 2.15773
    endloop
  endfacet
  facet normal -0.0980171 0 -0.995185
    outer loop
      vertex 0.429199 -18 2.15773
      vertex 1.34711e-16 -18 2.2
      vertex 1.34711e-16 18 2.2
    endloop
  endfacet
  facet normal -0.0980171 0 -0.995185
    outer loop
      vertex 0.429199 -18 2.15773
      vertex 1.34711e-16 18 2.2
      vertex 0.429199 18 2.15773
    endloop
  endfacet
  facet normal 0 1 0
    outer loop
      vertex 0 -18 0
      vertex 1.34711e-16 -18 2.2
      vertex 0.429199 -18 2.15773
    endloop
  endfacet
  facet normal 0 -1 0
    outer loop
      vertex 0 18 0
      vertex 0.429199 18 2.15773
      vertex 1.34711e-16 18 2.2
    endloop
  endfacet
  facet normal 0.0980171 0 -0.995185
    outer loop
      vertex 1.34711e-16 -18 2.2
      vertex -0.429199 -18 2.15773
      vertex -0.429199 18 2.15773
    endloop
  endfacet
  facet normal 0.0980171 0 -0.995185
    outer loop
      vertex 1.34711e-16 -18 2.2
      vertex -0.429199 18 2.15773
      vertex 1.34711e-16 18 2.2
    endloop
  endfacet
  facet normal 0 1 -0
    outer loop
      vertex 0 -18 0
      vertex -0.429199 -18 2.15773
      vertex 1.34711e-16 -18 2.2
    endloop
  endfacet
  facet normal 0 -1 0
    outer loop
      vertex 0 18 0
      vertex 1.34711e-16 18 2.2
      vertex -0.429199 18 2.15773
    endloop
  endfacet
  facet normal 0.290285 0 -0.95694
    outer loop
      vertex -0.429199 -18 2.15773
      vertex -0.841904 -18 2.03253
      vertex -0.841904 18 2.03253
    endloop
  endfacet
  facet normal 0.290285 0 -0.95694
    outer loop
      vertex -0.429199 -18 2.15773
      vertex -0.841904 18 2.03253
      vertex -0.429199 18 2.15773
    endloop
  endfacet
  facet normal 0 1 0
    outer loop
      vertex 0 -18 0
      vertex -0.841904 -18 2.03253
      vertex -0.429199 -18 2.15773
    endloop
  endfacet
  facet normal 0 -1 0
    outer loop
      vertex 0 18 0
      vertex -0.429199 18 2.15773
      vertex -0.841904 18 2.03253
    endloop
  endfacet
  facet normal 0.471397 0 -0.881921
    outer loop
      vertex -0.841904 -18 2.03253
      vertex -1.22225 -18 1.82923
      vertex -1.22225 18 1.82923
    endloop
  endfacet
  facet normal 0.471397 0 -0.881921
    outer loop
      vertex -0.841904 -18 2.03253
      vertex -1.22225 18 1.82923
      vertex -0.841904 18 2.03253
    endloop
  endfacet
  facet normal 0 1 0
    outer loop
      vertex 0 -18 0
      vertex -1.22225 -18 1.82923
      vertex -0.841904 -18 2.03253
    endloop
  endfacet
  facet normal 0 -1 0
    outer loop
      vertex 0 18 0
      vertex -0.841904 18 2.03253
      vertex -1.22225 18 1.82923
    endloop
  endfacet
  facet normal 0.634393 0 -0.77301
    outer loop
      vertex -1.22225 -18 1.82923
      vertex -1.55563 -18 1.55563
      vertex -1.55563 18 1.55563
    endloop
  endfacet
  facet normal 0.634393 0 -0.77301
    outer loop
      vertex -1.22225 -18 1.82923
      vertex -1.55563 18 1.55563
      vertex -1.22225 18 1.82923
    endloop
  endfacet
  facet normal 0 1 0
    outer loop
      vertex 0 -18 0
      vertex -1.55563 -18 1.55563
      vertex -1.22225 -18 1.82923
    endloop
  endfacet
  facet normal 0 -1 0
    outer loop
      vertex 0 18 0
      vertex -1.22225 18 1.82923
      vertex -1.55563 18 1.55563
    endloop
  endfacet
  facet normal 0.77301 0 -0.634393
    outer loop
      vertex -1.55563 -18 1.55563
      vertex -1.82923 -18 1.22225
      vertex -1.82923 18 1.22225
    endloop
  endfacet
  facet normal 0.77301 0 -0.634393
    outer loop
      vertex -1.55563 -18 1.55563
      vertex -1.82923 18 1.22225
      vertex -1.55563 18 1.55563
    endloop
  endfacet
  facet normal 0 1 0
    outer loop
      vertex 0 -18 0
      vertex -1.82923 -18 1.22225
      vertex -1.55563 -18 1.55563
    endloop
  endfacet
  facet normal 0 -1 0
    outer loop
      vertex 0 18 0
      vertex -1.55563 18 1.55563
      vertex -1.82923 18 1.22225
    endloop
  endfacet
  facet normal 0.881921 0 -0.471397
    outer loop
      vertex -1.82923 -18 1.22225
      vertex -2.03253 -18 0.841904
      vertex -2.03253 18 0.841904
    endloop
  endfacet
  facet normal 0.881921 0 -0.471397
    outer loop
      vertex -1.82923 -18 1.22225
      vertex -2.03253 18 0.841904
      vertex -1.82923 18 1.22225
    endloop
  endfacet
  facet normal 0 1 0
    outer loop
      vertex 0 -18 0
      vertex -2.03253 -18 0.841904
      vertex -1.82923 -18 1.22225
    endloop
  endfacet
  facet normal 0 -1 0
    outer loop
      vertex 0 18 0
      vertex -1.82923 18 1.22225
      vertex -2.03253 18 0.841904
    endloop
  endfacet
  facet normal 0.95694 0 -0.290285
    outer loop
      vertex -2.03253 -18 0.841904
      vertex -2.15773 -18 0.429199
      vertex -2.15773 18 0.429199
    endloop
  endfacet
  facet normal 0.95694 0 -0.290285
    outer loop
      vertex -2.03253 -18 0.841904
      vertex -2.15773 18 0.429199
      vertex -2.03253 18 0.841904
    endloop
  endfacet
  facet normal 0 1 0
    outer loop
      vertex 0 -18 0
      vertex -2.15773 -18 0.429199
      vertex -2.03253 -18 0.841904
    endloop
  endfacet
  facet normal 0 -1 0
    outer loop
      vertex 0 18 0
      vertex -2.03253 18 0.841904
      vertex -2.15773 18 0.429199
    endloop
  endfacet
  facet normal 0.995185 0 -0.0980171
    outer loop
      vertex -2.15773 -18 0.429199
      vertex -2.2 -18 2.69422e-16
      vertex -2.2 18 2.69422e-16
    endloop
  endfacet
  facet normal 0.995185 0 -0.0980171
    outer loop
      vertex -2.15773 -18 0.429199
      vertex -2.2 18 2.69422e-16
      vertex -2.15773 18 0.429199
    endloop
  endfacet
  facet normal 0 1 0
    outer loop
      vertex 0 -18 0
      vertex -2.2 -18 2.69422e-16
      vertex -2.15773 -18 0.429199
    endloop
  endfacet
  facet normal 0 -1 0
    outer loop
      vertex 0 18 0
      vertex -2.15773 18 0.429199
      vertex -2.2 18 2.69422e-16
    endloop
  endfacet
  facet normal 0.995185 0 0.0980171
    outer loop
      vertex -2.2 -18 2.69422e-16
      vertex -2.15773 -18 -0.429199
      vertex -2.15773 18 -0.429199
    endloop
  endfacet
  facet normal 0.995185 -0 0.0980171
    outer loop
      vertex -2.2 -18 2.69422e-16
      vertex -2.15773 18 -0.429199
      vertex -2.2 18 2.69422e-16
    endloop
  endfacet
  facet normal 0 1 0
    outer loop
      vertex 0 -18 0
      vertex -2.15773 -18 -0.429199
      vertex -2.2 -18 2.69422e-16
    endloop
  endfacet
  facet normal -0 -1 0
    outer loop
      vertex 0 18 0
      vertex -2.2 18 2.69422e-16
      vertex -2.15773 18 -0.429199
    endloop
  endfacet
  facet normal 0.95694 0 0.290285
    outer loop
      vertex -2.15773 -18 -0.429199
      vertex -2.03253 -18 -0.841904
      vertex -2.03253 18 -0.841904
    endloop
  endfacet
  facet normal 0.95694 -0 0.290285
    outer loop
      vertex -2.15773 -18 -0.429199
      vertex -2.03253 18 -0.841904
      vertex -2.15773 18 -0.429199
    endloop
  endfacet
  facet normal 0 1 0
    outer loop
      vertex 0 -18 0
      vertex -2.03253 -18 -0.841904
      vertex -2.15773 -18 -0.429199
    endloop
  endfacet
  facet normal 0 -1 0
    outer loop
      vertex 0 18 0
      vertex -2.15773 18 -0.429199
      vertex -2.03253 18 -0.841904
    endloop
  endfacet
  facet normal 0.881921 0 0.471397
    outer loop
      vertex -2.03253 -18 -0.841904
      vertex -1.82923 -18 -1.22225
      vertex -1.82923 18 -1.22225
    endloop
  endfacet
  facet normal 0.881921 -0 0.471397
    outer loop
      vertex -2.03253 -18 -0.841904
      vertex -1.82923 18 -1.22225
      vertex -2.03253 18 -0.841904
    endloop
  endfacet
  facet normal 0 1 0
    outer loop
      vertex 0 -18 0
      vertex -1.82923 -18 -1.22225
      vertex -2.03253 -18 -0.841904
    endloop
  endfacet
  facet normal 0 -1 0
    outer loop
      vertex 0 18 0
      vertex -2.03253 18 -0.841904
      vertex -1.82923 18 -1.22225
    endloop
  endfacet
  facet normal 0.77301 0 0.634393
    outer loop
      vertex -1.82923 -18 -1.22225
      vertex -1.55563 -18 -1.55563
      vertex -1.55563 18 -1.55563
    endloop
  endfacet
  facet normal 0.77301 -0 0.634393
    outer loop
      vertex -1.82923 -18 -1.22225
      vertex -1.55563 18 -1.55563
      vertex -1.82923 18 -1.22225
    endloop
  endfacet
  facet normal 0 1 0
    outer loop
      vertex 0 -18 0
      vertex -1.55563 -18 -1.55563
      vertex -1.82923 -18 -1.22225
    endloop
  endfacet
  facet normal 0 -1 0
    outer loop
      vertex 0 18 0
      vertex -1.82923 18 -1.22225
      vertex -1.55563 18 -1.55563
    endloop
  endfacet
  facet normal 0.634393 0 0.77301
    outer loop
      vertex -1.55563 -18 -1.55563
      vertex -1.22225 -18 -1.82923
      vertex -1.22225 18 -1.82923
    endloop
  endfacet
  facet normal 0.634393 -0 0.77301
    outer loop
      vertex -1.55563 -18 -1.55563
      vertex -1.22225 18 -1.82923
      vertex -1.55563 18 -1.55563
    endloop
  endfacet
  facet normal 0 1 0
    outer loop
      vertex 0 -18 0
      vertex -1.22225 -18 -1.82923
      vertex -1.55563 -18 -1.55563
    endloop
  endfacet
  facet normal 0 -1 0
    outer loop
      vertex 0 18 0
      vertex -1.55563 18 -1.55563
      vertex -1.22225 18 -1.82923
    endloop
  endfacet
  facet normal 0.471397 0 0.881921
    outer loop
      vertex -1.22225 -18 -1.82923
      vertex -0.841904 -18 -2.03253
      vertex -0.841904 18 -2.03253
    endloop
  endfacet
  facet normal 0.471397 -0 0.881921
    outer loop
      vertex -1.22225 -18 -1.82923
      vertex -0.841904 18 -2.03253
      vertex -1.22225 18 -1.82923
    endloop
  endfacet
  facet normal 0 1 0
    outer loop
      vertex 0 -18 0
      vertex -0.841904 -18 -2.03253
      vertex -1.22225 -18 -1.82923
    endloop
  endfacet
  facet normal 0 -1 0
    outer loop
      vertex 0 18 0
      vertex -1.22225 18 -1.82923
      vertex -0.841904 18 -2.03253
    endloop
  endfacet
  facet normal 0.290285 0 0.95694
    outer loop
      vertex -0.841904 -18 -2.03253
      vertex -0.429199 -18 -2.15773
      vertex -0.429199 18 -2.15773
    endloop
  endfacet
  facet normal 0.290285 -0 0.95694
    outer loop
      vertex -0.841904 -18 -2.03253
      vertex -0.429199 18 -2.15773
      vertex -0.841904 18 -2.03253
    endloop
  endfacet
  facet normal 0 1 0
    outer loop
      vertex 0 -18 0
      vertex -0.429199 -18 -2.15773
      vertex -0.841904 -18 -2.03253
    endloop
  endfacet
  facet normal 0 -1 0
    outer loop
      vertex 0 18 0
      vertex -0.841904 18 -2.03253
      vertex -0.429199 18 -2.15773
    endloop
  endfacet
  facet normal 0.0980171 0 0.995185
    outer loop
      vertex -0.429199 -18 -2.15773
      vertex -4.04133e-16 -18 -2.2
      vertex -4.04133e-16 18 -2.2
    endloop
  endfacet
  facet normal 0.0980171 -0 0.995185
    outer loop
      vertex -0.429199 -18 -2.15773
      vertex -4.04133e-16 18 -2.2
      vertex -0.429199 18 -2.15773
    endloop
  endfacet
  facet normal 0 1 0
    outer loop
      vertex 0 -18 0
      vertex -4.04133e-16 -18 -2.2
      vertex -0.429199 -18 -2.15773
    endloop
  endfacet
  facet normal 0 -1 0
    outer loop
      vertex 0 18 0
      vertex -0.429199 18 -2.15773
      vertex -4.04133e-16 18 -2.2
    endloop
  endfacet
  facet normal -0.0980171 0 0.995185
    outer loop
      vertex -4.04133e-16 -18 -2.2
      vertex 0.429199 -18 -2.15773
      vertex 0.429199 18 -2.15773
    endloop
  endfacet
  facet normal -0.0980171 0 0.995185
    outer loop
      vertex -4.04133e-16 -18 -2.2
      vertex 0.429199 18 -2.15773
      vertex -4.04133e-16 18 -2.2
    endloop
  endfacet
  facet normal 0 1 0
    outer loop
      vertex 0 -18 0
      vertex 0.429199 -18 -2.15773
      vertex -4.04133e-16 -18 -2.2
    endloop
  endfacet
  facet normal 0 -1 -0
    outer loop
      vertex 0 18 0
      vertex -4.04133e-16 18 -2.2
      vertex 0.429199 18 -2.15773
    endloop
  endfacet
  facet normal -0.290285 0 0.95694
    outer loop
      vertex 0.429199 -18 -2.15773
      vertex 0.841904 -18 -2.03253
      vertex 0.841904 18 -2.03253
    endloop
  endfacet
  facet normal -0.290285 0 0.95694
    outer loop
      vertex 0.429199 -18 -2.15773
      vertex 0.841904 18 -2.03253
      vertex 0.429199 18 -2.15773
    endloop
  endfacet
  facet normal 0 1 0
    outer loop
      vertex 0 -18 0
      vertex 0.841904 -18 -2.03253
      vertex 0.429199 -18 -2.15773
    endloop
  endfacet
  facet normal 0 -1 0
    outer loop
      vertex 0 18 0
      vertex 0.429199 18 -2.15773
      vertex 0.841904 18 -2.03253
    endloop
  endfacet
  facet normal -0.471397 0 0.881921
    outer loop
      vertex 0.841904 -18 -2.03253
      vertex 1.22225 -18 -1.82923
      vertex 1.22225 18 -1.82923
    endloop
  endfacet
  facet normal -0.471397 0 0.881921
    outer loop
      vertex 0.841904 -18 -2.03253
      vertex 1.22225 18 -1.82923
      vertex 0.841904 18 -2.03253
    endloop
  endfacet
  facet normal 0 1 0
    outer loop
      vertex 0 -18 0
      vertex 1.22225 -18 -1.82923
      vertex 0.841904 -18 -2.03253
    endloop
  endfacet
  facet normal 0 -1 0
    outer loop
      vertex 0 18 0
      vertex 0.841904 18 -2.03253
      vertex 1.22225 18 -1.82923
    endloop
  endfacet
  facet normal -0.634393 0 0.77301
    outer loop
      vertex 1.22225 -18 -1.82923
      vertex 1.55563 -18 -1.55563
      vertex 1.55563 18 -1.55563
    endloop
  endfacet
  facet normal -0.634393 0 0.77301
    outer loop
      vertex 1.22225 -18 -1.82923
      vertex 1.55563 18 -1.55563
      vertex 1.22225 18 -1.82923
    endloop
  endfacet
  facet normal 0 1 0
    outer loop
      vertex 0 -18 0
      vertex 1.55563 -18 -1.55563
      vertex 1.22225 -18 -1.82923
    endloop
  endfacet
  facet normal 0 -1 0
    outer loop
      vertex 0 18 0
      vertex 1.22225 18 -1.82923
      vertex 1.55563 18 -1.55563
    endloop
  endfacet
  facet normal -0.77301 0 0.634393
    outer loop
      vertex 1.55563 -18 -1.55563
      vertex 1.82923 -18 -1.22225
      vertex 1.82923 18 -1.22225
    endloop
  endfacet
  facet normal -0.77301 0 0.634393
    outer loop
      vertex 1.55563 -18 -1.55563
      vertex 1.82923 18 -1.22225
      vertex 1.55563 18 -1.55563
    endloop
  endfacet
  facet normal 0 1 0
    outer loop
      vertex 0 -18 0
      vertex 1.82923 -18 -1.22225
      vertex 1.55563 -18 -1.55563
    endloop
  endfacet
  facet normal 0 -1 0
    outer loop
      vertex 0 18 0
      vertex 1.55563 18 -1.55563
      vertex 1.82923 18 -1.22225
    endloop
  endfacet
  facet normal -0.881921 0 0.471397
    outer loop
      vertex 1.82923 -18 -1.22225
      vertex 2.03253 -18 -0.841904
      vertex 2.03253 18 -0.841904
    endloop
  endfacet
  facet normal -0.881921 0 0.471397
    outer loop
      vertex 1.82923 -18 -1.22225
      vertex 2.03253 18 -0.841904
      vertex 1.82923 18 -1.22225
    endloop
  endfacet
  facet normal 0 1 0
    outer loop
      vertex 0 -18 0
      vertex 2.03253 -18 -0.841904
      vertex 1.82923 -18 -1.22225
    endloop
  endfacet
  facet normal 0 -1 0
    outer loop
      vertex 0 18 0
      vertex 1.82923 18 -1.22225
      vertex 2.03253 18 -0.841904
    endloop
  endfacet
  facet normal -0.95694 0 0.290285
    outer loop
      vertex 2.03253 -18 -0.841904
      vertex 2.15773 -18 -0.429199
      vertex 2.15773 18 -0.429199
    endloop
  endfacet
  facet normal -0.95694 0 0.290285
    outer loop
      vertex 2.03253 -18 -0.841904
      vertex 2.15773 18 -0.429199
      vertex 2.03253 18 -0.841904
    endloop
  endfacet
  facet normal 0 1 0
    outer loop
      vertex 0 -18 0
      vertex 2.15773 -18 -0.429199
      vertex 2.03253 -18 -0.841904
    endloop
  endfacet
  facet normal 0 -1 0
    outer loop
      vertex 0 18 0
      vertex 2.03253 18 -0.841904
      vertex 2.15773 18 -0.429199
    endloop
  endfacet
  facet normal -0.995185 0 0.0980171
    outer loop
      vertex 2.15773 -18 -0.429199
      vertex 2.2 -18 -5.38845e-16
      vertex 2.2 18 -5.38845e-16
    endloop
  endfacet
  facet normal -0.995185 0 0.0980171
    outer loop
      vertex 2.15773 -18 -0.429199
      vertex 2.2 18 -5.38845e-16
      vertex 2.15773 18 -0.429199
    endloop
  endfacet
  facet normal 0 1 0
    outer loop
      vertex 0 -18 0
      vertex 2.2 -18 -5.38845e-16
      vertex 2.15773 -18 -0.429199
    endloop
  endfacet
  facet normal 0 -1 0
    outer loop
      vertex 0 18 0
      vertex 2.15773 18 -0.429199
      vertex 2.2 18 -5.38845e-16
    endloop
  endfacet
  facet normal -0.995185 0 -0.0980171
    outer loop
      vertex -77.8 -18 60
      vertex -77.8423 -18 60.4292
      vertex -77.8423 18 60.4292
    endloop
  endfacet
  facet normal -0.995185 0 -0.0980171
    outer loop
      vertex -77.8 -18 60
      vertex -77.8423 18 60.4292
      vertex -77.8 18 60
    endloop
  endfacet
  facet normal 0 1 0
    outer loop
      vertex -80 -18 60
      vertex -77.8423 -18 60.4292
      vertex -77.8 -18 60
    endloop
  endfacet
  facet normal 0 -1 0
    outer loop
      vertex -80 18 60
      vertex -77.8 18 60
      vertex -77.8423 18 60.4292
    endloop
  endfacet
  facet normal -0.95694 0 -0.290285
    outer loop
      vertex -77.8423 -18 60.4292
      vertex -77.9675 -18 60.8419
      vertex -77.9675 18 60.8419
    endloop
  endfacet
  facet normal -0.95694 0 -0.290285
    outer loop
      vertex -77.8423 -18 60.4292
      vertex -77.9675 18 60.8419
      vertex -77.8423 18 60.4292
    endloop
  endfacet
  facet normal 0 1 0
    outer loop
      vertex -80 -18 60
      vertex -77.9675 -18 60.8419
      vertex -77.8423 -18 60.4292
    endloop
  endfacet
  facet normal 0 -1 0
    outer loop
      vertex -80 18 60
      vertex -77.8423 18 60.4292
      vertex -77.9675 18 60.8419
    endloop
  endfacet
  facet normal -0.881921 0 -0.471397
    outer loop
      vertex -77.9675 -18 60.8419
      vertex -78.1708 -18 61.2223
      vertex -78.1708 18 61.2223
    endloop
  endfacet
  facet normal -0.881921 0 -0.471397
    outer loop
      vertex -77.9675 -18 60.8419
      vertex -78.1708 18 61.2223
      vertex -77.9675 18 60.8419
    endloop
  endfacet
  facet normal 0 1 0
    outer loop
      vertex -80 -18 60
      vertex -78.1708 -18 61.2223
      vertex -77.9675 -18 60.8419
    endloop
  endfacet
  facet normal 0 -1 0
    outer loop
      vertex -80 18 60
      vertex -77.9675 18 60.8419
      vertex -78.1708 18 61.2223
    endloop
  endfacet
  facet normal -0.77301 0 -0.634393
    outer loop
      vertex -78.1708 -18 61.2223
      vertex -78.4444 -18 61.5556
      vertex -78.4444 18 61.5556
    endloop
  endfacet
  facet normal -0.77301 0 -0.634393
    outer loop
      vertex -78.1708 -18 61.2223
      vertex -78.4444 18 61.5556
      vertex -78.1708 18 61.2223
    endloop
  endfacet
  facet normal 0 1 0
    outer loop
      vertex -80 -18 60
      vertex -78.4444 -18 61.5556
      vertex -78.1708 -18 61.2223
    endloop
  endfacet
  facet normal 0 -1 0
    outer loop
      vertex -80 18 60
      vertex -78.1708 18 61.2223
      vertex -78.4444 18 61.5556
    endloop
  endfacet
  facet normal -0.634393 0 -0.77301
    outer loop
      vertex -78.4444 -18 61.5556
      vertex -78.7777 -18 61.8292
      vertex -78.7777 18 61.8292
    endloop
  endfacet
  facet normal -0.634393 0 -0.77301
    outer loop
      vertex -78.4444 -18 61.5556
      vertex -78.7777 18 61.8292
      vertex -78.4444 18 61.5556
    endloop
  endfacet
  facet normal 0 1 0
    outer loop
      vertex -80 -18 60
      vertex -78.7777 -18 61.8292
      vertex -78.4444 -18 61.5556
    endloop
  endfacet
  facet normal 0 -1 0
    outer loop
      vertex -80 18 60
      vertex -78.4444 18 61.5556
      vertex -78.7777 18 61.8292
    endloop
  endfacet
  facet normal -0.471397 0 -0.881921
    outer loop
      vertex -78.7777 -18 61.8292
      vertex -79.1581 -18 62.0325
      vertex -79.1581 18 62.0325
    endloop
  endfacet
  facet normal -0.471397 0 -0.881921
    outer loop
      vertex -78.7777 -18 61.8292
      vertex -79.1581 18 62.0325
      vertex -78.7777 18 61.8292
    endloop
  endfacet
  facet normal 0 1 0
    outer loop
      vertex -80 -18 60
      vertex -79.1581 -18 62.0325
      vertex -78.7777 -18 61.8292
    endloop
  endfacet
  facet normal 0 -1 0
    outer loop
      vertex -80 18 60
      vertex -78.7777 18 61.8292
      vertex -79.1581 18 62.0325
    endloop
  endfacet
  facet normal -0.290285 0 -0.95694
    outer loop
      vertex -79.1581 -18 62.0325
      vertex -79.5708 -18 62.1577
      vertex -79.5708 18 62.1577
    endloop
  endfacet
  facet normal -0.290285 0 -0.95694
    outer loop
      vertex -79.1581 -18 62.0325
      vertex -79.5708 18 62.1577
      vertex -79.1581 18 62.0325
    endloop
  endfacet
  facet normal 0 1 0
    outer loop
      vertex -80 -18 60
      vertex -79.5708 -18 62.1577
      vertex -79.1581 -18 62.0325
    endloop
  endfacet
  facet normal 0 -1 0
    outer loop
      vertex -80 18 60
      vertex -79.1581 18 62.0325
      vertex -79.5708 18 62.1577
    endloop
  endfacet
  facet normal -0.0980171 0 -0.995185
    outer loop
      vertex -79.5708 -18 62.1577
      vertex -80 -18 62.2
      vertex -80 18 62.2
    endloop
  endfacet
  facet normal -0.0980171 0 -0.995185
    outer loop
      vertex -79.5708 -18 62.1577
      vertex -80 18 62.2
      vertex -79.5708 18 62.1577
    endloop
  endfacet
  facet normal 0 1 0
    outer loop
      vertex -80 -18 60
      vertex -80 -18 62.2
      vertex -79.5708 -18 62.1577
    endloop
  endfacet
  facet normal 0 -1 0
    outer loop
      vertex -80 18 60
      vertex -79.5708 18 62.1577
      vertex -80 18 62.2
    endloop
  endfacet
  facet normal 0.0980171 0 -0.995185
    outer loop
      vertex -80 -18 62.2
      vertex -80.4292 -18 62.1577
      vertex -80.4292 18 62.1577
    endloop
  endfacet
  facet normal 0.0980171 0 -0.995185
    outer loop
      vertex -80 -18 62.2
      vertex -80.4292 18 62.1577
      vertex -80 18 62.2
    endloop
  endfacet
  facet normal 0 1 -0
    outer loop
      vertex -80 -18 60
      vertex -80.4292 -18 62.1577
      vertex -80 -18 62.2
    endloop
  endfacet
  facet normal 0 -1 0
    outer loop
      vertex -80 18 60
      vertex -80 18 62.2
      vertex -80.4292 18 62.1577
    endloop
  endfacet
  facet normal 0.290285 0 -0.95694
    outer loop
      vertex -80.4292 -18 62.1577
      vertex -80.8419 -18 62.0325
      vertex -80.8419 18 62.0325
    endloop
  endfacet
  facet normal 0.290285 0 -0.95694
    outer loop
      vertex -80.4292 -18 62.1577
      vertex -80.8419 18 62.0325
      vertex -80.4292 18 62.1577
    endloop
  endfacet
  facet normal 0 1 0
    outer loop
      vertex -80 -18 60
      vertex -80.8419 -18 62.0325
      vertex -80.4292 -18 62.1577
    endloop
  endfacet
  facet normal 0 -1 0
    outer loop
      vertex -80 18 60
      vertex -80.4292 18 62.1577
      vertex -80.8419 18 62.0325
    endloop
  endfacet
  facet normal 0.471397 0 -0.881921
    outer loop
      vertex -80.8419 -18 62.0325
      vertex -81.2223 -18 61.8292
      vertex -81.2223 18 61.8292
    endloop
  endfacet
  facet normal 0.471397 0 -0.881921
    outer loop
      vertex -80.8419 -18 62.0325
      vertex -81.2223 18 61.8292
      vertex -80.8419 18 62.0325
    endloop
  endfacet
  facet normal 0 1 0
    outer loop
      vertex -80 -18 60
      vertex -81.2223 -18 61.8292
      vertex -80.8419 -18 62.0325
    endloop
  endfacet
  facet normal 0 -1 0
    outer loop
      vertex -80 18 60
      vertex -80.8419 18 62.0325
      vertex -81.2223 18 61.8292
    endloop
  endfacet
  facet normal 0.634393 0 -0.77301
    outer loop
      vertex -81.2223 -18 61.8292
      vertex -81.5556 -18 61.5556
      vertex -81.5556 18 61.5556
    endloop
  endfacet
  facet normal 0.634393 0 -0.77301
    outer loop
      vertex -81.2223 -18 61.8292
      vertex -81.5556 18 61.5556
      vertex -81.2223 18 61.8292
    endloop
  endfacet
  facet normal 0 1 0
    outer loop
      vertex -80 -18 60
      vertex -81.5556 -18 61.5556
      vertex -81.2223 -18 61.8292
    endloop
  endfacet
  facet normal 0 -1 0
    outer loop
      vertex -80 18 60
      vertex -81.2223 18 61.8292
      vertex -81.5556 18 61.5556
    endloop
  endfacet
  facet normal 0.77301 0 -0.634393
    outer loop
      vertex -81.5556 -18 61.5556
      vertex -81.8292 -18 61.2223
      vertex -81.8292 18 61.2223
    endloop
  endfacet
  facet normal 0.77301 0 -0.634393
    outer loop
      vertex -81.5556 -18 61.5556
      vertex -81.8292 18 61.2223
      vertex -81.5556 18 61.5556
    endloop
  endfacet
  facet normal 0 1 0
    outer loop
      vertex -80 -18 60
      vertex -81.8292 -18 61.2223
      vertex -81.5556 -18 61.5556
    endloop
  endfacet
  facet normal 0 -1 0
    outer loop
      vertex -80 18 60
      vertex -81.5556 18 61.5556
      vertex -81.8292 18 61.2223
    endloop
  endfacet
  facet normal 0.881921 0 -0.471397
    outer loop
      vertex -81.8292 -18 61.2223
      vertex -82.0325 -18 60.8419
      vertex -82.0325 18 60.8419
    endloop
  endfacet
  facet normal 0.881921 0 -0.471397
    outer loop
      vertex -81.8292 -18 61.2223
      vertex -82.0325 18 60.8419
      vertex -81.8292 18 61.2223
    endloop
  endfacet
  facet normal 0 1 0
    outer loop
      vertex -80 -18 60
      vertex -82.0325 -18 60.8419
      vertex -81.8292 -18 61.2223
    endloop
  endfacet
  facet normal 0 -1 0
    outer loop
      vertex -80 18 60
      vertex -81.8292 18 61.2223
      vertex -82.0325 18 60.8419
    endloop
  endfacet
  facet normal 0.95694 0 -0.290285
    outer loop
      vertex -82.0325 -18 60.8419
      vertex -82.1577 -18 60.4292
      vertex -82.1577 18 60.4292
    endloop
  endfacet
  facet normal 0.95694 0 -0.290285
    outer loop
      vertex -82.0325 -18 60.8419
      vertex -82.1577 18 60.4292
      vertex -82.0325 18 60.8419
    endloop
  endfacet
  facet normal 0 1 0
    outer loop
      vertex -80 -18 60
      vertex -82.1577 -18 60.4292
      vertex -82.0325 -18 60.8419
    endloop
  endfacet
  facet normal 0 -1 0
    outer loop
      vertex -80 18 60
      vertex -82.0325 18 60.8419
      vertex -82.1577 18 60.4292
    endloop
  endfacet
  facet normal 0.995185 0 -0.0980171
    outer loop
      vertex -82.1577 -18 60.4292
      vertex -82.2 -18 60
      vertex -82.2 18 60
    endloop
  endfacet
  facet normal 0.995185 0 -0.0980171
    outer loop
      vertex -82.1577 -18 60.4292
      vertex -82.2 18 60
      vertex -82.1577 18 60.4292
    endloop
  endfacet
  facet normal 0 1 0
    outer loop
      vertex -80 -18 60
      vertex -82.2 -18 60
      vertex -82.1577 -18 60.4292
    endloop
  endfacet
  facet normal 0 -1 0
    outer loop
      vertex -80 18 60
      vertex -82.1577 18 60.4292
      vertex -82.2 18 60
    endloop
  endfacet
  facet normal 0.995185 0 0.0980171
    outer loop
      vertex -82.2 -18 60
      vertex -82.1577 -18 59.5708
      vertex -82.1577 18 59.5708
    endloop
  endfacet
  facet normal 0.995185 -0 0.0980171
    outer loop
      vertex -82.2 -18 60
      vertex -82.1577 18 59.5708
      vertex -82.2 18 60
    endloop
  endfacet
  facet normal 0 1 0
    outer loop
      vertex -80 -18 60
      vertex -82.1577 -18 59.5708
      vertex -82.2 -18 60
    endloop
  endfacet
  facet normal -0 -1 0
    outer loop
      vertex -80 18 60
      vertex -82.2 18 60
      vertex -82.1577 18 59.5708
    endloop
  endfacet
  facet normal 0.95694 0 0.290285
    outer loop
      vertex -82.1577 -18 59.5708
      vertex -82.0325 -18 59.1581
      vertex -82.0325 18 59.1581
    endloop
  endfacet
  facet normal 0.95694 -0 0.290285
    outer loop
      vertex -82.1577 -18 59.5708
      vertex -82.0325 18 59.1581
      vertex -82.1577 18 59.5708
    endloop
  endfacet
  facet normal 0 1 0
    outer loop
      vertex -80 -18 60
      vertex -82.0325 -18 59.1581
      vertex -82.1577 -18 59.5708
    endloop
  endfacet
  facet normal 0 -1 0
    outer loop
      vertex -80 18 60
      vertex -82.1577 18 59.5708
      vertex -82.0325 18 59.1581
    endloop
  endfacet
  facet normal 0.881921 0 0.471397
    outer loop
      vertex -82.0325 -18 59.1581
      vertex -81.8292 -18 58.7777
      vertex -81.8292 18 58.7777
    endloop
  endfacet
  facet normal 0.881921 -0 0.471397
    outer loop
      vertex -82.0325 -18 59.1581
      vertex -81.8292 18 58.7777
      vertex -82.0325 18 59.1581
    endloop
  endfacet
  facet normal 0 1 0
    outer loop
      vertex -80 -18 60
      vertex -81.8292 -18 58.7777
      vertex -82.0325 -18 59.1581
    endloop
  endfacet
  facet normal 0 -1 0
    outer loop
      vertex -80 18 60
      vertex -82.0325 18 59.1581
      vertex -81.8292 18 58.7777
    endloop
  endfacet
  facet normal 0.77301 0 0.634393
    outer loop
      vertex -81.8292 -18 58.7777
      vertex -81.5556 -18 58.4444
      vertex -81.5556 18 58.4444
    endloop
  endfacet
  facet normal 0.77301 -0 0.634393
    outer loop
      vertex -81.8292 -18 58.7777
      vertex -81.5556 18 58.4444
      vertex -81.8292 18 58.7777
    endloop
  endfacet
  facet normal 0 1 0
    outer loop
      vertex -80 -18 60
      vertex -81.5556 -18 58.4444
      vertex -81.8292 -18 58.7777
    endloop
  endfacet
  facet normal 0 -1 0
    outer loop
      vertex -80 18 60
      vertex -81.8292 18 58.7777
      vertex -81.5556 18 58.4444
    endloop
  endfacet
  facet normal 0.634393 0 0.77301
    outer loop
      vertex -81.5556 -18 58.4444
      vertex -81.2223 -18 58.1708
      vertex -81.2223 18 58.1708
    endloop
  endfacet
  facet normal 0.634393 -0 0.77301
    outer loop
      vertex -81.5556 -18 58.4444
      vertex -81.2223 18 58.1708
      vertex -81.5556 18 58.4444
    endloop
  endfacet
  facet normal 0 1 0
    outer loop
      vertex -80 -18 60
      vertex -81.2223 -18 58.1708
      vertex -81.5556 -18 58.4444
    endloop
  endfacet
  facet normal 0 -1 0
    outer loop
      vertex -80 18 60
      vertex -81.5556 18 58.4444
      vertex -81.2223 18 58.1708
    endloop
  endfacet
  facet normal 0.471397 0 0.881921
    outer loop
      vertex -81.2223 -18 58.1708
      vertex -80.8419 -18 57.9675
      vertex -80.8419 18 57.9675
    endloop
  endfacet
  facet normal 0.471397 -0 0.881921
    outer loop
      vertex -81.2223 -18 58.1708
      vertex -80.8419 18 57.9675
      vertex -81.2223 18 58.1708
    endloop
  endfacet
  facet normal 0 1 0
    outer loop
      vertex -80 -18 60
      vertex -80.8419 -18 57.9675
      vertex -81.2223 -18 58.1708
    endloop
  endfacet
  facet normal 0 -1 0
    outer loop
      vertex -80 18 60
      vertex -81.2223 18 58.1708
      vertex -80.8419 18 57.9675
    endloop
  endfacet
  facet normal 0.290285 0 0.95694
    outer loop
      vertex -80.8419 -18 57.9675
      vertex -80.4292 -18 57.8423
      vertex -80.4292 18 57.8423
    endloop
  endfacet
  facet normal 0.290285 -0 0.95694
    outer loop
      vertex -80.8419 -18 57.9675
      vertex -80.4292 18 57.8423
      vertex -80.8419 18 57.9675
    endloop
  endfacet
  facet normal 0 1 0
    outer loop
      vertex -80 -18 60
      vertex -80.4292 -18 57.8423
      vertex -80.8419 -18 57.9675
    endloop
  endfacet
  facet normal 0 -1 0
    outer loop
      vertex -80 18 60
      vertex -80.8419 18 57.9675
      vertex -80.4292 18 57.8423
    endloop
  endfacet
  facet normal 0.0980171 0 0.995185
    outer loop
      vertex -80.4292 -18 57.8423
      vertex -80 -18 57.8
      vertex -80 18 57.8
    endloop
  endfacet
  facet normal 0.0980171 -0 0.995185
    outer loop
      vertex -80.4292 -18 57.8423
      vertex -80 18 57.8
      vertex -80.4292 18 57.8423
    endloop
  endfacet
  facet normal 0 1 0
    outer loop
      vertex -80 -18 60
      vertex -80 -18 57.8
      vertex -80.4292 -18 57.8423
    endloop
  endfacet
  facet normal 0 -1 -0
    outer loop
      vertex -80 18 60
      vertex -80.4292 18 57.8423
      vertex -80 18 57.8
    endloop
  endfacet
  facet normal -0.0980171 0 0.995185
    outer loop
      vertex -80 -18 57.8
      vertex -79.5708 -18 57.8423
      vertex -79.5708 18 57.8423
    endloop
  endfacet
  facet normal -0.0980171 0 0.995185
    outer loop
      vertex -80 -18 57.8
      vertex -79.5708 18 57.8423
      vertex -80 18 57.8
    endloop
  endfacet
  facet normal 0 1 0
    outer loop
      vertex -80 -18 60
      vertex -79.5708 -18 57.8423
      vertex -80 -18 57.8
    endloop
  endfacet
  facet normal 0 -1 0
    outer loop
      vertex -80 18 60
      vertex -80 18 57.8
      vertex -79.5708 18 57.8423
    endloop
  endfacet
  facet normal -0.290285 0 0.95694
    outer loop
      vertex -79.5708 -18 57.8423
      vertex -79.1581 -18 57.9675
      vertex -79.1581 18 57.9675
    endloop
  endfacet
  facet normal -0.290285 0 0.95694
    outer loop
      vertex -79.5708 -18 57.8423
      vertex -79.1581 18 57.9675
      vertex -79.5708 18 57.8423
    endloop
  endfacet
  facet normal 0 1 0
    outer loop
      vertex -80 -18 60
      vertex -79.1581 -18 57.9675
      vertex -79.5708 -18 57.8423
    endloop
  endfacet
  facet normal 0 -1 0
    outer loop
      vertex -80 18 60
      vertex -79.5708 18 57.8423
      vertex -79.1581 18 57.9675
    endloop
  endfacet
  facet normal -0.471397 0 0.881921
    outer loop
      vertex -79.1581 -18 57.9675
      vertex -78.7777 -18 58.1708
      vertex -78.7777 18 58.1708
    endloop
  endfacet
  facet normal -0.471397 0 0.881921
    outer loop
      vertex -79.1581 -18 57.9675
      vertex -78.7777 18 58.1708
      vertex -79.1581 18 57.9675
    endloop
  endfacet
  facet normal 0 1 0
    outer loop
      vertex -80 -18 60
      vertex -78.7777 -18 58.1708
      vertex -79.1581 -18 57.9675
    endloop
  endfacet
  facet normal 0 -1 0
    outer loop
      vertex -80 18 60
      vertex -79.1581 18 57.9675
      vertex -78.7777 18 58.1708
    endloop
  endfacet
  facet normal -0.634393 0 0.77301
    outer loop
      vertex -78.7777 -18 58.1708
      vertex -78.4444 -18 58.4444
      vertex -78.4444 18 58.4444
    endloop
  endfacet
  facet normal -0.634393 0 0.77301
    outer loop
      vertex -78.7777 -18 58.1708
      vertex -78.4444 18 58.4444
      vertex -78.7777 18 58.1708
    endloop
  endfacet
  facet normal 0 1 0
    outer loop
      vertex -80 -18 60
      vertex -78.4444 -18 58.4444
      vertex -78.7777 -18 58.1708
    endloop
  endfacet
  facet normal 0 -1 0
    outer loop
      vertex -80 18 60
      vertex -78.7777 18 58.1708
      vertex -78.4444 18 58.4444
    endloop
  endfacet
  facet normal -0.77301 0 0.634393
    outer loop
      vertex -78.4444 -18 58.4444
      vertex -78.1708 -18 58.7777
      vertex -78.1708 18 58.7777
    endloop
  endfacet
  facet normal -0.77301 0 0.634393
    outer loop
      vertex -78.4444 -18 58.4444
      vertex -78.1708 18 58.7777
      vertex -78.4444 18 58.4444
    endloop
  endfacet
  facet normal 0 1 0
    outer loop
      vertex -80 -18 60
      vertex -78.1708 -18 58.7777
      vertex -78.4444 -18 58.4444
    endloop
  endfacet
  facet normal 0 -1 0
    outer loop
      vertex -80 18 60
      vertex -78.4444 18 58.4444
      vertex -78.1708 18 58.7777
    endloop
  endfacet
  facet normal -0.881921 0 0.471397
    outer loop
      vertex -78.1708 -18 58.7777
      vertex -77.9675 -18 59.1581
      vertex -77.9675 18 59.1581
    endloop
  endfacet
  facet normal -0.881921 0 0.471397
    outer loop
      vertex -78.1708 -18 58.7777
      vertex -77.9675 18 59.1581
      vertex -78.1708 18 58.7777
    endloop
  endfacet
  facet normal 0 1 0
    outer loop
      vertex -80 -18 60
      vertex -77.9675 -18 59.1581
      vertex -78.1708 -18 58.7777
    endloop
  endfacet
  facet normal 0 -1 0
    outer loop
      vertex -80 18 60
      vertex -78.1708 18 58.7777
      vertex -77.9675 18 59.1581
    endloop
  endfacet
  facet normal -0.95694 0 0.290285
    outer loop
      vertex -77.9675 -18 59.1581
      vertex -77.8423 -18 59.5708
      vertex -77.8423 18 59.5708
    endloop
  endfacet
  facet normal -0.95694 0 0.290285
    outer loop
      vertex -77.9675 -18 59.1581
      vertex -77.8423 18 59.5708
      vertex -77.9675 18 59.1581
    endloop
  endfacet
  facet normal 0 1 0
    outer loop
      vertex -80 -18 60
      vertex -77.8423 -18 59.5708
      vertex -77.9675 -18 59.1581
    endloop
  endfacet
  facet normal 0 -1 0
    outer loop
      vertex -80 18 60
      vertex -77.9675 18 59.1581
      vertex -77.8423 18 59.5708
    endloop
  endfacet
  facet normal -0.995185 0 0.0980171
    outer loop
      vertex -77.8423 -18 59.5708
      vertex -77.8 -18 60
      vertex -77.8 18 60
    endloop
  endfacet
  facet normal -0.995185 0 0.0980171
    outer loop
      vertex -77.8423 -18 59.5708
      vertex -77.8 18 60
      vertex -77.8423 18 59.5708
    endloop
  endfacet
  facet normal -0 1 0
    outer loop
      vertex -80 -18 60
      vertex -77.8 -18 60
      vertex -77.8423 -18 59.5708
    endloop
  endfacet
  facet normal 0 -1 0
    outer loop
      vertex -80 18 60
      vertex -77.8423 18 59.5708
      vertex -77.8 18 60
    endloop
  endfacet
  facet normal -0.995185 0 -0.0980171
    outer loop
      vertex 122.2 -18 60
      vertex 122.158 -18 60.4292
      vertex 122.158 18 60.4292
    endloop
  endfacet
  facet normal -0.995185 0 -0.0980171
    outer loop
      vertex 122.2 -18 60
      vertex 122.158 18 60.4292
      vertex 122.2 18 60
    endloop
  endfacet
  facet normal 0 1 0
    outer loop
      vertex 120 -18 60
      vertex 122.158 -18 60.4292
      vertex 122.2 -18 60
    endloop
  endfacet
  facet normal 0 -1 0
    outer loop
      vertex 120 18 60
      vertex 122.2 18 60
      vertex 122.158 18 60.4292
    endloop
  endfacet
  facet normal -0.95694 0 -0.290285
    outer loop
      vertex 122.158 -18 60.4292
      vertex 122.033 -18 60.8419
      vertex 122.033 18 60.8419
    endloop
  endfacet
  facet normal -0.95694 0 -0.290285
    outer loop
      vertex 122.158 -18 60.4292
      vertex 122.033 18 60.8419
      vertex 122.158 18 60.4292
    endloop
  endfacet
  facet normal 0 1 0
    outer loop
      vertex 120 -18 60
      vertex 122.033 -18 60.8419
      vertex 122.158 -18 60.4292
    endloop
  endfacet
  facet normal 0 -1 0
    outer loop
      vertex 120 18 60
      vertex 122.158 18 60.4292
      vertex 122.033 18 60.8419
    endloop
  endfacet
  facet normal -0.881921 0 -0.471397
    outer loop
      vertex 122.033 -18 60.8419
      vertex 121.829 -18 61.2223
      vertex 121.829 18 61.2223
    endloop
  endfacet
  facet normal -0.881921 0 -0.471397
    outer loop
      vertex 122.033 -18 60.8419
      vertex 121.829 18 61.2223
      vertex 122.033 18 60.8419
    endloop
  endfacet
  facet normal 0 1 0
    outer loop
      vertex 120 -18 60
      vertex 121.829 -18 61.2223
      vertex 122.033 -18 60.8419
    endloop
  endfacet
  facet normal 0 -1 0
    outer loop
      vertex 120 18 60
      vertex 122.033 18 60.8419
      vertex 121.829 18 61.2223
    endloop
  endfacet
  facet normal -0.77301 0 -0.634393
    outer loop
      vertex 121.829 -18 61.2223
      vertex 121.556 -18 61.5556
      vertex 121.556 18 61.5556
    endloop
  endfacet
  facet normal -0.77301 0 -0.634393
    outer loop
      vertex 121.829 -18 61.2223
      vertex 121.556 18 61.5556
      vertex 121.829 18 61.2223
    endloop
  endfacet
  facet normal 0 1 0
    outer loop
      vertex 120 -18 60
      vertex 121.556 -18 61.5556
      vertex 121.829 -18 61.2223
    endloop
  endfacet
  facet normal 0 -1 0
    outer loop
      vertex 120 18 60
      vertex 121.829 18 61.2223
      vertex 121.556 18 61.5556
    endloop
  endfacet
  facet normal -0.634393 0 -0.77301
    outer loop
      vertex 121.556 -18 61.5556
      vertex 121.222 -18 61.8292
      vertex 121.222 18 61.8292
    endloop
  endfacet
  facet normal -0.634393 0 -0.77301
    outer loop
      vertex 121.556 -18 61.5556
      vertex 121.222 18 61.8292
      vertex 121.556 18 61.5556
    endloop
  endfacet
  facet normal 0 1 0
    outer loop
      vertex 120 -18 60
      vertex 121.222 -18 61.8292
      vertex 121.556 -18 61.5556
    endloop
  endfacet
  facet normal 0 -1 0
    outer loop
      vertex 120 18 60
      vertex 121.556 18 61.5556
      vertex 121.222 18 61.8292
    endloop
  endfacet
  facet normal -0.471397 0 -0.881921
    outer loop
      vertex 121.222 -18 61.8292
      vertex 120.842 -18 62.0325
      vertex 120.842 18 62.0325
    endloop
  endfacet
  facet normal -0.471397 0 -0.881921
    outer loop
      vertex 121.222 -18 61.8292
      vertex 120.842 18 62.0325
      vertex 121.222 18 61.8292
    endloop
  endfacet
  facet normal 0 1 0
    outer loop
      vertex 120 -18 60
      vertex 120.842 -18 62.0325
      vertex 121.222 -18 61.8292
    endloop
  endfacet
  facet normal 0 -1 0
    outer loop
      vertex 120 18 60
      vertex 121.222 18 61.8292
      vertex 120.842 18 62.0325
    endloop
  endfacet
  facet normal -0.290285 0 -0.95694
    outer loop
      vertex 120.842 -18 62.0325
      vertex 120.429 -18 62.1577
      vertex 120.429 18 62.1577
    endloop
  endfacet
  facet normal -0.290285 0 -0.95694
    outer loop
      vertex 120.842 -18 62.0325
      vertex 120.429 18 62.1577
      vertex 120.842 18 62.0325
    endloop
  endfacet
  facet normal 0 1 0
    outer loop
      vertex 120 -18 60
      vertex 120.429 -18 62.1577
      vertex 120.842 -18 62.0325
    endloop
  endfacet
  facet normal 0 -1 0
    outer loop
      vertex 120 18 60
      vertex 120.842 18 62.0325
      vertex 120.429 18 62.1577
    endloop
  endfacet
  facet normal -0.0980171 0 -0.995185
    outer loop
      vertex 120.429 -18 62.1577
      vertex 120 -18 62.2
      vertex 120 18 62.2
    endloop
  endfacet
  facet normal -0.0980171 0 -0.995185
    outer loop
      vertex 120.429 -18 62.1577
      vertex 120 18 62.2
      vertex 120.429 18 62.1577
    endloop
  endfacet
  facet normal 0 1 0
    outer loop
      vertex 120 -18 60
      vertex 120 -18 62.2
      vertex 120.429 -18 62.1577
    endloop
  endfacet
  facet normal 0 -1 0
    outer loop
      vertex 120 18 60
      vertex 120.429 18 62.1577
      vertex 120 18 62.2
    endloop
  endfacet
  facet normal 0.0980171 0 -0.995185
    outer loop
      vertex 120 -18 62.2
      vertex 119.571 -18 62.1577
      vertex 119.571 18 62.1577
    endloop
  endfacet
  facet normal 0.0980171 0 -0.995185
    outer loop
      vertex 120 -18 62.2
      vertex 119.571 18 62.1577
      vertex 120 18 62.2
    endloop
  endfacet
  facet normal 0 1 -0
    outer loop
      vertex 120 -18 60
      vertex 119.571 -18 62.1577
      vertex 120 -18 62.2
    endloop
  endfacet
  facet normal 0 -1 0
    outer loop
      vertex 120 18 60
      vertex 120 18 62.2
      vertex 119.571 18 62.1577
    endloop
  endfacet
  facet normal 0.290285 0 -0.95694
    outer loop
      vertex 119.571 -18 62.1577
      vertex 119.158 -18 62.0325
      vertex 119.158 18 62.0325
    endloop
  endfacet
  facet normal 0.290285 0 -0.95694
    outer loop
      vertex 119.571 -18 62.1577
      vertex 119.158 18 62.0325
      vertex 119.571 18 62.1577
    endloop
  endfacet
  facet normal 0 1 0
    outer loop
      vertex 120 -18 60
      vertex 119.158 -18 62.0325
      vertex 119.571 -18 62.1577
    endloop
  endfacet
  facet normal 0 -1 0
    outer loop
      vertex 120 18 60
      vertex 119.571 18 62.1577
      vertex 119.158 18 62.0325
    endloop
  endfacet
  facet normal 0.471397 0 -0.881921
    outer loop
      vertex 119.158 -18 62.0325
      vertex 118.778 -18 61.8292
      vertex 118.778 18 61.8292
    endloop
  endfacet
  facet normal 0.471397 0 -0.881921
    outer loop
      vertex 119.158 -18 62.0325
      vertex 118.778 18 61.8292
      vertex 119.158 18 62.0325
    endloop
  endfacet
  facet normal 0 1 0
    outer loop
      vertex 120 -18 60
      vertex 118.778 -18 61.8292
      vertex 119.158 -18 62.0325
    endloop
  endfacet
  facet normal 0 -1 0
    outer loop
      vertex 120 18 60
      vertex 119.158 18 62.0325
      vertex 118.778 18 61.8292
    endloop
  endfacet
  facet normal 0.634393 0 -0.77301
    outer loop
      vertex 118.778 -18 61.8292
      vertex 118.444 -18 61.5556
      vertex 118.444 18 61.5556
    endloop
  endfacet
  facet normal 0.634393 0 -0.77301
    outer loop
      vertex 118.778 -18 61.8292
      vertex 118.444 18 61.5556
      vertex 118.778 18 61.8292
    endloop
  endfacet
  facet normal 0 1 0
    outer loop
      vertex 120 -18 60
      vertex 118.444 -18 61.5556
      vertex 118.778 -18 61.8292
    endloop
  endfacet
  facet normal 0 -1 0
    outer loop
      vertex 120 18 60
      vertex 118.778 18 61.8292
      vertex 118.444 18 61.5556
    endloop
  endfacet
  facet normal 0.77301 0 -0.634393
    outer loop
      vertex 118.444 -18 61.5556
      vertex 118.171 -18 61.2223
      vertex 118.171 18 61.2223
    endloop
  endfacet
  facet normal 0.77301 0 -0.634393
    outer loop
      vertex 118.444 -18 61.5556
      vertex 118.171 18 61.2223
      vertex 118.444 18 61.5556
    endloop
  endfacet
  facet normal 0 1 0
    outer loop
      vertex 120 -18 60
      vertex 118.171 -18 61.2223
      vertex 118.444 -18 61.5556
    endloop
  endfacet
  facet normal 0 -1 0
    outer loop
      vertex 120 18 60
      vertex 118.444 18 61.5556
      vertex 118.171 18 61.2223
    endloop
  endfacet
  facet normal 0.881921 0 -0.471397
    outer loop
      vertex 118.171 -18 61.2223
      vertex 117.967 -18 60.8419
      vertex 117.967 18 60.8419
    endloop
  endfacet
  facet normal 0.881921 0 -0.471397
    outer loop
      vertex 118.171 -18 61.2223
      vertex 117.967 18 60.8419
      vertex 118.171 18 61.2223
    endloop
  endfacet
  facet normal 0 1 0
    outer loop
      vertex 120 -18 60
      vertex 117.967 -18 60.8419
      vertex 118.171 -18 61.2223
    endloop
  endfacet
  facet normal 0 -1 0
    outer loop
      vertex 120 18 60
      vertex 118.171 18 61.2223
      vertex 117.967 18 60.8419
    endloop
  endfacet
  facet normal 0.95694 0 -0.290285
    outer loop
      vertex 117.967 -18 60.8419
      vertex 117.842 -18 60.4292
      vertex 117.842 18 60.4292
    endloop
  endfacet
  facet normal 0.95694 0 -0.290285
    outer loop
      vertex 117.967 -18 60.8419
      vertex 117.842 18 60.4292
      vertex 117.967 18 60.8419
    endloop
  endfacet
  facet normal 0 1 0
    outer loop
      vertex 120 -18 60
      vertex 117.842 -18 60.4292
      vertex 117.967 -18 60.8419
    endloop
  endfacet
  facet normal 0 -1 0
    outer loop
      vertex 120 18 60
      vertex 117.967 18 60.8419
      vertex 117.842 18 60.4292
    endloop
  endfacet
  facet normal 0.995185 0 -0.0980171
    outer loop
      vertex 117.842 -18 60.4292
      vertex 117.8 -18 60
      vertex 117.8 18 60
    endloop
  endfacet
  facet normal 0.995185 0 -0.0980171
    outer loop
      vertex 117.842 -18 60.4292
      vertex 117.8 18 60
      vertex 117.842 18 60.4292
    endloop
  endfacet
  facet normal 0 1 0
    outer loop
      vertex 120 -18 60
      vertex 117.8 -18 60
      vertex 117.842 -18 60.4292
    endloop
  endfacet
  facet normal 0 -1 0
    outer loop
      vertex 120 18 60
      vertex 117.842 18 60.4292
      vertex 117.8 18 60
    endloop
  endfacet
  facet normal 0.995185 0 0.0980171
    outer loop
      vertex 117.8 -18 60
      vertex 117.842 -18 59.5708
      vertex 117.842 18 59.5708
    endloop
  endfacet
  facet normal 0.995185 -0 0.0980171
    outer loop
      vertex 117.8 -18 60
      vertex 117.842 18 59.5708
      vertex 117.8 18 60
    endloop
  endfacet
  facet normal 0 1 0
    outer loop
      vertex 120 -18 60
      vertex 117.842 -18 59.5708
      vertex 117.8 -18 60
    endloop
  endfacet
  facet normal -0 -1 0
    outer loop
      vertex 120 18 60
      vertex 117.8 18 60
      vertex 117.842 18 59.5708
    endloop
  endfacet
  facet normal 0.95694 0 0.290285
    outer loop
      vertex 117.842 -18 59.5708
      vertex 117.967 -18 59.1581
      vertex 117.967 18 59.1581
    endloop
  endfacet
  facet normal 0.95694 -0 0.290285
    outer loop
      vertex 117.842 -18 59.5708
      vertex 117.967 18 59.1581
      vertex 117.842 18 59.5708
    endloop
  endfacet
  facet normal 0 1 0
    outer loop
      vertex 120 -18 60
      vertex 117.967 -18 59.1581
      vertex 117.842 -18 59.5708
    endloop
  endfacet
  facet normal 0 -1 0
    outer loop
      vertex 120 18 60
      vertex 117.842 18 59.5708
      vertex 117.967 18 59.1581
    endloop
  endfacet
  facet normal 0.881921 0 0.471397
    outer loop
      vertex 117.967 -18 59.1581
      vertex 118.171 -18 58.7777
      vertex 118.171 18 58.7777
    endloop
  endfacet
  facet normal 0.881921 -0 0.471397
    outer loop
      vertex 117.967 -18 59.1581
      vertex 118.171 18 58.7777
      vertex 117.967 18 59.1581
    endloop
  endfacet
  facet normal 0 1 0
    outer loop
      vertex 120 -18 60
      vertex 118.171 -18 58.7777
      vertex 117.967 -18 59.1581
    endloop
  endfacet
  facet normal 0 -1 0
    outer loop
      vertex 120 18 60
      vertex 117.967 18 59.1581
      vertex 118.171 18 58.7777
    endloop
  endfacet
  facet normal 0.77301 0 0.634393
    outer loop
      vertex 118.171 -18 58.7777
      vertex 118.444 -18 58.4444
      vertex 118.444 18 58.4444
    endloop
  endfacet
  facet normal 0.77301 -0 0.634393
    outer loop
      vertex 118.171 -18 58.7777
      vertex 118.444 18 58.4444
      vertex 118.171 18 58.7777
    endloop
  endfacet
  facet normal 0 1 0
    outer loop
      vertex 120 -18 60
      vertex 118.444 -18 58.4444
      vertex 118.171 -18 58.7777
    endloop
  endfacet
  facet normal 0 -1 0
    outer loop
      vertex 120 18 60
      vertex 118.171 18 58.7777
      vertex 118.444 18 58.4444
    endloop
  endfacet
  facet normal 0.634393 0 0.77301
    outer loop
      vertex 118.444 -18 58.4444
      vertex 118.778 -18 58.1708
      vertex 118.778 18 58.1708
    endloop
  endfacet
  facet normal 0.634393 -0 0.77301
    outer loop
      vertex 118.444 -18 58.4444
      vertex 118.778 18 58.1708
      vertex 118.444 18 58.4444
    endloop
  endfacet
  facet normal 0 1 0
    outer loop
      vertex 120 -18 60
      vertex 118.778 -18 58.1708
      vertex 118.444 -18 58.4444
    endloop
  endfacet
  facet normal 0 -1 0
    outer loop
      vertex 120 18 60
      vertex 118.444 18 58.4444
      vertex 118.778 18 58.1708
    endloop
  endfacet
  facet normal 0.471397 0 0.881921
    outer loop
      vertex 118.778 -18 58.1708
      vertex 119.158 -18 57.9675
      vertex 119.158 18 57.9675
    endloop
  endfacet
  facet normal 0.471397 -0 0.881921
    outer loop
      vertex 118.778 -18 58.1708
      vertex 119.158 18 57.9675
      vertex 118.778 18 58.1708
    endloop
  endfacet
  facet normal 0 1 0
    outer loop
      vertex 120 -18 60
      vertex 119.158 -18 57.9675
      vertex 118.778 -18 58.1708
    endloop
  endfacet
  facet normal 0 -1 0
    outer loop
      vertex 120 18 60
      vertex 118.778 18 58.1708
      vertex 119.158 18 57.9675
    endloop
  endfacet
  facet normal 0.290285 0 0.95694
    outer loop
      vertex 119.158 -18 57.9675
      vertex 119.571 -18 57.8423
      vertex 119.571 18 57.8423
    endloop
  endfacet
  facet normal 0.290285 -0 0.95694
    outer loop
      vertex 119.158 -18 57.9675
      vertex 119.571 18 57.8423
      vertex 119.158 18 57.9675
    endloop
  endfacet
  facet normal 0 1 0
    outer loop
      vertex 120 -18 60
      vertex 119.571 -18 57.8423
      vertex 119.158 -18 57.9675
    endloop
  endfacet
  facet normal 0 -1 0
    outer loop
      vertex 120 18 60
      vertex 119.158 18 57.9675
      vertex 119.571 18 57.8423
    endloop
  endfacet
  facet normal 0.0980171 0 0.995185
    outer loop
      vertex 119.571 -18 57.8423
      vertex 120 -18 57.8
      vertex 120 18 57.8
    endloop
  endfacet
  facet normal 0.0980171 -0 0.995185
    outer loop
      vertex 119.571 -18 57.8423
      vertex 120 18 57.8
      vertex 119.571 18 57.8423
    endloop
  endfacet
  facet normal 0 1 0
    outer loop
      vertex 120 -18 60
      vertex 120 -18 57.8
      vertex 119.571 -18 57.8423
    endloop
  endfacet
  facet normal 0 -1 -0
    outer loop
      vertex 120 18 60
      vertex 119.571 18 57.8423
      vertex 120 18 57.8
    endloop
  endfacet
  facet normal -0.0980171 0 0.995185
    outer loop
      vertex 120 -18 57.8
      vertex 120.429 -18 57.8423
      vertex 120.429 18 57.8423
    endloop
  endfacet
  facet normal -0.0980171 0 0.995185
    outer loop
      vertex 120 -18 57.8
      vertex 120.429 18 57.8423
      vertex 120 18 57.8
    endloop
  endfacet
  facet normal 0 1 0
    outer loop
      vertex 120 -18 60
      vertex 120.429 -18 57.8423
      vertex 120 -18 57.8
    endloop
  endfacet
  facet normal 0 -1 0
    outer loop
      vertex 120 18 60
      vertex 120 18 57.8
      vertex 120.429 18 57.8423
    endloop
  endfacet
  facet normal -0.290285 0 0.95694
    outer loop
      vertex 120.429 -18 57.8423
      vertex 120.842 -18 57.9675
      vertex 120.842 18 57.9675
    endloop
  endfacet
  facet normal -0.290285 0 0.95694
    outer loop
      vertex 120.429 -18 57.8423
      vertex 120.842 18 57.9675
      vertex 120.429 18 57.8423
    endloop
  endfacet
  facet normal 0 1 0
    outer loop
      vertex 120 -18 60
      vertex 120.842 -18 57.9675
      vertex 120.429 -18 57.8423
    endloop
  endfacet
  facet normal 0 -1 0
    outer loop
      vertex 120 18 60
      vertex 120.429 18 57.8423
      vertex 120.842 18 57.9675
    endloop
  endfacet
  facet normal -0.471397 0 0.881921
    outer loop
      vertex 120.842 -18 57.9675
      vertex 121.222 -18 58.1708
      vertex 121.222 18 58.1708
    endloop
  endfacet
  facet normal -0.471397 0 0.881921
    outer loop
      vertex 120.842 -18 57.9675
      vertex 121.222 18 58.1708
      vertex 120.842 18 57.9675
    endloop
  endfacet
  facet normal 0 1 0
    outer loop
      vertex 120 -18 60
      vertex 121.222 -18 58.1708
      vertex 120.842 -18 57.9675
    endloop
  endfacet
  facet normal 0 -1 0
    outer loop
      vertex 120 18 60
      vertex 120.842 18 57.9675
      vertex 121.222 18 58.1708
    endloop
  endfacet
  facet normal -0.634393 0 0.77301
    outer loop
      vertex 121.222 -18 58.1708
      vertex 121.556 -18 58.4444
      vertex 121.556 18 58.4444
    endloop
  endfacet
  facet normal -0.634393 0 0.77301
    outer loop
      vertex 121.222 -18 58.1708
      vertex 121.556 18 58.4444
      vertex 121.222 18 58.1708
    endloop
  endfacet
  facet normal 0 1 0
    outer loop
      vertex 120 -18 60
      vertex 121.556 -18 58.4444
      vertex 121.222 -18 58.1708
    endloop
  endfacet
  facet normal 0 -1 0
    outer loop
      vertex 120 18 60
      vertex 121.222 18 58.1708
      vertex 121.556 18 58.4444
    endloop
  endfacet
  facet normal -0.77301 0 0.634393
    outer loop
      vertex 121.556 -18 58.4444
      vertex 121.829 -18 58.7777
      vertex 121.829 18 58.7777
    endloop
  endfacet
  facet normal -0.77301 0 0.634393
    outer loop
      vertex 121.556 -18 58.4444
      vertex 121.829 18 58.7777
      vertex 121.556 18 58.4444
    endloop
  endfacet
  facet normal 0 1 0
    outer loop
      vertex 120 -18 60
      vertex 121.829 -18 58.7777
      vertex 121.556 -18 58.4444
    endloop
  endfacet
  facet normal 0 -1 0
    outer loop
      vertex 120 18 60
      vertex 121.556 18 58.4444
      vertex 121.829 18 58.7777
    endloop
  endfacet
  facet normal -0.881921 0 0.471397
    outer loop
      vertex 121.829 -18 58.7777
      vertex 122.033 -18 59.1581
      vertex 122.033 18 59.1581
    endloop
  endfacet
  facet normal -0.881921 0 0.471397
    outer loop
      vertex 121.829 -18 58.7777
      vertex 122.033 18 59.1581
      vertex 121.829 18 58.7777
    endloop
  endfacet
  facet normal 0 1 0
    outer loop
      vertex 120 -18 60
      vertex 122.033 -18 59.1581
      vertex 121.829 -18 58.7777
    endloop
  endfacet
  facet normal 0 -1 0
    outer loop
      vertex 120 18 60
      vertex 121.829 18 58.7777
      vertex 122.033 18 59.1581
    endloop
  endfacet
  facet normal -0.95694 0 0.290285
    outer loop
      vertex 122.033 -18 59.1581
      vertex 122.158 -18 59.5708
      vertex 122.158 18 59.5708
    endloop
  endfacet
  facet normal -0.95694 0 0.290285
    outer loop
      vertex 122.033 -18 59.1581
      vertex 122.158 18 59.5708
      vertex 122.033 18 59.1581
    endloop
  endfacet
  facet normal 0 1 0
    outer loop
      vertex 120 -18 60
      vertex 122.158 -18 59.5708
      vertex 122.033 -18 59.1581
    endloop
  endfacet
  facet normal 0 -1 0
    outer loop
      vertex 120 18 60
      vertex 122.033 18 59.1581
      vertex 122.158 18 59.5708
    endloop
  endfacet
  facet normal -0.995185 0 0.0980171
    outer loop
      vertex 122.158 -18 59.5708
      vertex 122.2 -18 60
      vertex 122.2 18 60
    endloop
  endfacet
  facet normal -0.995185 0 0.0980171
    outer loop
      vertex 122.158 -18 59.5708
      vertex 122.2 18 60
      vertex 122.158 18 59.5708
    endloop
  endfacet
  facet normal -0 1 0
    outer loop
      vertex 120 -18 60
      vertex 122.2 -18 60
      vertex 122.158 -18 59.5708
    endloop
  endfacet
  facet normal 0 -1 0
    outer loop
      vertex 120 18 60
      vertex 122.158 18 59.5708
      vertex 122.2 18 60
    endloop
  endfacet
  facet normal -0.995185 0 -0.0980171
    outer loop
      vertex -40.2123 -18 46.3192
      vertex -40.2546 -18 46.7484
      vertex -40.2546 18 46.7484
    endloop
  endfacet
  facet normal -0.995185 0 -0.0980171
    outer loop
      vertex -40.2123 -18 46.3192
      vertex -40.2546 18 46.7484
      vertex -40.2123 18 46.3192
    endloop
  endfacet
  facet normal 0 1 0
    outer loop
      vertex -42.4123 -18 46.3192
      vertex -40.2546 -18 46.7484
      vertex -40.2123 -18 46.3192
    endloop
  endfacet
  facet normal 0 -1 0
    outer loop
      vertex -42.4123 18 46.3192
      vertex -40.2123 18 46.3192
      vertex -40.2546 18 46.7484
    endloop
  endfacet
  facet normal -0.95694 0 -0.290285
    outer loop
      vertex -40.2546 -18 46.7484
      vertex -40.3798 -18 47.1611
      vertex -40.3798 18 47.1611
    endloop
  endfacet
  facet normal -0.95694 0 -0.290285
    outer loop
      vertex -40.2546 -18 46.7484
      vertex -40.3798 18 47.1611
      vertex -40.2546 18 46.7484
    endloop
  endfacet
  facet normal 0 1 0
    outer loop
      vertex -42.4123 -18 46.3192
      vertex -40.3798 -18 47.1611
      vertex -40.2546 -18 46.7484
    endloop
  endfacet
  facet normal 0 -1 0
    outer loop
      vertex -42.4123 18 46.3192
      vertex -40.2546 18 46.7484
      vertex -40.3798 18 47.1611
    endloop
  endfacet
  facet normal -0.881921 0 -0.471397
    outer loop
      vertex -40.3798 -18 47.1611
      vertex -40.5831 -18 47.5414
      vertex -40.5831 18 47.5414
    endloop
  endfacet
  facet normal -0.881921 0 -0.471397
    outer loop
      vertex -40.3798 -18 47.1611
      vertex -40.5831 18 47.5414
      vertex -40.3798 18 47.1611
    endloop
  endfacet
  facet normal 0 1 0
    outer loop
      vertex -42.4123 -18 46.3192
      vertex -40.5831 -18 47.5414
      vertex -40.3798 -18 47.1611
    endloop
  endfacet
  facet normal 0 -1 0
    outer loop
      vertex -42.4123 18 46.3192
      vertex -40.3798 18 47.1611
      vertex -40.5831 18 47.5414
    endloop
  endfacet
  facet normal -0.77301 0 -0.634393
    outer loop
      vertex -40.5831 -18 47.5414
      vertex -40.8567 -18 47.8748
      vertex -40.8567 18 47.8748
    endloop
  endfacet
  facet normal -0.77301 0 -0.634393
    outer loop
      vertex -40.5831 -18 47.5414
      vertex -40.8567 18 47.8748
      vertex -40.5831 18 47.5414
    endloop
  endfacet
  facet normal 0 1 0
    outer loop
      vertex -42.4123 -18 46.3192
      vertex -40.8567 -18 47.8748
      vertex -40.5831 -18 47.5414
    endloop
  endfacet
  facet normal 0 -1 0
    outer loop
      vertex -42.4123 18 46.3192
      vertex -40.5831 18 47.5414
      vertex -40.8567 18 47.8748
    endloop
  endfacet
  facet normal -0.634393 0 -0.77301
    outer loop
      vertex -40.8567 -18 47.8748
      vertex -41.19 -18 48.1484
      vertex -41.19 18 48.1484
    endloop
  endfacet
  facet normal -0.634393 0 -0.77301
    outer loop
      vertex -40.8567 -18 47.8748
      vertex -41.19 18 48.1484
      vertex -40.8567 18 47.8748
    endloop
  endfacet
  facet normal 0 1 0
    outer loop
      vertex -42.4123 -18 46.3192
      vertex -41.19 -18 48.1484
      vertex -40.8567 -18 47.8748
    endloop
  endfacet
  facet normal 0 -1 0
    outer loop
      vertex -42.4123 18 46.3192
      vertex -40.8567 18 47.8748
      vertex -41.19 18 48.1484
    endloop
  endfacet
  facet normal -0.471397 0 -0.881921
    outer loop
      vertex -41.19 -18 48.1484
      vertex -41.5704 -18 48.3517
      vertex -41.5704 18 48.3517
    endloop
  endfacet
  facet normal -0.471397 0 -0.881921
    outer loop
      vertex -41.19 -18 48.1484
      vertex -41.5704 18 48.3517
      vertex -41.19 18 48.1484
    endloop
  endfacet
  facet normal 0 1 0
    outer loop
      vertex -42.4123 -18 46.3192
      vertex -41.5704 -18 48.3517
      vertex -41.19 -18 48.1484
    endloop
  endfacet
  facet normal 0 -1 0
    outer loop
      vertex -42.4123 18 46.3192
      vertex -41.19 18 48.1484
      vertex -41.5704 18 48.3517
    endloop
  endfacet
  facet normal -0.290285 0 -0.95694
    outer loop
      vertex -41.5704 -18 48.3517
      vertex -41.9831 -18 48.4769
      vertex -41.9831 18 48.4769
    endloop
  endfacet
  facet normal -0.290285 0 -0.95694
    outer loop
      vertex -41.5704 -18 48.3517
      vertex -41.9831 18 48.4769
      vertex -41.5704 18 48.3517
    endloop
  endfacet
  facet normal 0 1 0
    outer loop
      vertex -42.4123 -18 46.3192
      vertex -41.9831 -18 48.4769
      vertex -41.5704 -18 48.3517
    endloop
  endfacet
  facet normal 0 -1 0
    outer loop
      vertex -42.4123 18 46.3192
      vertex -41.5704 18 48.3517
      vertex -41.9831 18 48.4769
    endloop
  endfacet
  facet normal -0.0980171 0 -0.995185
    outer loop
      vertex -41.9831 -18 48.4769
      vertex -42.4123 -18 48.5192
      vertex -42.4123 18 48.5192
    endloop
  endfacet
  facet normal -0.0980171 0 -0.995185
    outer loop
      vertex -41.9831 -18 48.4769
      vertex -42.4123 18 48.5192
      vertex -41.9831 18 48.4769
    endloop
  endfacet
  facet normal 0 1 0
    outer loop
      vertex -42.4123 -18 46.3192
      vertex -42.4123 -18 48.5192
      vertex -41.9831 -18 48.4769
    endloop
  endfacet
  facet normal 0 -1 0
    outer loop
      vertex -42.4123 18 46.3192
      vertex -41.9831 18 48.4769
      vertex -42.4123 18 48.5192
    endloop
  endfacet
  facet normal 0.0980171 0 -0.995185
    outer loop
      vertex -42.4123 -18 48.5192
      vertex -42.8415 -18 48.4769
      vertex -42.8415 18 48.4769
    endloop
  endfacet
  facet normal 0.0980171 0 -0.995185
    outer loop
      vertex -42.4123 -18 48.5192
      vertex -42.8415 18 48.4769
      vertex -42.4123 18 48.5192
    endloop
  endfacet
  facet normal 0 1 -0
    outer loop
      vertex -42.4123 -18 46.3192
      vertex -42.8415 -18 48.4769
      vertex -42.4123 -18 48.5192
    endloop
  endfacet
  facet normal 0 -1 0
    outer loop
      vertex -42.4123 18 46.3192
      vertex -42.4123 18 48.5192
      vertex -42.8415 18 48.4769
    endloop
  endfacet
  facet normal 0.290285 0 -0.95694
    outer loop
      vertex -42.8415 -18 48.4769
      vertex -43.2542 -18 48.3517
      vertex -43.2542 18 48.3517
    endloop
  endfacet
  facet normal 0.290285 0 -0.95694
    outer loop
      vertex -42.8415 -18 48.4769
      vertex -43.2542 18 48.3517
      vertex -42.8415 18 48.4769
    endloop
  endfacet
  facet normal 0 1 0
    outer loop
      vertex -42.4123 -18 46.3192
      vertex -43.2542 -18 48.3517
      vertex -42.8415 -18 48.4769
    endloop
  endfacet
  facet normal 0 -1 0
    outer loop
      vertex -42.4123 18 46.3192
      vertex -42.8415 18 48.4769
      vertex -43.2542 18 48.3517
    endloop
  endfacet
  facet normal 0.471397 0 -0.881921
    outer loop
      vertex -43.2542 -18 48.3517
      vertex -43.6345 -18 48.1484
      vertex -43.6345 18 48.1484
    endloop
  endfacet
  facet normal 0.471397 0 -0.881921
    outer loop
      vertex -43.2542 -18 48.3517
      vertex -43.6345 18 48.1484
      vertex -43.2542 18 48.3517
    endloop
  endfacet
  facet normal 0 1 0
    outer loop
      vertex -42.4123 -18 46.3192
      vertex -43.6345 -18 48.1484
      vertex -43.2542 -18 48.3517
    endloop
  endfacet
  facet normal 0 -1 0
    outer loop
      vertex -42.4123 18 46.3192
      vertex -43.2542 18 48.3517
      vertex -43.6345 18 48.1484
    endloop
  endfacet
  facet normal 0.634393 0 -0.77301
    outer loop
      vertex -43.6345 -18 48.1484
      vertex -43.9679 -18 47.8748
      vertex -43.9679 18 47.8748
    endloop
  endfacet
  facet normal 0.634393 0 -0.77301
    outer loop
      vertex -43.6345 -18 48.1484
      vertex -43.9679 18 47.8748
      vertex -43.6345 18 48.1484
    endloop
  endfacet
  facet normal 0 1 0
    outer loop
      vertex -42.4123 -18 46.3192
      vertex -43.9679 -18 47.8748
      vertex -43.6345 -18 48.1484
    endloop
  endfacet
  facet normal 0 -1 0
    outer loop
      vertex -42.4123 18 46.3192
      vertex -43.6345 18 48.1484
      vertex -43.9679 18 47.8748
    endloop
  endfacet
  facet normal 0.77301 0 -0.634393
    outer loop
      vertex -43.9679 -18 47.8748
      vertex -44.2415 -18 47.5414
      vertex -44.2415 18 47.5414
    endloop
  endfacet
  facet normal 0.77301 0 -0.634393
    outer loop
      vertex -43.9679 -18 47.8748
      vertex -44.2415 18 47.5414
      vertex -43.9679 18 47.8748
    endloop
  endfacet
  facet normal 0 1 0
    outer loop
      vertex -42.4123 -18 46.3192
      vertex -44.2415 -18 47.5414
      vertex -43.9679 -18 47.8748
    endloop
  endfacet
  facet normal 0 -1 0
    outer loop
      vertex -42.4123 18 46.3192
      vertex -43.9679 18 47.8748
      vertex -44.2415 18 47.5414
    endloop
  endfacet
  facet normal 0.881921 0 -0.471397
    outer loop
      vertex -44.2415 -18 47.5414
      vertex -44.4448 -18 47.1611
      vertex -44.4448 18 47.1611
    endloop
  endfacet
  facet normal 0.881921 0 -0.471397
    outer loop
      vertex -44.2415 -18 47.5414
      vertex -44.4448 18 47.1611
      vertex -44.2415 18 47.5414
    endloop
  endfacet
  facet normal 0 1 0
    outer loop
      vertex -42.4123 -18 46.3192
      vertex -44.4448 -18 47.1611
      vertex -44.2415 -18 47.5414
    endloop
  endfacet
  facet normal 0 -1 0
    outer loop
      vertex -42.4123 18 46.3192
      vertex -44.2415 18 47.5414
      vertex -44.4448 18 47.1611
    endloop
  endfacet
  facet normal 0.95694 0 -0.290285
    outer loop
      vertex -44.4448 -18 47.1611
      vertex -44.57 -18 46.7484
      vertex -44.57 18 46.7484
    endloop
  endfacet
  facet normal 0.95694 0 -0.290285
    outer loop
      vertex -44.4448 -18 47.1611
      vertex -44.57 18 46.7484
      vertex -44.4448 18 47.1611
    endloop
  endfacet
  facet normal 0 1 0
    outer loop
      vertex -42.4123 -18 46.3192
      vertex -44.57 -18 46.7484
      vertex -44.4448 -18 47.1611
    endloop
  endfacet
  facet normal 0 -1 0
    outer loop
      vertex -42.4123 18 46.3192
      vertex -44.4448 18 47.1611
      vertex -44.57 18 46.7484
    endloop
  endfacet
  facet normal 0.995185 0 -0.0980171
    outer loop
      vertex -44.57 -18 46.7484
      vertex -44.6123 -18 46.3192
      vertex -44.6123 18 46.3192
    endloop
  endfacet
  facet normal 0.995185 0 -0.0980171
    outer loop
      vertex -44.57 -18 46.7484
      vertex -44.6123 18 46.3192
      vertex -44.57 18 46.7484
    endloop
  endfacet
  facet normal 0 1 0
    outer loop
      vertex -42.4123 -18 46.3192
      vertex -44.6123 -18 46.3192
      vertex -44.57 -18 46.7484
    endloop
  endfacet
  facet normal 0 -1 0
    outer loop
      vertex -42.4123 18 46.3192
      vertex -44.57 18 46.7484
      vertex -44.6123 18 46.3192
    endloop
  endfacet
  facet normal 0.995185 0 0.0980171
    outer loop
      vertex -44.6123 -18 46.3192
      vertex -44.57 -18 45.89
      vertex -44.57 18 45.89
    endloop
  endfacet
  facet normal 0.995185 -0 0.0980171
    outer loop
      vertex -44.6123 -18 46.3192
      vertex -44.57 18 45.89
      vertex -44.6123 18 46.3192
    endloop
  endfacet
  facet normal 0 1 0
    outer loop
      vertex -42.4123 -18 46.3192
      vertex -44.57 -18 45.89
      vertex -44.6123 -18 46.3192
    endloop
  endfacet
  facet normal -0 -1 0
    outer loop
      vertex -42.4123 18 46.3192
      vertex -44.6123 18 46.3192
      vertex -44.57 18 45.89
    endloop
  endfacet
  facet normal 0.95694 0 0.290285
    outer loop
      vertex -44.57 -18 45.89
      vertex -44.4448 -18 45.4773
      vertex -44.4448 18 45.4773
    endloop
  endfacet
  facet normal 0.95694 -0 0.290285
    outer loop
      vertex -44.57 -18 45.89
      vertex -44.4448 18 45.4773
      vertex -44.57 18 45.89
    endloop
  endfacet
  facet normal 0 1 0
    outer loop
      vertex -42.4123 -18 46.3192
      vertex -44.4448 -18 45.4773
      vertex -44.57 -18 45.89
    endloop
  endfacet
  facet normal 0 -1 0
    outer loop
      vertex -42.4123 18 46.3192
      vertex -44.57 18 45.89
      vertex -44.4448 18 45.4773
    endloop
  endfacet
  facet normal 0.881921 0 0.471397
    outer loop
      vertex -44.4448 -18 45.4773
      vertex -44.2415 -18 45.0969
      vertex -44.2415 18 45.0969
    endloop
  endfacet
  facet normal 0.881921 -0 0.471397
    outer loop
      vertex -44.4448 -18 45.4773
      vertex -44.2415 18 45.0969
      vertex -44.4448 18 45.4773
    endloop
  endfacet
  facet normal 0 1 0
    outer loop
      vertex -42.4123 -18 46.3192
      vertex -44.2415 -18 45.0969
      vertex -44.4448 -18 45.4773
    endloop
  endfacet
  facet normal 0 -1 0
    outer loop
      vertex -42.4123 18 46.3192
      vertex -44.4448 18 45.4773
      vertex -44.2415 18 45.0969
    endloop
  endfacet
  facet normal 0.77301 0 0.634393
    outer loop
      vertex -44.2415 -18 45.0969
      vertex -43.9679 -18 44.7636
      vertex -43.9679 18 44.7636
    endloop
  endfacet
  facet normal 0.77301 -0 0.634393
    outer loop
      vertex -44.2415 -18 45.0969
      vertex -43.9679 18 44.7636
      vertex -44.2415 18 45.0969
    endloop
  endfacet
  facet normal 0 1 0
    outer loop
      vertex -42.4123 -18 46.3192
      vertex -43.9679 -18 44.7636
      vertex -44.2415 -18 45.0969
    endloop
  endfacet
  facet normal 0 -1 0
    outer loop
      vertex -42.4123 18 46.3192
      vertex -44.2415 18 45.0969
      vertex -43.9679 18 44.7636
    endloop
  endfacet
  facet normal 0.634393 0 0.77301
    outer loop
      vertex -43.9679 -18 44.7636
      vertex -43.6345 -18 44.49
      vertex -43.6345 18 44.49
    endloop
  endfacet
  facet normal 0.634393 -0 0.77301
    outer loop
      vertex -43.9679 -18 44.7636
      vertex -43.6345 18 44.49
      vertex -43.9679 18 44.7636
    endloop
  endfacet
  facet normal 0 1 0
    outer loop
      vertex -42.4123 -18 46.3192
      vertex -43.6345 -18 44.49
      vertex -43.9679 -18 44.7636
    endloop
  endfacet
  facet normal 0 -1 0
    outer loop
      vertex -42.4123 18 46.3192
      vertex -43.9679 18 44.7636
      vertex -43.6345 18 44.49
    endloop
  endfacet
  facet normal 0.471397 0 0.881921
    outer loop
      vertex -43.6345 -18 44.49
      vertex -43.2542 -18 44.2867
      vertex -43.2542 18 44.2867
    endloop
  endfacet
  facet normal 0.471397 -0 0.881921
    outer loop
      vertex -43.6345 -18 44.49
      vertex -43.2542 18 44.2867
      vertex -43.6345 18 44.49
    endloop
  endfacet
  facet normal 0 1 0
    outer loop
      vertex -42.4123 -18 46.3192
      vertex -43.2542 -18 44.2867
      vertex -43.6345 -18 44.49
    endloop
  endfacet
  facet normal 0 -1 0
    outer loop
      vertex -42.4123 18 46.3192
      vertex -43.6345 18 44.49
      vertex -43.2542 18 44.2867
    endloop
  endfacet
  facet normal 0.290285 0 0.95694
    outer loop
      vertex -43.2542 -18 44.2867
      vertex -42.8415 -18 44.1615
      vertex -42.8415 18 44.1615
    endloop
  endfacet
  facet normal 0.290285 -0 0.95694
    outer loop
      vertex -43.2542 -18 44.2867
      vertex -42.8415 18 44.1615
      vertex -43.2542 18 44.2867
    endloop
  endfacet
  facet normal 0 1 0
    outer loop
      vertex -42.4123 -18 46.3192
      vertex -42.8415 -18 44.1615
      vertex -43.2542 -18 44.2867
    endloop
  endfacet
  facet normal 0 -1 0
    outer loop
      vertex -42.4123 18 46.3192
      vertex -43.2542 18 44.2867
      vertex -42.8415 18 44.1615
    endloop
  endfacet
  facet normal 0.0980171 0 0.995185
    outer loop
      vertex -42.8415 -18 44.1615
      vertex -42.4123 -18 44.1192
      vertex -42.4123 18 44.1192
    endloop
  endfacet
  facet normal 0.0980171 -0 0.995185
    outer loop
      vertex -42.8415 -18 44.1615
      vertex -42.4123 18 44.1192
      vertex -42.8415 18 44.1615
    endloop
  endfacet
  facet normal 0 1 0
    outer loop
      vertex -42.4123 -18 46.3192
      vertex -42.4123 -18 44.1192
      vertex -42.8415 -18 44.1615
    endloop
  endfacet
  facet normal 0 -1 -0
    outer loop
      vertex -42.4123 18 46.3192
      vertex -42.8415 18 44.1615
      vertex -42.4123 18 44.1192
    endloop
  endfacet
  facet normal -0.0980171 0 0.995185
    outer loop
      vertex -42.4123 -18 44.1192
      vertex -41.9831 -18 44.1615
      vertex -41.9831 18 44.1615
    endloop
  endfacet
  facet normal -0.0980171 0 0.995185
    outer loop
      vertex -42.4123 -18 44.1192
      vertex -41.9831 18 44.1615
      vertex -42.4123 18 44.1192
    endloop
  endfacet
  facet normal 0 1 0
    outer loop
      vertex -42.4123 -18 46.3192
      vertex -41.9831 -18 44.1615
      vertex -42.4123 -18 44.1192
    endloop
  endfacet
  facet normal 0 -1 0
    outer loop
      vertex -42.4123 18 46.3192
      vertex -42.4123 18 44.1192
      vertex -41.9831 18 44.1615
    endloop
  endfacet
  facet normal -0.290285 0 0.95694
    outer loop
      vertex -41.9831 -18 44.1615
      vertex -41.5704 -18 44.2867
      vertex -41.5704 18 44.2867
    endloop
  endfacet
  facet normal -0.290285 0 0.95694
    outer loop
      vertex -41.9831 -18 44.1615
      vertex -41.5704 18 44.2867
      vertex -41.9831 18 44.1615
    endloop
  endfacet
  facet normal 0 1 0
    outer loop
      vertex -42.4123 -18 46.3192
      vertex -41.5704 -18 44.2867
      vertex -41.9831 -18 44.1615
    endloop
  endfacet
  facet normal 0 -1 0
    outer loop
      vertex -42.4123 18 46.3192
      vertex -41.9831 18 44.1615
      vertex -41.5704 18 44.2867
    endloop
  endfacet
  facet normal -0.471397 0 0.881921
    outer loop
      vertex -41.5704 -18 44.2867
      vertex -41.19 -18 44.49
      vertex -41.19 18 44.49
    endloop
  endfacet
  facet normal -0.471397 0 0.881921
    outer loop
      vertex -41.5704 -18 44.2867
      vertex -41.19 18 44.49
      vertex -41.5704 18 44.2867
    endloop
  endfacet
  facet normal 0 1 0
    outer loop
      vertex -42.4123 -18 46.3192
      vertex -41.19 -18 44.49
      vertex -41.5704 -18 44.2867
    endloop
  endfacet
  facet normal 0 -1 0
    outer loop
      vertex -42.4123 18 46.3192
      vertex -41.5704 18 44.2867
      vertex -41.19 18 44.49
    endloop
  endfacet
  facet normal -0.634393 0 0.77301
    outer loop
      vertex -41.19 -18 44.49
      vertex -40.8567 -18 44.7636
      vertex -40.8567 18 44.7636
    endloop
  endfacet
  facet normal -0.634393 0 0.77301
    outer loop
      vertex -41.19 -18 44.49
      vertex -40.8567 18 44.7636
      vertex -41.19 18 44.49
    endloop
  endfacet
  facet normal 0 1 0
    outer loop
      vertex -42.4123 -18 46.3192
      vertex -40.8567 -18 44.7636
      vertex -41.19 -18 44.49
    endloop
  endfacet
  facet normal 0 -1 0
    outer loop
      vertex -42.4123 18 46.3192
      vertex -41.19 18 44.49
      vertex -40.8567 18 44.7636
    endloop
  endfacet
  facet normal -0.77301 0 0.634393
    outer loop
      vertex -40.8567 -18 44.7636
      vertex -40.5831 -18 45.0969
      vertex -40.5831 18 45.0969
    endloop
  endfacet
  facet normal -0.77301 0 0.634393
    outer loop
      vertex -40.8567 -18 44.7636
      vertex -40.5831 18 45.0969
      vertex -40.8567 18 44.7636
    endloop
  endfacet
  facet normal 0 1 0
    outer loop
      vertex -42.4123 -18 46.3192
      vertex -40.5831 -18 45.0969
      vertex -40.8567 -18 44.7636
    endloop
  endfacet
  facet normal 0 -1 0
    outer loop
      vertex -42.4123 18 46.3192
      vertex -40.8567 18 44.7636
      vertex -40.5831 18 45.0969
    endloop
  endfacet
  facet normal -0.881921 0 0.471397
    outer loop
      vertex -40.5831 -18 45.0969
      vertex -40.3798 -18 45.4773
      vertex -40.3798 18 45.4773
    endloop
  endfacet
  facet normal -0.881921 0 0.471397
    outer loop
      vertex -40.5831 -18 45.0969
      vertex -40.3798 18 45.4773
      vertex -40.5831 18 45.0969
    endloop
  endfacet
  facet normal 0 1 0
    outer loop
      vertex -42.4123 -18 46.3192
      vertex -40.3798 -18 45.4773
      vertex -40.5831 -18 45.0969
    endloop
  endfacet
  facet normal 0 -1 0
    outer loop
      vertex -42.4123 18 46.3192
      vertex -40.5831 18 45.0969
      vertex -40.3798 18 45.4773
    endloop
  endfacet
  facet normal -0.95694 0 0.290285
    outer loop
      vertex -40.3798 -18 45.4773
      vertex -40.2546 -18 45.89
      vertex -40.2546 18 45.89
    endloop
  endfacet
  facet normal -0.95694 0 0.290285
    outer loop
      vertex -40.3798 -18 45.4773
      vertex -40.2546 18 45.89
      vertex -40.3798 18 45.4773
    endloop
  endfacet
  facet normal 0 1 0
    outer loop
      vertex -42.4123 -18 46.3192
      vertex -40.2546 -18 45.89
      vertex -40.3798 -18 45.4773
    endloop
  endfacet
  facet normal 0 -1 0
    outer loop
      vertex -42.4123 18 46.3192
      vertex -40.3798 18 45.4773
      vertex -40.2546 18 45.89
    endloop
  endfacet
  facet normal -0.995185 0 0.0980171
    outer loop
      vertex -40.2546 -18 45.89
      vertex -40.2123 -18 46.3192
      vertex -40.2123 18 46.3192
    endloop
  endfacet
  facet normal -0.995185 0 0.0980171
    outer loop
      vertex -40.2546 -18 45.89
      vertex -40.2123 18 46.3192
      vertex -40.2546 18 45.89
    endloop
  endfacet
  facet normal -0 1 0
    outer loop
      vertex -42.4123 -18 46.3192
      vertex -40.2123 -18 46.3192
      vertex -40.2546 -18 45.89
    endloop
  endfacet
  facet normal 0 -1 0
    outer loop
      vertex -42.4123 18 46.3192
      vertex -40.2546 18 45.89
      vertex -40.2123 18 46.3192
    endloop
  endfacet
  facet normal -0.995185 0 -0.0980171
    outer loop
      vertex 78.3543 -18 64.8114
      vertex 78.312 -18 65.2406
      vertex 78.312 18 65.2406
    endloop
  endfacet
  facet normal -0.995185 0 -0.0980171
    outer loop
      vertex 78.3543 -18 64.8114
      vertex 78.312 18 65.2406
      vertex 78.3543 18 64.8114
    endloop
  endfacet
  facet normal 0 1 0
    outer loop
      vertex 76.1543 -18 64.8114
      vertex 78.312 -18 65.2406
      vertex 78.3543 -18 64.8114
    endloop
  endfacet
  facet normal 0 -1 0
    outer loop
      vertex 76.1543 18 64.8114
      vertex 78.3543 18 64.8114
      vertex 78.312 18 65.2406
    endloop
  endfacet
  facet normal -0.95694 0 -0.290285
    outer loop
      vertex 78.312 -18 65.2406
      vertex 78.1868 -18 65.6533
      vertex 78.1868 18 65.6533
    endloop
  endfacet
  facet normal -0.95694 0 -0.290285
    outer loop
      vertex 78.312 -18 65.2406
      vertex 78.1868 18 65.6533
      vertex 78.312 18 65.2406
    endloop
  endfacet
  facet normal 0 1 0
    outer loop
      vertex 76.1543 -18 64.8114
      vertex 78.1868 -18 65.6533
      vertex 78.312 -18 65.2406
    endloop
  endfacet
  facet normal 0 -1 0
    outer loop
      vertex 76.1543 18 64.8114
      vertex 78.312 18 65.2406
      vertex 78.1868 18 65.6533
    endloop
  endfacet
  facet normal -0.881921 0 -0.471397
    outer loop
      vertex 78.1868 -18 65.6533
      vertex 77.9835 -18 66.0337
      vertex 77.9835 18 66.0337
    endloop
  endfacet
  facet normal -0.881921 0 -0.471397
    outer loop
      vertex 78.1868 -18 65.6533
      vertex 77.9835 18 66.0337
      vertex 78.1868 18 65.6533
    endloop
  endfacet
  facet normal 0 1 0
    outer loop
      vertex 76.1543 -18 64.8114
      vertex 77.9835 -18 66.0337
      vertex 78.1868 -18 65.6533
    endloop
  endfacet
  facet normal 0 -1 0
    outer loop
      vertex 76.1543 18 64.8114
      vertex 78.1868 18 65.6533
      vertex 77.9835 18 66.0337
    endloop
  endfacet
  facet normal -0.77301 0 -0.634393
    outer loop
      vertex 77.9835 -18 66.0337
      vertex 77.7099 -18 66.3671
      vertex 77.7099 18 66.3671
    endloop
  endfacet
  facet normal -0.77301 0 -0.634393
    outer loop
      vertex 77.9835 -18 66.0337
      vertex 77.7099 18 66.3671
      vertex 77.9835 18 66.0337
    endloop
  endfacet
  facet normal 0 1 0
    outer loop
      vertex 76.1543 -18 64.8114
      vertex 77.7099 -18 66.3671
      vertex 77.9835 -18 66.0337
    endloop
  endfacet
  facet normal 0 -1 0
    outer loop
      vertex 76.1543 18 64.8114
      vertex 77.9835 18 66.0337
      vertex 77.7099 18 66.3671
    endloop
  endfacet
  facet normal -0.634393 0 -0.77301
    outer loop
      vertex 77.7099 -18 66.3671
      vertex 77.3766 -18 66.6407
      vertex 77.3766 18 66.6407
    endloop
  endfacet
  facet normal -0.634393 0 -0.77301
    outer loop
      vertex 77.7099 -18 66.3671
      vertex 77.3766 18 66.6407
      vertex 77.7099 18 66.3671
    endloop
  endfacet
  facet normal 0 1 0
    outer loop
      vertex 76.1543 -18 64.8114
      vertex 77.3766 -18 66.6407
      vertex 77.7099 -18 66.3671
    endloop
  endfacet
  facet normal 0 -1 0
    outer loop
      vertex 76.1543 18 64.8114
      vertex 77.7099 18 66.3671
      vertex 77.3766 18 66.6407
    endloop
  endfacet
  facet normal -0.471397 0 -0.881921
    outer loop
      vertex 77.3766 -18 66.6407
      vertex 76.9962 -18 66.844
      vertex 76.9962 18 66.844
    endloop
  endfacet
  facet normal -0.471397 0 -0.881921
    outer loop
      vertex 77.3766 -18 66.6407
      vertex 76.9962 18 66.844
      vertex 77.3766 18 66.6407
    endloop
  endfacet
  facet normal 0 1 0
    outer loop
      vertex 76.1543 -18 64.8114
      vertex 76.9962 -18 66.844
      vertex 77.3766 -18 66.6407
    endloop
  endfacet
  facet normal 0 -1 0
    outer loop
      vertex 76.1543 18 64.8114
      vertex 77.3766 18 66.6407
      vertex 76.9962 18 66.844
    endloop
  endfacet
  facet normal -0.290285 0 -0.95694
    outer loop
      vertex 76.9962 -18 66.844
      vertex 76.5835 -18 66.9692
      vertex 76.5835 18 66.9692
    endloop
  endfacet
  facet normal -0.290285 0 -0.95694
    outer loop
      vertex 76.9962 -18 66.844
      vertex 76.5835 18 66.9692
      vertex 76.9962 18 66.844
    endloop
  endfacet
  facet normal 0 1 0
    outer loop
      vertex 76.1543 -18 64.8114
      vertex 76.5835 -18 66.9692
      vertex 76.9962 -18 66.844
    endloop
  endfacet
  facet normal 0 -1 0
    outer loop
      vertex 76.1543 18 64.8114
      vertex 76.9962 18 66.844
      vertex 76.5835 18 66.9692
    endloop
  endfacet
  facet normal -0.0980171 0 -0.995185
    outer loop
      vertex 76.5835 -18 66.9692
      vertex 76.1543 -18 67.0114
      vertex 76.1543 18 67.0114
    endloop
  endfacet
  facet normal -0.0980171 0 -0.995185
    outer loop
      vertex 76.5835 -18 66.9692
      vertex 76.1543 18 67.0114
      vertex 76.5835 18 66.9692
    endloop
  endfacet
  facet normal 0 1 0
    outer loop
      vertex 76.1543 -18 64.8114
      vertex 76.1543 -18 67.0114
      vertex 76.5835 -18 66.9692
    endloop
  endfacet
  facet normal 0 -1 0
    outer loop
      vertex 76.1543 18 64.8114
      vertex 76.5835 18 66.9692
      vertex 76.1543 18 67.0114
    endloop
  endfacet
  facet normal 0.0980171 0 -0.995185
    outer loop
      vertex 76.1543 -18 67.0114
      vertex 75.7251 -18 66.9692
      vertex 75.7251 18 66.9692
    endloop
  endfacet
  facet normal 0.0980171 0 -0.995185
    outer loop
      vertex 76.1543 -18 67.0114
      vertex 75.7251 18 66.9692
      vertex 76.1543 18 67.0114
    endloop
  endfacet
  facet normal 0 1 -0
    outer loop
      vertex 76.1543 -18 64.8114
      vertex 75.7251 -18 66.9692
      vertex 76.1543 -18 67.0114
    endloop
  endfacet
  facet normal 0 -1 0
    outer loop
      vertex 76.1543 18 64.8114
      vertex 76.1543 18 67.0114
      vertex 75.7251 18 66.9692
    endloop
  endfacet
  facet normal 0.290285 0 -0.95694
    outer loop
      vertex 75.7251 -18 66.9692
      vertex 75.3124 -18 66.844
      vertex 75.3124 18 66.844
    endloop
  endfacet
  facet normal 0.290285 0 -0.95694
    outer loop
      vertex 75.7251 -18 66.9692
      vertex 75.3124 18 66.844
      vertex 75.7251 18 66.9692
    endloop
  endfacet
  facet normal 0 1 0
    outer loop
      vertex 76.1543 -18 64.8114
      vertex 75.3124 -18 66.844
      vertex 75.7251 -18 66.9692
    endloop
  endfacet
  facet normal 0 -1 0
    outer loop
      vertex 76.1543 18 64.8114
      vertex 75.7251 18 66.9692
      vertex 75.3124 18 66.844
    endloop
  endfacet
  facet normal 0.471397 0 -0.881921
    outer loop
      vertex 75.3124 -18 66.844
      vertex 74.932 -18 66.6407
      vertex 74.932 18 66.6407
    endloop
  endfacet
  facet normal 0.471397 0 -0.881921
    outer loop
      vertex 75.3124 -18 66.844
      vertex 74.932 18 66.6407
      vertex 75.3124 18 66.844
    endloop
  endfacet
  facet normal 0 1 0
    outer loop
      vertex 76.1543 -18 64.8114
      vertex 74.932 -18 66.6407
      vertex 75.3124 -18 66.844
    endloop
  endfacet
  facet normal 0 -1 0
    outer loop
      vertex 76.1543 18 64.8114
      vertex 75.3124 18 66.844
      vertex 74.932 18 66.6407
    endloop
  endfacet
  facet normal 0.634393 0 -0.77301
    outer loop
      vertex 74.932 -18 66.6407
      vertex 74.5987 -18 66.3671
      vertex 74.5987 18 66.3671
    endloop
  endfacet
  facet normal 0.634393 0 -0.77301
    outer loop
      vertex 74.932 -18 66.6407
      vertex 74.5987 18 66.3671
      vertex 74.932 18 66.6407
    endloop
  endfacet
  facet normal 0 1 0
    outer loop
      vertex 76.1543 -18 64.8114
      vertex 74.5987 -18 66.3671
      vertex 74.932 -18 66.6407
    endloop
  endfacet
  facet normal 0 -1 0
    outer loop
      vertex 76.1543 18 64.8114
      vertex 74.932 18 66.6407
      vertex 74.5987 18 66.3671
    endloop
  endfacet
  facet normal 0.77301 0 -0.634393
    outer loop
      vertex 74.5987 -18 66.3671
      vertex 74.3251 -18 66.0337
      vertex 74.3251 18 66.0337
    endloop
  endfacet
  facet normal 0.77301 0 -0.634393
    outer loop
      vertex 74.5987 -18 66.3671
      vertex 74.3251 18 66.0337
      vertex 74.5987 18 66.3671
    endloop
  endfacet
  facet normal 0 1 0
    outer loop
      vertex 76.1543 -18 64.8114
      vertex 74.3251 -18 66.0337
      vertex 74.5987 -18 66.3671
    endloop
  endfacet
  facet normal 0 -1 0
    outer loop
      vertex 76.1543 18 64.8114
      vertex 74.5987 18 66.3671
      vertex 74.3251 18 66.0337
    endloop
  endfacet
  facet normal 0.881921 0 -0.471397
    outer loop
      vertex 74.3251 -18 66.0337
      vertex 74.1218 -18 65.6533
      vertex 74.1218 18 65.6533
    endloop
  endfacet
  facet normal 0.881921 0 -0.471397
    outer loop
      vertex 74.3251 -18 66.0337
      vertex 74.1218 18 65.6533
      vertex 74.3251 18 66.0337
    endloop
  endfacet
  facet normal 0 1 0
    outer loop
      vertex 76.1543 -18 64.8114
      vertex 74.1218 -18 65.6533
      vertex 74.3251 -18 66.0337
    endloop
  endfacet
  facet normal 0 -1 0
    outer loop
      vertex 76.1543 18 64.8114
      vertex 74.3251 18 66.0337
      vertex 74.1218 18 65.6533
    endloop
  endfacet
  facet normal 0.95694 0 -0.290285
    outer loop
      vertex 74.1218 -18 65.6533
      vertex 73.9966 -18 65.2406
      vertex 73.9966 18 65.2406
    endloop
  endfacet
  facet normal 0.95694 0 -0.290285
    outer loop
      vertex 74.1218 -18 65.6533
      vertex 73.9966 18 65.2406
      vertex 74.1218 18 65.6533
    endloop
  endfacet
  facet normal 0 1 0
    outer loop
      vertex 76.1543 -18 64.8114
      vertex 73.9966 -18 65.2406
      vertex 74.1218 -18 65.6533
    endloop
  endfacet
  facet normal 0 -1 0
    outer loop
      vertex 76.1543 18 64.8114
      vertex 74.1218 18 65.6533
      vertex 73.9966 18 65.2406
    endloop
  endfacet
  facet normal 0.995185 0 -0.0980171
    outer loop
      vertex 73.9966 -18 65.2406
      vertex 73.9543 -18 64.8114
      vertex 73.9543 18 64.8114
    endloop
  endfacet
  facet normal 0.995185 0 -0.0980171
    outer loop
      vertex 73.9966 -18 65.2406
      vertex 73.9543 18 64.8114
      vertex 73.9966 18 65.2406
    endloop
  endfacet
  facet normal 0 1 0
    outer loop
      vertex 76.1543 -18 64.8114
      vertex 73.9543 -18 64.8114
      vertex 73.9966 -18 65.2406
    endloop
  endfacet
  facet normal 0 -1 0
    outer loop
      vertex 76.1543 18 64.8114
      vertex 73.9966 18 65.2406
      vertex 73.9543 18 64.8114
    endloop
  endfacet
  facet normal 0.995185 0 0.0980171
    outer loop
      vertex 73.9543 -18 64.8114
      vertex 73.9966 -18 64.3822
      vertex 73.9966 18 64.3822
    endloop
  endfacet
  facet normal 0.995185 -0 0.0980171
    outer loop
      vertex 73.9543 -18 64.8114
      vertex 73.9966 18 64.3822
      vertex 73.9543 18 64.8114
    endloop
  endfacet
  facet normal 0 1 0
    outer loop
      vertex 76.1543 -18 64.8114
      vertex 73.9966 -18 64.3822
      vertex 73.9543 -18 64.8114
    endloop
  endfacet
  facet normal -0 -1 0
    outer loop
      vertex 76.1543 18 64.8114
      vertex 73.9543 18 64.8114
      vertex 73.9966 18 64.3822
    endloop
  endfacet
  facet normal 0.95694 0 0.290285
    outer loop
      vertex 73.9966 -18 64.3822
      vertex 74.1218 -18 63.9695
      vertex 74.1218 18 63.9695
    endloop
  endfacet
  facet normal 0.95694 -0 0.290285
    outer loop
      vertex 73.9966 -18 64.3822
      vertex 74.1218 18 63.9695
      vertex 73.9966 18 64.3822
    endloop
  endfacet
  facet normal 0 1 0
    outer loop
      vertex 76.1543 -18 64.8114
      vertex 74.1218 -18 63.9695
      vertex 73.9966 -18 64.3822
    endloop
  endfacet
  facet normal 0 -1 0
    outer loop
      vertex 76.1543 18 64.8114
      vertex 73.9966 18 64.3822
      vertex 74.1218 18 63.9695
    endloop
  endfacet
  facet normal 0.881921 0 0.471397
    outer loop
      vertex 74.1218 -18 63.9695
      vertex 74.3251 -18 63.5892
      vertex 74.3251 18 63.5892
    endloop
  endfacet
  facet normal 0.881921 -0 0.471397
    outer loop
      vertex 74.1218 -18 63.9695
      vertex 74.3251 18 63.5892
      vertex 74.1218 18 63.9695
    endloop
  endfacet
  facet normal 0 1 0
    outer loop
      vertex 76.1543 -18 64.8114
      vertex 74.3251 -18 63.5892
      vertex 74.1218 -18 63.9695
    endloop
  endfacet
  facet normal 0 -1 0
    outer loop
      vertex 76.1543 18 64.8114
      vertex 74.1218 18 63.9695
      vertex 74.3251 18 63.5892
    endloop
  endfacet
  facet normal 0.77301 0 0.634393
    outer loop
      vertex 74.3251 -18 63.5892
      vertex 74.5987 -18 63.2558
      vertex 74.5987 18 63.2558
    endloop
  endfacet
  facet normal 0.77301 -0 0.634393
    outer loop
      vertex 74.3251 -18 63.5892
      vertex 74.5987 18 63.2558
      vertex 74.3251 18 63.5892
    endloop
  endfacet
  facet normal 0 1 0
    outer loop
      vertex 76.1543 -18 64.8114
      vertex 74.5987 -18 63.2558
      vertex 74.3251 -18 63.5892
    endloop
  endfacet
  facet normal 0 -1 0
    outer loop
      vertex 76.1543 18 64.8114
      vertex 74.3251 18 63.5892
      vertex 74.5987 18 63.2558
    endloop
  endfacet
  facet normal 0.634393 0 0.77301
    outer loop
      vertex 74.5987 -18 63.2558
      vertex 74.932 -18 62.9822
      vertex 74.932 18 62.9822
    endloop
  endfacet
  facet normal 0.634393 -0 0.77301
    outer loop
      vertex 74.5987 -18 63.2558
      vertex 74.932 18 62.9822
      vertex 74.5987 18 63.2558
    endloop
  endfacet
  facet normal 0 1 0
    outer loop
      vertex 76.1543 -18 64.8114
      vertex 74.932 -18 62.9822
      vertex 74.5987 -18 63.2558
    endloop
  endfacet
  facet normal 0 -1 0
    outer loop
      vertex 76.1543 18 64.8114
      vertex 74.5987 18 63.2558
      vertex 74.932 18 62.9822
    endloop
  endfacet
  facet normal 0.471397 0 0.881921
    outer loop
      vertex 74.932 -18 62.9822
      vertex 75.3124 -18 62.7789
      vertex 75.3124 18 62.7789
    endloop
  endfacet
  facet normal 0.471397 -0 0.881921
    outer loop
      vertex 74.932 -18 62.9822
      vertex 75.3124 18 62.7789
      vertex 74.932 18 62.9822
    endloop
  endfacet
  facet normal 0 1 0
    outer loop
      vertex 76.1543 -18 64.8114
      vertex 75.3124 -18 62.7789
      vertex 74.932 -18 62.9822
    endloop
  endfacet
  facet normal 0 -1 0
    outer loop
      vertex 76.1543 18 64.8114
      vertex 74.932 18 62.9822
      vertex 75.3124 18 62.7789
    endloop
  endfacet
  facet normal 0.290285 0 0.95694
    outer loop
      vertex 75.3124 -18 62.7789
      vertex 75.7251 -18 62.6537
      vertex 75.7251 18 62.6537
    endloop
  endfacet
  facet normal 0.290285 -0 0.95694
    outer loop
      vertex 75.3124 -18 62.7789
      vertex 75.7251 18 62.6537
      vertex 75.3124 18 62.7789
    endloop
  endfacet
  facet normal 0 1 0
    outer loop
      vertex 76.1543 -18 64.8114
      vertex 75.7251 -18 62.6537
      vertex 75.3124 -18 62.7789
    endloop
  endfacet
  facet normal 0 -1 0
    outer loop
      vertex 76.1543 18 64.8114
      vertex 75.3124 18 62.7789
      vertex 75.7251 18 62.6537
    endloop
  endfacet
  facet normal 0.0980171 0 0.995185
    outer loop
      vertex 75.7251 -18 62.6537
      vertex 76.1543 -18 62.6114
      vertex 76.1543 18 62.6114
    endloop
  endfacet
  facet normal 0.0980171 -0 0.995185
    outer loop
      vertex 75.7251 -18 62.6537
      vertex 76.1543 18 62.6114
      vertex 75.7251 18 62.6537
    endloop
  endfacet
  facet normal 0 1 0
    outer loop
      vertex 76.1543 -18 64.8114
      vertex 76.1543 -18 62.6114
      vertex 75.7251 -18 62.6537
    endloop
  endfacet
  facet normal 0 -1 -0
    outer loop
      vertex 76.1543 18 64.8114
      vertex 75.7251 18 62.6537
      vertex 76.1543 18 62.6114
    endloop
  endfacet
  facet normal -0.0980171 0 0.995185
    outer loop
      vertex 76.1543 -18 62.6114
      vertex 76.5835 -18 62.6537
      vertex 76.5835 18 62.6537
    endloop
  endfacet
  facet normal -0.0980171 0 0.995185
    outer loop
      vertex 76.1543 -18 62.6114
      vertex 76.5835 18 62.6537
      vertex 76.1543 18 62.6114
    endloop
  endfacet
  facet normal 0 1 0
    outer loop
      vertex 76.1543 -18 64.8114
      vertex 76.5835 -18 62.6537
      vertex 76.1543 -18 62.6114
    endloop
  endfacet
  facet normal 0 -1 0
    outer loop
      vertex 76.1543 18 64.8114
      vertex 76.1543 18 62.6114
      vertex 76.5835 18 62.6537
    endloop
  endfacet
  facet normal -0.290285 0 0.95694
    outer loop
      vertex 76.5835 -18 62.6537
      vertex 76.9962 -18 62.7789
      vertex 76.9962 18 62.7789
    endloop
  endfacet
  facet normal -0.290285 0 0.95694
    outer loop
      vertex 76.5835 -18 62.6537
      vertex 76.9962 18 62.7789
      vertex 76.5835 18 62.6537
    endloop
  endfacet
  facet normal 0 1 0
    outer loop
      vertex 76.1543 -18 64.8114
      vertex 76.9962 -18 62.7789
      vertex 76.5835 -18 62.6537
    endloop
  endfacet
  facet normal 0 -1 0
    outer loop
      vertex 76.1543 18 64.8114
      vertex 76.5835 18 62.6537
      vertex 76.9962 18 62.7789
    endloop
  endfacet
  facet normal -0.471397 0 0.881921
    outer loop
      vertex 76.9962 -18 62.7789
      vertex 77.3766 -18 62.9822
      vertex 77.3766 18 62.9822
    endloop
  endfacet
  facet normal -0.471397 0 0.881921
    outer loop
      vertex 76.9962 -18 62.7789
      vertex 77.3766 18 62.9822
      vertex 76.9962 18 62.7789
    endloop
  endfacet
  facet normal 0 1 0
    outer loop
      vertex 76.1543 -18 64.8114
      vertex 77.3766 -18 62.9822
      vertex 76.9962 -18 62.7789
    endloop
  endfacet
  facet normal 0 -1 0
    outer loop
      vertex 76.1543 18 64.8114
      vertex 76.9962 18 62.7789
      vertex 77.3766 18 62.9822
    endloop
  endfacet
  facet normal -0.634393 0 0.77301
    outer loop
      vertex 77.3766 -18 62.9822
      vertex 77.7099 -18 63.2558
      vertex 77.7099 18 63.2558
    endloop
  endfacet
  facet normal -0.634393 0 0.77301
    outer loop
      vertex 77.3766 -18 62.9822
      vertex 77.7099 18 63.2558
      vertex 77.3766 18 62.9822
    endloop
  endfacet
  facet normal 0 1 0
    outer loop
      vertex 76.1543 -18 64.8114
      vertex 77.7099 -18 63.2558
      vertex 77.3766 -18 62.9822
    endloop
  endfacet
  facet normal 0 -1 0
    outer loop
      vertex 76.1543 18 64.8114
      vertex 77.3766 18 62.9822
      vertex 77.7099 18 63.2558
    endloop
  endfacet
  facet normal -0.77301 0 0.634393
    outer loop
      vertex 77.7099 -18 63.2558
      vertex 77.9835 -18 63.5892
      vertex 77.9835 18 63.5892
    endloop
  endfacet
  facet normal -0.77301 0 0.634393
    outer loop
      vertex 77.7099 -18 63.2558
      vertex 77.9835 18 63.5892
      vertex 77.7099 18 63.2558
    endloop
  endfacet
  facet normal 0 1 0
    outer loop
      vertex 76.1543 -18 64.8114
      vertex 77.9835 -18 63.5892
      vertex 77.7099 -18 63.2558
    endloop
  endfacet
  facet normal 0 -1 0
    outer loop
      vertex 76.1543 18 64.8114
      vertex 77.7099 18 63.2558
      vertex 77.9835 18 63.5892
    endloop
  endfacet
  facet normal -0.881921 0 0.471397
    outer loop
      vertex 77.9835 -18 63.5892
      vertex 78.1868 -18 63.9695
      vertex 78.1868 18 63.9695
    endloop
  endfacet
  facet normal -0.881921 0 0.471397
    outer loop
      vertex 77.9835 -18 63.5892
      vertex 78.1868 18 63.9695
      vertex 77.9835 18 63.5892
    endloop
  endfacet
  facet normal 0 1 0
    outer loop
      vertex 76.1543 -18 64.8114
      vertex 78.1868 -18 63.9695
      vertex 77.9835 -18 63.5892
    endloop
  endfacet
  facet normal 0 -1 0
    outer loop
      vertex 76.1543 18 64.8114
      vertex 77.9835 18 63.5892
      vertex 78.1868 18 63.9695
    endloop
  endfacet
  facet normal -0.95694 0 0.290285
    outer loop
      vertex 78.1868 -18 63.9695
      vertex 78.312 -18 64.3822
      vertex 78.312 18 64.3822
    endloop
  endfacet
  facet normal -0.95694 0 0.290285
    outer loop
      vertex 78.1868 -18 63.9695
      vertex 78.312 18 64.3822
      vertex 78.1868 18 63.9695
    endloop
  endfacet
  facet normal 0 1 0
    outer loop
      vertex 76.1543 -18 64.8114
      vertex 78.312 -18 64.3822
      vertex 78.1868 -18 63.9695
    endloop
  endfacet
  facet normal 0 -1 0
    outer loop
      vertex 76.1543 18 64.8114
      vertex 78.1868 18 63.9695
      vertex 78.312 18 64.3822
    endloop
  endfacet
  facet normal -0.995185 0 0.0980171
    outer loop
      vertex 78.312 -18 64.3822
      vertex 78.3543 -18 64.8114
      vertex 78.3543 18 64.8114
    endloop
  endfacet
  facet normal -0.995185 0 0.0980171
    outer loop
      vertex 78.312 -18 64.3822
      vertex 78.3543 18 64.8114
      vertex 78.312 18 64.3822
    endloop
  endfacet
  facet normal -0 1 0
    outer loop
      vertex 76.1543 -18 64.8114
      vertex 78.3543 -18 64.8114
      vertex 78.312 -18 64.3822
    endloop
  endfacet
  facet normal 0 -1 0
    outer loop
      vertex 76.1543 18 64.8114
      vertex 78.312 18 64.3822
      vertex 78.3543 18 64.8114
    endloop
  endfacet
  facet normal -0.995185 0 -0.0980171
    outer loop
      vertex -36.6669 -18 144.624
      vertex -36.7092 -18 145.054
      vertex -36.7092 18 145.054
    endloop
  endfacet
  facet normal -0.995185 0 -0.0980171
    outer loop
      vertex -36.6669 -18 144.624
      vertex -36.7092 18 145.054
      vertex -36.6669 18 144.624
    endloop
  endfacet
  facet normal 0 1 0
    outer loop
      vertex -38.8669 -18 144.624
      vertex -36.7092 -18 145.054
      vertex -36.6669 -18 144.624
    endloop
  endfacet
  facet normal 0 -1 0
    outer loop
      vertex -38.8669 18 144.624
      vertex -36.6669 18 144.624
      vertex -36.7092 18 145.054
    endloop
  endfacet
  facet normal -0.95694 0 -0.290285
    outer loop
      vertex -36.7092 -18 145.054
      vertex -36.8344 -18 145.466
      vertex -36.8344 18 145.466
    endloop
  endfacet
  facet normal -0.95694 0 -0.290285
    outer loop
      vertex -36.7092 -18 145.054
      vertex -36.8344 18 145.466
      vertex -36.7092 18 145.054
    endloop
  endfacet
  facet normal 0 1 0
    outer loop
      vertex -38.8669 -18 144.624
      vertex -36.8344 -18 145.466
      vertex -36.7092 -18 145.054
    endloop
  endfacet
  facet normal 0 -1 0
    outer loop
      vertex -38.8669 18 144.624
      vertex -36.7092 18 145.054
      vertex -36.8344 18 145.466
    endloop
  endfacet
  facet normal -0.881921 0 -0.471397
    outer loop
      vertex -36.8344 -18 145.466
      vertex -37.0377 -18 145.847
      vertex -37.0377 18 145.847
    endloop
  endfacet
  facet normal -0.881921 0 -0.471397
    outer loop
      vertex -36.8344 -18 145.466
      vertex -37.0377 18 145.847
      vertex -36.8344 18 145.466
    endloop
  endfacet
  facet normal 0 1 0
    outer loop
      vertex -38.8669 -18 144.624
      vertex -37.0377 -18 145.847
      vertex -36.8344 -18 145.466
    endloop
  endfacet
  facet normal 0 -1 0
    outer loop
      vertex -38.8669 18 144.624
      vertex -36.8344 18 145.466
      vertex -37.0377 18 145.847
    endloop
  endfacet
  facet normal -0.77301 0 -0.634393
    outer loop
      vertex -37.0377 -18 145.847
      vertex -37.3113 -18 146.18
      vertex -37.3113 18 146.18
    endloop
  endfacet
  facet normal -0.77301 0 -0.634393
    outer loop
      vertex -37.0377 -18 145.847
      vertex -37.3113 18 146.18
      vertex -37.0377 18 145.847
    endloop
  endfacet
  facet normal 0 1 0
    outer loop
      vertex -38.8669 -18 144.624
      vertex -37.3113 -18 146.18
      vertex -37.0377 -18 145.847
    endloop
  endfacet
  facet normal 0 -1 0
    outer loop
      vertex -38.8669 18 144.624
      vertex -37.0377 18 145.847
      vertex -37.3113 18 146.18
    endloop
  endfacet
  facet normal -0.634393 0 -0.77301
    outer loop
      vertex -37.3113 -18 146.18
      vertex -37.6447 -18 146.454
      vertex -37.6447 18 146.454
    endloop
  endfacet
  facet normal -0.634393 0 -0.77301
    outer loop
      vertex -37.3113 -18 146.18
      vertex -37.6447 18 146.454
      vertex -37.3113 18 146.18
    endloop
  endfacet
  facet normal 0 1 0
    outer loop
      vertex -38.8669 -18 144.624
      vertex -37.6447 -18 146.454
      vertex -37.3113 -18 146.18
    endloop
  endfacet
  facet normal 0 -1 0
    outer loop
      vertex -38.8669 18 144.624
      vertex -37.3113 18 146.18
      vertex -37.6447 18 146.454
    endloop
  endfacet
  facet normal -0.471397 0 -0.881921
    outer loop
      vertex -37.6447 -18 146.454
      vertex -38.025 -18 146.657
      vertex -38.025 18 146.657
    endloop
  endfacet
  facet normal -0.471397 0 -0.881921
    outer loop
      vertex -37.6447 -18 146.454
      vertex -38.025 18 146.657
      vertex -37.6447 18 146.454
    endloop
  endfacet
  facet normal 0 1 0
    outer loop
      vertex -38.8669 -18 144.624
      vertex -38.025 -18 146.657
      vertex -37.6447 -18 146.454
    endloop
  endfacet
  facet normal 0 -1 0
    outer loop
      vertex -38.8669 18 144.624
      vertex -37.6447 18 146.454
      vertex -38.025 18 146.657
    endloop
  endfacet
  facet normal -0.290285 0 -0.95694
    outer loop
      vertex -38.025 -18 146.657
      vertex -38.4377 -18 146.782
      vertex -38.4377 18 146.782
    endloop
  endfacet
  facet normal -0.290285 0 -0.95694
    outer loop
      vertex -38.025 -18 146.657
      vertex -38.4377 18 146.782
      vertex -38.025 18 146.657
    endloop
  endfacet
  facet normal 0 1 0
    outer loop
      vertex -38.8669 -18 144.624
      vertex -38.4377 -18 146.782
      vertex -38.025 -18 146.657
    endloop
  endfacet
  facet normal 0 -1 0
    outer loop
      vertex -38.8669 18 144.624
      vertex -38.025 18 146.657
      vertex -38.4377 18 146.782
    endloop
  endfacet
  facet normal -0.0980171 0 -0.995185
    outer loop
      vertex -38.4377 -18 146.782
      vertex -38.8669 -18 146.824
      vertex -38.8669 18 146.824
    endloop
  endfacet
  facet normal -0.0980171 0 -0.995185
    outer loop
      vertex -38.4377 -18 146.782
      vertex -38.8669 18 146.824
      vertex -38.4377 18 146.782
    endloop
  endfacet
  facet normal 0 1 0
    outer loop
      vertex -38.8669 -18 144.624
      vertex -38.8669 -18 146.824
      vertex -38.4377 -18 146.782
    endloop
  endfacet
  facet normal 0 -1 0
    outer loop
      vertex -38.8669 18 144.624
      vertex -38.4377 18 146.782
      vertex -38.8669 18 146.824
    endloop
  endfacet
  facet normal 0.0980171 0 -0.995185
    outer loop
      vertex -38.8669 -18 146.824
      vertex -39.2961 -18 146.782
      vertex -39.2961 18 146.782
    endloop
  endfacet
  facet normal 0.0980171 0 -0.995185
    outer loop
      vertex -38.8669 -18 146.824
      vertex -39.2961 18 146.782
      vertex -38.8669 18 146.824
    endloop
  endfacet
  facet normal 0 1 -0
    outer loop
      vertex -38.8669 -18 144.624
      vertex -39.2961 -18 146.782
      vertex -38.8669 -18 146.824
    endloop
  endfacet
  facet normal 0 -1 0
    outer loop
      vertex -38.8669 18 144.624
      vertex -38.8669 18 146.824
      vertex -39.2961 18 146.782
    endloop
  endfacet
  facet normal 0.290285 0 -0.95694
    outer loop
      vertex -39.2961 -18 146.782
      vertex -39.7088 -18 146.657
      vertex -39.7088 18 146.657
    endloop
  endfacet
  facet normal 0.290285 0 -0.95694
    outer loop
      vertex -39.2961 -18 146.782
      vertex -39.7088 18 146.657
      vertex -39.2961 18 146.782
    endloop
  endfacet
  facet normal 0 1 0
    outer loop
      vertex -38.8669 -18 144.624
      vertex -39.7088 -18 146.657
      vertex -39.2961 -18 146.782
    endloop
  endfacet
  facet normal 0 -1 0
    outer loop
      vertex -38.8669 18 144.624
      vertex -39.2961 18 146.782
      vertex -39.7088 18 146.657
    endloop
  endfacet
  facet normal 0.471397 0 -0.881921
    outer loop
      vertex -39.7088 -18 146.657
      vertex -40.0892 -18 146.454
      vertex -40.0892 18 146.454
    endloop
  endfacet
  facet normal 0.471397 0 -0.881921
    outer loop
      vertex -39.7088 -18 146.657
      vertex -40.0892 18 146.454
      vertex -39.7088 18 146.657
    endloop
  endfacet
  facet normal 0 1 0
    outer loop
      vertex -38.8669 -18 144.624
      vertex -40.0892 -18 146.454
      vertex -39.7088 -18 146.657
    endloop
  endfacet
  facet normal 0 -1 0
    outer loop
      vertex -38.8669 18 144.624
      vertex -39.7088 18 146.657
      vertex -40.0892 18 146.454
    endloop
  endfacet
  facet normal 0.634393 0 -0.77301
    outer loop
      vertex -40.0892 -18 146.454
      vertex -40.4226 -18 146.18
      vertex -40.4226 18 146.18
    endloop
  endfacet
  facet normal 0.634393 0 -0.77301
    outer loop
      vertex -40.0892 -18 146.454
      vertex -40.4226 18 146.18
      vertex -40.0892 18 146.454
    endloop
  endfacet
  facet normal 0 1 0
    outer loop
      vertex -38.8669 -18 144.624
      vertex -40.4226 -18 146.18
      vertex -40.0892 -18 146.454
    endloop
  endfacet
  facet normal 0 -1 0
    outer loop
      vertex -38.8669 18 144.624
      vertex -40.0892 18 146.454
      vertex -40.4226 18 146.18
    endloop
  endfacet
  facet normal 0.77301 0 -0.634393
    outer loop
      vertex -40.4226 -18 146.18
      vertex -40.6962 -18 145.847
      vertex -40.6962 18 145.847
    endloop
  endfacet
  facet normal 0.77301 0 -0.634393
    outer loop
      vertex -40.4226 -18 146.18
      vertex -40.6962 18 145.847
      vertex -40.4226 18 146.18
    endloop
  endfacet
  facet normal 0 1 0
    outer loop
      vertex -38.8669 -18 144.624
      vertex -40.6962 -18 145.847
      vertex -40.4226 -18 146.18
    endloop
  endfacet
  facet normal 0 -1 0
    outer loop
      vertex -38.8669 18 144.624
      vertex -40.4226 18 146.18
      vertex -40.6962 18 145.847
    endloop
  endfacet
  facet normal 0.881921 0 -0.471397
    outer loop
      vertex -40.6962 -18 145.847
      vertex -40.8995 -18 145.466
      vertex -40.8995 18 145.466
    endloop
  endfacet
  facet normal 0.881921 0 -0.471397
    outer loop
      vertex -40.6962 -18 145.847
      vertex -40.8995 18 145.466
      vertex -40.6962 18 145.847
    endloop
  endfacet
  facet normal 0 1 0
    outer loop
      vertex -38.8669 -18 144.624
      vertex -40.8995 -18 145.466
      vertex -40.6962 -18 145.847
    endloop
  endfacet
  facet normal 0 -1 0
    outer loop
      vertex -38.8669 18 144.624
      vertex -40.6962 18 145.847
      vertex -40.8995 18 145.466
    endloop
  endfacet
  facet normal 0.95694 0 -0.290285
    outer loop
      vertex -40.8995 -18 145.466
      vertex -41.0247 -18 145.054
      vertex -41.0247 18 145.054
    endloop
  endfacet
  facet normal 0.95694 0 -0.290285
    outer loop
      vertex -40.8995 -18 145.466
      vertex -41.0247 18 145.054
      vertex -40.8995 18 145.466
    endloop
  endfacet
  facet normal 0 1 0
    outer loop
      vertex -38.8669 -18 144.624
      vertex -41.0247 -18 145.054
      vertex -40.8995 -18 145.466
    endloop
  endfacet
  facet normal 0 -1 0
    outer loop
      vertex -38.8669 18 144.624
      vertex -40.8995 18 145.466
      vertex -41.0247 18 145.054
    endloop
  endfacet
  facet normal 0.995185 0 -0.0980171
    outer loop
      vertex -41.0247 -18 145.054
      vertex -41.0669 -18 144.624
      vertex -41.0669 18 144.624
    endloop
  endfacet
  facet normal 0.995185 0 -0.0980171
    outer loop
      vertex -41.0247 -18 145.054
      vertex -41.0669 18 144.624
      vertex -41.0247 18 145.054
    endloop
  endfacet
  facet normal 0 1 0
    outer loop
      vertex -38.8669 -18 144.624
      vertex -41.0669 -18 144.624
      vertex -41.0247 -18 145.054
    endloop
  endfacet
  facet normal 0 -1 0
    outer loop
      vertex -38.8669 18 144.624
      vertex -41.0247 18 145.054
      vertex -41.0669 18 144.624
    endloop
  endfacet
  facet normal 0.995185 0 0.0980171
    outer loop
      vertex -41.0669 -18 144.624
      vertex -41.0247 -18 144.195
      vertex -41.0247 18 144.195
    endloop
  endfacet
  facet normal 0.995185 -0 0.0980171
    outer loop
      vertex -41.0669 -18 144.624
      vertex -41.0247 18 144.195
      vertex -41.0669 18 144.624
    endloop
  endfacet
  facet normal 0 1 0
    outer loop
      vertex -38.8669 -18 144.624
      vertex -41.0247 -18 144.195
      vertex -41.0669 -18 144.624
    endloop
  endfacet
  facet normal -0 -1 0
    outer loop
      vertex -38.8669 18 144.624
      vertex -41.0669 18 144.624
      vertex -41.0247 18 144.195
    endloop
  endfacet
  facet normal 0.95694 0 0.290285
    outer loop
      vertex -41.0247 -18 144.195
      vertex -40.8995 -18 143.783
      vertex -40.8995 18 143.783
    endloop
  endfacet
  facet normal 0.95694 -0 0.290285
    outer loop
      vertex -41.0247 -18 144.195
      vertex -40.8995 18 143.783
      vertex -41.0247 18 144.195
    endloop
  endfacet
  facet normal 0 1 0
    outer loop
      vertex -38.8669 -18 144.624
      vertex -40.8995 -18 143.783
      vertex -41.0247 -18 144.195
    endloop
  endfacet
  facet normal 0 -1 0
    outer loop
      vertex -38.8669 18 144.624
      vertex -41.0247 18 144.195
      vertex -40.8995 18 143.783
    endloop
  endfacet
  facet normal 0.881921 0 0.471397
    outer loop
      vertex -40.8995 -18 143.783
      vertex -40.6962 -18 143.402
      vertex -40.6962 18 143.402
    endloop
  endfacet
  facet normal 0.881921 -0 0.471397
    outer loop
      vertex -40.8995 -18 143.783
      vertex -40.6962 18 143.402
      vertex -40.8995 18 143.783
    endloop
  endfacet
  facet normal 0 1 0
    outer loop
      vertex -38.8669 -18 144.624
      vertex -40.6962 -18 143.402
      vertex -40.8995 -18 143.783
    endloop
  endfacet
  facet normal 0 -1 0
    outer loop
      vertex -38.8669 18 144.624
      vertex -40.8995 18 143.783
      vertex -40.6962 18 143.402
    endloop
  endfacet
  facet normal 0.77301 0 0.634393
    outer loop
      vertex -40.6962 -18 143.402
      vertex -40.4226 -18 143.069
      vertex -40.4226 18 143.069
    endloop
  endfacet
  facet normal 0.77301 -0 0.634393
    outer loop
      vertex -40.6962 -18 143.402
      vertex -40.4226 18 143.069
      vertex -40.6962 18 143.402
    endloop
  endfacet
  facet normal 0 1 0
    outer loop
      vertex -38.8669 -18 144.624
      vertex -40.4226 -18 143.069
      vertex -40.6962 -18 143.402
    endloop
  endfacet
  facet normal 0 -1 0
    outer loop
      vertex -38.8669 18 144.624
      vertex -40.6962 18 143.402
      vertex -40.4226 18 143.069
    endloop
  endfacet
  facet normal 0.634393 0 0.77301
    outer loop
      vertex -40.4226 -18 143.069
      vertex -40.0892 -18 142.795
      vertex -40.0892 18 142.795
    endloop
  endfacet
  facet normal 0.634393 -0 0.77301
    outer loop
      vertex -40.4226 -18 143.069
      vertex -40.0892 18 142.795
      vertex -40.4226 18 143.069
    endloop
  endfacet
  facet normal 0 1 0
    outer loop
      vertex -38.8669 -18 144.624
      vertex -40.0892 -18 142.795
      vertex -40.4226 -18 143.069
    endloop
  endfacet
  facet normal 0 -1 0
    outer loop
      vertex -38.8669 18 144.624
      vertex -40.4226 18 143.069
      vertex -40.0892 18 142.795
    endloop
  endfacet
  facet normal 0.471397 0 0.881921
    outer loop
      vertex -40.0892 -18 142.795
      vertex -39.7088 -18 142.592
      vertex -39.7088 18 142.592
    endloop
  endfacet
  facet normal 0.471397 -0 0.881921
    outer loop
      vertex -40.0892 -18 142.795
      vertex -39.7088 18 142.592
      vertex -40.0892 18 142.795
    endloop
  endfacet
  facet normal 0 1 0
    outer loop
      vertex -38.8669 -18 144.624
      vertex -39.7088 -18 142.592
      vertex -40.0892 -18 142.795
    endloop
  endfacet
  facet normal 0 -1 0
    outer loop
      vertex -38.8669 18 144.624
      vertex -40.0892 18 142.795
      vertex -39.7088 18 142.592
    endloop
  endfacet
  facet normal 0.290285 0 0.95694
    outer loop
      vertex -39.7088 -18 142.592
      vertex -39.2961 -18 142.467
      vertex -39.2961 18 142.467
    endloop
  endfacet
  facet normal 0.290285 -0 0.95694
    outer loop
      vertex -39.7088 -18 142.592
      vertex -39.2961 18 142.467
      vertex -39.7088 18 142.592
    endloop
  endfacet
  facet normal 0 1 0
    outer loop
      vertex -38.8669 -18 144.624
      vertex -39.2961 -18 142.467
      vertex -39.7088 -18 142.592
    endloop
  endfacet
  facet normal 0 -1 0
    outer loop
      vertex -38.8669 18 144.624
      vertex -39.7088 18 142.592
      vertex -39.2961 18 142.467
    endloop
  endfacet
  facet normal 0.0980171 0 0.995185
    outer loop
      vertex -39.2961 -18 142.467
      vertex -38.8669 -18 142.424
      vertex -38.8669 18 142.424
    endloop
  endfacet
  facet normal 0.0980171 -0 0.995185
    outer loop
      vertex -39.2961 -18 142.467
      vertex -38.8669 18 142.424
      vertex -39.2961 18 142.467
    endloop
  endfacet
  facet normal 0 1 0
    outer loop
      vertex -38.8669 -18 144.624
      vertex -38.8669 -18 142.424
      vertex -39.2961 -18 142.467
    endloop
  endfacet
  facet normal 0 -1 -0
    outer loop
      vertex -38.8669 18 144.624
      vertex -39.2961 18 142.467
      vertex -38.8669 18 142.424
    endloop
  endfacet
  facet normal -0.0980171 0 0.995185
    outer loop
      vertex -38.8669 -18 142.424
      vertex -38.4377 -18 142.467
      vertex -38.4377 18 142.467
    endloop
  endfacet
  facet normal -0.0980171 0 0.995185
    outer loop
      vertex -38.8669 -18 142.424
      vertex -38.4377 18 142.467
      vertex -38.8669 18 142.424
    endloop
  endfacet
  facet normal 0 1 0
    outer loop
      vertex -38.8669 -18 144.624
      vertex -38.4377 -18 142.467
      vertex -38.8669 -18 142.424
    endloop
  endfacet
  facet normal 0 -1 0
    outer loop
      vertex -38.8669 18 144.624
      vertex -38.8669 18 142.424
      vertex -38.4377 18 142.467
    endloop
  endfacet
  facet normal -0.290285 0 0.95694
    outer loop
      vertex -38.4377 -18 142.467
      vertex -38.025 -18 142.592
      vertex -38.025 18 142.592
    endloop
  endfacet
  facet normal -0.290285 0 0.95694
    outer loop
      vertex -38.4377 -18 142.467
      vertex -38.025 18 142.592
      vertex -38.4377 18 142.467
    endloop
  endfacet
  facet normal 0 1 0
    outer loop
      vertex -38.8669 -18 144.624
      vertex -38.025 -18 142.592
      vertex -38.4377 -18 142.467
    endloop
  endfacet
  facet normal 0 -1 0
    outer loop
      vertex -38.8669 18 144.624
      vertex -38.4377 18 142.467
      vertex -38.025 18 142.592
    endloop
  endfacet
  facet normal -0.471397 0 0.881921
    outer loop
      vertex -38.025 -18 142.592
      vertex -37.6447 -18 142.795
      vertex -37.6447 18 142.795
    endloop
  endfacet
  facet normal -0.471397 0 0.881921
    outer loop
      vertex -38.025 -18 142.592
      vertex -37.6447 18 142.795
      vertex -38.025 18 142.592
    endloop
  endfacet
  facet normal 0 1 0
    outer loop
      vertex -38.8669 -18 144.624
      vertex -37.6447 -18 142.795
      vertex -38.025 -18 142.592
    endloop
  endfacet
  facet normal 0 -1 0
    outer loop
      vertex -38.8669 18 144.624
      vertex -38.025 18 142.592
      vertex -37.6447 18 142.795
    endloop
  endfacet
  facet normal -0.634393 0 0.77301
    outer loop
      vertex -37.6447 -18 142.795
      vertex -37.3113 -18 143.069
      vertex -37.3113 18 143.069
    endloop
  endfacet
  facet normal -0.634393 0 0.77301
    outer loop
      vertex -37.6447 -18 142.795
      vertex -37.3113 18 143.069
      vertex -37.6447 18 142.795
    endloop
  endfacet
  facet normal 0 1 0
    outer loop
      vertex -38.8669 -18 144.624
      vertex -37.3113 -18 143.069
      vertex -37.6447 -18 142.795
    endloop
  endfacet
  facet normal 0 -1 0
    outer loop
      vertex -38.8669 18 144.624
      vertex -37.6447 18 142.795
      vertex -37.3113 18 143.069
    endloop
  endfacet
  facet normal -0.77301 0 0.634393
    outer loop
      vertex -37.3113 -18 143.069
      vertex -37.0377 -18 143.402
      vertex -37.0377 18 143.402
    endloop
  endfacet
  facet normal -0.77301 0 0.634393
    outer loop
      vertex -37.3113 -18 143.069
      vertex -37.0377 18 143.402
      vertex -37.3113 18 143.069
    endloop
  endfacet
  facet normal 0 1 0
    outer loop
      vertex -38.8669 -18 144.624
      vertex -37.0377 -18 143.402
      vertex -37.3113 -18 143.069
    endloop
  endfacet
  facet normal 0 -1 0
    outer loop
      vertex -38.8669 18 144.624
      vertex -37.3113 18 143.069
      vertex -37.0377 18 143.402
    endloop
  endfacet
  facet normal -0.881921 0 0.471397
    outer loop
      vertex -37.0377 -18 143.402
      vertex -36.8344 -18 143.783
      vertex -36.8344 18 143.783
    endloop
  endfacet
  facet normal -0.881921 0 0.471397
    outer loop
      vertex -37.0377 -18 143.402
      vertex -36.8344 18 143.783
      vertex -37.0377 18 143.402
    endloop
  endfacet
  facet normal 0 1 0
    outer loop
      vertex -38.8669 -18 144.624
      vertex -36.8344 -18 143.783
      vertex -37.0377 -18 143.402
    endloop
  endfacet
  facet normal 0 -1 0
    outer loop
      vertex -38.8669 18 144.624
      vertex -37.0377 18 143.402
      vertex -36.8344 18 143.783
    endloop
  endfacet
  facet normal -0.95694 0 0.290285
    outer loop
      vertex -36.8344 -18 143.783
      vertex -36.7092 -18 144.195
      vertex -36.7092 18 144.195
    endloop
  endfacet
  facet normal -0.95694 0 0.290285
    outer loop
      vertex -36.8344 -18 143.783
      vertex -36.7092 18 144.195
      vertex -36.8344 18 143.783
    endloop
  endfacet
  facet normal 0 1 0
    outer loop
      vertex -38.8669 -18 144.624
      vertex -36.7092 -18 144.195
      vertex -36.8344 -18 143.783
    endloop
  endfacet
  facet normal 0 -1 0
    outer loop
      vertex -38.8669 18 144.624
      vertex -36.8344 18 143.783
      vertex -36.7092 18 144.195
    endloop
  endfacet
  facet normal -0.995185 0 0.0980171
    outer loop
      vertex -36.7092 -18 144.195
      vertex -36.6669 -18 144.624
      vertex -36.6669 18 144.624
    endloop
  endfacet
  facet normal -0.995185 0 0.0980171
    outer loop
      vertex -36.7092 -18 144.195
      vertex -36.6669 18 144.624
      vertex -36.7092 18 144.195
    endloop
  endfacet
  facet normal -0 1 0
    outer loop
      vertex -38.8669 -18 144.624
      vertex -36.6669 -18 144.624
      vertex -36.7092 -18 144.195
    endloop
  endfacet
  facet normal 0 -1 0
    outer loop
      vertex -38.8669 18 144.624
      vertex -36.7092 18 144.195
      vertex -36.6669 18 144.624
    endloop
  endfacet
  facet normal -0.995185 0 -0.0980171
    outer loop
      vertex 202.2 -18 -20
      vertex 202.158 -18 -19.5708
      vertex 202.158 18 -19.5708
    endloop
  endfacet
  facet normal -0.995185 0 -0.0980171
    outer loop
      vertex 202.2 -18 -20
      vertex 202.158 18 -19.5708
      vertex 202.2 18 -20
    endloop
  endfacet
  facet normal 0 1 0
    outer loop
      vertex 200 -18 -20
      vertex 202.158 -18 -19.5708
      vertex 202.2 -18 -20
    endloop
  endfacet
  facet normal 0 -1 0
    outer loop
      vertex 200 18 -20
      vertex 202.2 18 -20
      vertex 202.158 18 -19.5708
    endloop
  endfacet
  facet normal -0.95694 0 -0.290285
    outer loop
      vertex 202.158 -18 -19.5708
      vertex 202.033 -18 -19.1581
      vertex 202.033 18 -19.1581
    endloop
  endfacet
  facet normal -0.95694 0 -0.290285
    outer loop
      vertex 202.158 -18 -19.5708
      vertex 202.033 18 -19.1581
      vertex 202.158 18 -19.5708
    endloop
  endfacet
  facet normal 0 1 0
    outer loop
      vertex 200 -18 -20
      vertex 202.033 -18 -19.1581
      vertex 202.158 -18 -19.5708
    endloop
  endfacet
  facet normal 0 -1 0
    outer loop
      vertex 200 18 -20
      vertex 202.158 18 -19.5708
      vertex 202.033 18 -19.1581
    endloop
  endfacet
  facet normal -0.881921 0 -0.471397
    outer loop
      vertex 202.033 -18 -19.1581
      vertex 201.829 -18 -18.7777
      vertex 201.829 18 -18.7777
    endloop
  endfacet
  facet normal -0.881921 0 -0.471397
    outer loop
      vertex 202.033 -18 -19.1581
      vertex 201.829 18 -18.7777
      vertex 202.033 18 -19.1581
    endloop
  endfacet
  facet normal 0 1 0
    outer loop
      vertex 200 -18 -20
      vertex 201.829 -18 -18.7777
      vertex 202.033 -18 -19.1581
    endloop
  endfacet
  facet normal 0 -1 0
    outer loop
      vertex 200 18 -20
      vertex 202.033 18 -19.1581
      vertex 201.829 18 -18.7777
    endloop
  endfacet
  facet normal -0.77301 0 -0.634393
    outer loop
      vertex 201.829 -18 -18.7777
      vertex 201.556 -18 -18.4444
      vertex 201.556 18 -18.4444
    endloop
  endfacet
  facet normal -0.77301 0 -0.634393
    outer loop
      vertex 201.829 -18 -18.7777
      vertex 201.556 18 -18.4444
      vertex 201.829 18 -18.7777
    endloop
  endfacet
  facet normal 0 1 0
    outer loop
      vertex 200 -18 -20
      vertex 201.556 -18 -18.4444
      vertex 201.829 -18 -18.7777
    endloop
  endfacet
  facet normal 0 -1 0
    outer loop
      vertex 200 18 -20
      vertex 201.829 18 -18.7777
      vertex 201.556 18 -18.4444
    endloop
  endfacet
  facet normal -0.634393 0 -0.77301
    outer loop
      vertex 201.556 -18 -18.4444
      vertex 201.222 -18 -18.1708
      vertex 201.222 18 -18.1708
    endloop
  endfacet
  facet normal -0.634393 0 -0.77301
    outer loop
      vertex 201.556 -18 -18.4444
      vertex 201.222 18 -18.1708
      vertex 201.556 18 -18.4444
    endloop
  endfacet
  facet normal 0 1 0
    outer loop
      vertex 200 -18 -20
      vertex 201.222 -18 -18.1708
      vertex 201.556 -18 -18.4444
    endloop
  endfacet
  facet normal 0 -1 0
    outer loop
      vertex 200 18 -20
      vertex 201.556 18 -18.4444
      vertex 201.222 18 -18.1708
    endloop
  endfacet
  facet normal -0.471397 0 -0.881921
    outer loop
      vertex 201.222 -18 -18.1708
      vertex 200.842 -18 -17.9675
      vertex 200.842 18 -17.9675
    endloop
  endfacet
  facet normal -0.471397 0 -0.881921
    outer loop
      vertex 201.222 -18 -18.1708
      vertex 200.842 18 -17.9675
      vertex 201.222 18 -18.1708
    endloop
  endfacet
  facet normal 0 1 0
    outer loop
      vertex 200 -18 -20
      vertex 200.842 -18 -17.9675
      vertex 201.222 -18 -18.1708
    endloop
  endfacet
  facet normal 0 -1 0
    outer loop
      vertex 200 18 -20
      vertex 201.222 18 -18.1708
      vertex 200.842 18 -17.9675
    endloop
  endfacet
  facet normal -0.290285 0 -0.95694
    outer loop
      vertex 200.842 -18 -17.9675
      vertex 200.429 -18 -17.8423
      vertex 200.429 18 -17.8423
    endloop
  endfacet
  facet normal -0.290285 0 -0.95694
    outer loop
      vertex 200.842 -18 -17.9675
      vertex 200.429 18 -17.8423
      vertex 200.842 18 -17.9675
    endloop
  endfacet
  facet normal 0 1 0
    outer loop
      vertex 200 -18 -20
      vertex 200.429 -18 -17.8423
      vertex 200.842 -18 -17.9675
    endloop
  endfacet
  facet normal 0 -1 0
    outer loop
      vertex 200 18 -20
      vertex 200.842 18 -17.9675
      vertex 200.429 18 -17.8423
    endloop
  endfacet
  facet normal -0.0980171 0 -0.995185
    outer loop
      vertex 200.429 -18 -17.8423
      vertex 200 -18 -17.8
      vertex 200 18 -17.8
    endloop
  endfacet
  facet normal -0.0980171 0 -0.995185
    outer loop
      vertex 200.429 -18 -17.8423
      vertex 200 18 -17.8
      vertex 200.429 18 -17.8423
    endloop
  endfacet
  facet normal 0 1 0
    outer loop
      vertex 200 -18 -20
      vertex 200 -18 -17.8
      vertex 200.429 -18 -17.8423
    endloop
  endfacet
  facet normal 0 -1 0
    outer loop
      vertex 200 18 -20
      vertex 200.429 18 -17.8423
      vertex 200 18 -17.8
    endloop
  endfacet
  facet normal 0.0980171 0 -0.995185
    outer loop
      vertex 200 -18 -17.8
      vertex 199.571 -18 -17.8423
      vertex 199.571 18 -17.8423
    endloop
  endfacet
  facet normal 0.0980171 0 -0.995185
    outer loop
      vertex 200 -18 -17.8
      vertex 199.571 18 -17.8423
      vertex 200 18 -17.8
    endloop
  endfacet
  facet normal 0 1 -0
    outer loop
      vertex 200 -18 -20
      vertex 199.571 -18 -17.8423
      vertex 200 -18 -17.8
    endloop
  endfacet
  facet normal 0 -1 0
    outer loop
      vertex 200 18 -20
      vertex 200 18 -17.8
      vertex 199.571 18 -17.8423
    endloop
  endfacet
  facet normal 0.290285 0 -0.95694
    outer loop
      vertex 199.571 -18 -17.8423
      vertex 199.158 -18 -17.9675
      vertex 199.158 18 -17.9675
    endloop
  endfacet
  facet normal 0.290285 0 -0.95694
    outer loop
      vertex 199.571 -18 -17.8423
      vertex 199.158 18 -17.9675
      vertex 199.571 18 -17.8423
    endloop
  endfacet
  facet normal 0 1 0
    outer loop
      vertex 200 -18 -20
      vertex 199.158 -18 -17.9675
      vertex 199.571 -18 -17.8423
    endloop
  endfacet
  facet normal 0 -1 0
    outer loop
      vertex 200 18 -20
      vertex 199.571 18 -17.8423
      vertex 199.158 18 -17.9675
    endloop
  endfacet
  facet normal 0.471397 0 -0.881921
    outer loop
      vertex 199.158 -18 -17.9675
      vertex 198.778 -18 -18.1708
      vertex 198.778 18 -18.1708
    endloop
  endfacet
  facet normal 0.471397 0 -0.881921
    outer loop
      vertex 199.158 -18 -17.9675
      vertex 198.778 18 -18.1708
      vertex 199.158 18 -17.9675
    endloop
  endfacet
  facet normal 0 1 0
    outer loop
      vertex 200 -18 -20
      vertex 198.778 -18 -18.1708
      vertex 199.158 -18 -17.9675
    endloop
  endfacet
  facet normal 0 -1 0
    outer loop
      vertex 200 18 -20
      vertex 199.158 18 -17.9675
      vertex 198.778 18 -18.1708
    endloop
  endfacet
  facet normal 0.634393 0 -0.77301
    outer loop
      vertex 198.778 -18 -18.1708
      vertex 198.444 -18 -18.4444
      vertex 198.444 18 -18.4444
    endloop
  endfacet
  facet normal 0.634393 0 -0.77301
    outer loop
      vertex 198.778 -18 -18.1708
      vertex 198.444 18 -18.4444
      vertex 198.778 18 -18.1708
    endloop
  endfacet
  facet normal 0 1 0
    outer loop
      vertex 200 -18 -20
      vertex 198.444 -18 -18.4444
      vertex 198.778 -18 -18.1708
    endloop
  endfacet
  facet normal 0 -1 0
    outer loop
      vertex 200 18 -20
      vertex 198.778 18 -18.1708
      vertex 198.444 18 -18.4444
    endloop
  endfacet
  facet normal 0.77301 0 -0.634393
    outer loop
      vertex 198.444 -18 -18.4444
      vertex 198.171 -18 -18.7777
      vertex 198.171 18 -18.7777
    endloop
  endfacet
  facet normal 0.77301 0 -0.634393
    outer loop
      vertex 198.444 -18 -18.4444
      vertex 198.171 18 -18.7777
      vertex 198.444 18 -18.4444
    endloop
  endfacet
  facet normal 0 1 0
    outer loop
      vertex 200 -18 -20
      vertex 198.171 -18 -18.7777
      vertex 198.444 -18 -18.4444
    endloop
  endfacet
  facet normal 0 -1 0
    outer loop
      vertex 200 18 -20
      vertex 198.444 18 -18.4444
      vertex 198.171 18 -18.7777
    endloop
  endfacet
  facet normal 0.881921 0 -0.471397
    outer loop
      vertex 198.171 -18 -18.7777
      vertex 197.967 -18 -19.1581
      vertex 197.967 18 -19.1581
    endloop
  endfacet
  facet normal 0.881921 0 -0.471397
    outer loop
      vertex 198.171 -18 -18.7777
      vertex 197.967 18 -19.1581
      vertex 198.171 18 -18.7777
    endloop
  endfacet
  facet normal 0 1 0
    outer loop
      vertex 200 -18 -20
      vertex 197.967 -18 -19.1581
      vertex 198.171 -18 -18.7777
    endloop
  endfacet
  facet normal 0 -1 0
    outer loop
      vertex 200 18 -20
      vertex 198.171 18 -18.7777
      vertex 197.967 18 -19.1581
    endloop
  endfacet
  facet normal 0.95694 0 -0.290285
    outer loop
      vertex 197.967 -18 -19.1581
      vertex 197.842 -18 -19.5708
      vertex 197.842 18 -19.5708
    endloop
  endfacet
  facet normal 0.95694 0 -0.290285
    outer loop
      vertex 197.967 -18 -19.1581
      vertex 197.842 18 -19.5708
      vertex 197.967 18 -19.1581
    endloop
  endfacet
  facet normal 0 1 0
    outer loop
      vertex 200 -18 -20
      vertex 197.842 -18 -19.5708
      vertex 197.967 -18 -19.1581
    endloop
  endfacet
  facet normal 0 -1 0
    outer loop
      vertex 200 18 -20
      vertex 197.967 18 -19.1581
      vertex 197.842 18 -19.5708
    endloop
  endfacet
  facet normal 0.995185 0 -0.0980171
    outer loop
      vertex 197.842 -18 -19.5708
      vertex 197.8 -18 -20
      vertex 197.8 18 -20
    endloop
  endfacet
  facet normal 0.995185 0 -0.0980171
    outer loop
      vertex 197.842 -18 -19.5708
      vertex 197.8 18 -20
      vertex 197.842 18 -19.5708
    endloop
  endfacet
  facet normal 0 1 0
    outer loop
      vertex 200 -18 -20
      vertex 197.8 -18 -20
      vertex 197.842 -18 -19.5708
    endloop
  endfacet
  facet normal 0 -1 0
    outer loop
      vertex 200 18 -20
      vertex 197.842 18 -19.5708
      vertex 197.8 18 -20
    endloop
  endfacet
  facet normal 0.995185 0 0.0980171
    outer loop
      vertex 197.8 -18 -20
      vertex 197.842 -18 -20.4292
      vertex 197.842 18 -20.4292
    endloop
  endfacet
  facet normal 0.995185 -0 0.0980171
    outer loop
      vertex 197.8 -18 -20
      vertex 197.842 18 -20.4292
      vertex 197.8 18 -20
    endloop
  endfacet
  facet normal 0 1 0
    outer loop
      vertex 200 -18 -20
      vertex 197.842 -18 -20.4292
      vertex 197.8 -18 -20
    endloop
  endfacet
  facet normal -0 -1 0
    outer loop
      vertex 200 18 -20
      vertex 197.8 18 -20
      vertex 197.842 18 -20.4292
    endloop
  endfacet
  facet normal 0.95694 0 0.290285
    outer loop
      vertex 197.842 -18 -20.4292
      vertex 197.967 -18 -20.8419
      vertex 197.967 18 -20.8419
    endloop
  endfacet
  facet normal 0.95694 -0 0.290285
    outer loop
      vertex 197.842 -18 -20.4292
      vertex 197.967 18 -20.8419
      vertex 197.842 18 -20.4292
    endloop
  endfacet
  facet normal 0 1 0
    outer loop
      vertex 200 -18 -20
      vertex 197.967 -18 -20.8419
      vertex 197.842 -18 -20.4292
    endloop
  endfacet
  facet normal 0 -1 0
    outer loop
      vertex 200 18 -20
      vertex 197.842 18 -20.4292
      vertex 197.967 18 -20.8419
    endloop
  endfacet
  facet normal 0.881921 0 0.471397
    outer loop
      vertex 197.967 -18 -20.8419
      vertex 198.171 -18 -21.2223
      vertex 198.171 18 -21.2223
    endloop
  endfacet
  facet normal 0.881921 -0 0.471397
    outer loop
      vertex 197.967 -18 -20.8419
      vertex 198.171 18 -21.2223
      vertex 197.967 18 -20.8419
    endloop
  endfacet
  facet normal 0 1 0
    outer loop
      vertex 200 -18 -20
      vertex 198.171 -18 -21.2223
      vertex 197.967 -18 -20.8419
    endloop
  endfacet
  facet normal 0 -1 0
    outer loop
      vertex 200 18 -20
      vertex 197.967 18 -20.8419
      vertex 198.171 18 -21.2223
    endloop
  endfacet
  facet normal 0.77301 0 0.634393
    outer loop
      vertex 198.171 -18 -21.2223
      vertex 198.444 -18 -21.5556
      vertex 198.444 18 -21.5556
    endloop
  endfacet
  facet normal 0.77301 -0 0.634393
    outer loop
      vertex 198.171 -18 -21.2223
      vertex 198.444 18 -21.5556
      vertex 198.171 18 -21.2223
    endloop
  endfacet
  facet normal 0 1 0
    outer loop
      vertex 200 -18 -20
      vertex 198.444 -18 -21.5556
      vertex 198.171 -18 -21.2223
    endloop
  endfacet
  facet normal 0 -1 0
    outer loop
      vertex 200 18 -20
      vertex 198.171 18 -21.2223
      vertex 198.444 18 -21.5556
    endloop
  endfacet
  facet normal 0.634393 0 0.77301
    outer loop
      vertex 198.444 -18 -21.5556
      vertex 198.778 -18 -21.8292
      vertex 198.778 18 -21.8292
    endloop
  endfacet
  facet normal 0.634393 -0 0.77301
    outer loop
      vertex 198.444 -18 -21.5556
      vertex 198.778 18 -21.8292
      vertex 198.444 18 -21.5556
    endloop
  endfacet
  facet normal 0 1 0
    outer loop
      vertex 200 -18 -20
      vertex 198.778 -18 -21.8292
      vertex 198.444 -18 -21.5556
    endloop
  endfacet
  facet normal 0 -1 0
    outer loop
      vertex 200 18 -20
      vertex 198.444 18 -21.5556
      vertex 198.778 18 -21.8292
    endloop
  endfacet
  facet normal 0.471397 0 0.881921
    outer loop
      vertex 198.778 -18 -21.8292
      vertex 199.158 -18 -22.0325
      vertex 199.158 18 -22.0325
    endloop
  endfacet
  facet normal 0.471397 -0 0.881921
    outer loop
      vertex 198.778 -18 -21.8292
      vertex 199.158 18 -22.0325
      vertex 198.778 18 -21.8292
    endloop
  endfacet
  facet normal 0 1 0
    outer loop
      vertex 200 -18 -20
      vertex 199.158 -18 -22.0325
      vertex 198.778 -18 -21.8292
    endloop
  endfacet
  facet normal 0 -1 0
    outer loop
      vertex 200 18 -20
      vertex 198.778 18 -21.8292
      vertex 199.158 18 -22.0325
    endloop
  endfacet
  facet normal 0.290285 0 0.95694
    outer loop
      vertex 199.158 -18 -22.0325
      vertex 199.571 -18 -22.1577
      vertex 199.571 18 -22.1577
    endloop
  endfacet
  facet normal 0.290285 -0 0.95694
    outer loop
      vertex 199.158 -18 -22.0325
      vertex 199.571 18 -22.1577
      vertex 199.158 18 -22.0325
    endloop
  endfacet
  facet normal 0 1 0
    outer loop
      vertex 200 -18 -20
      vertex 199.571 -18 -22.1577
      vertex 199.158 -18 -22.0325
    endloop
  endfacet
  facet normal 0 -1 0
    outer loop
      vertex 200 18 -20
      vertex 199.158 18 -22.0325
      vertex 199.571 18 -22.1577
    endloop
  endfacet
  facet normal 0.0980171 0 0.995185
    outer loop
      vertex 199.571 -18 -22.1577
      vertex 200 -18 -22.2
      vertex 200 18 -22.2
    endloop
  endfacet
  facet normal 0.0980171 -0 0.995185
    outer loop
      vertex 199.571 -18 -22.1577
      vertex 200 18 -22.2
      vertex 199.571 18 -22.1577
    endloop
  endfacet
  facet normal 0 1 0
    outer loop
      vertex 200 -18 -20
      vertex 200 -18 -22.2
      vertex 199.571 -18 -22.1577
    endloop
  endfacet
  facet normal 0 -1 -0
    outer loop
      vertex 200 18 -20
      vertex 199.571 18 -22.1577
      vertex 200 18 -22.2
    endloop
  endfacet
  facet normal -0.0980171 0 0.995185
    outer loop
      vertex 200 -18 -22.2
      vertex 200.429 -18 -22.1577
      vertex 200.429 18 -22.1577
    endloop
  endfacet
  facet normal -0.0980171 0 0.995185
    outer loop
      vertex 200 -18 -22.2
      vertex 200.429 18 -22.1577
      vertex 200 18 -22.2
    endloop
  endfacet
  facet normal 0 1 0
    outer loop
      vertex 200 -18 -20
      vertex 200.429 -18 -22.1577
      vertex 200 -18 -22.2
    endloop
  endfacet
  facet normal 0 -1 0
    outer loop
      vertex 200 18 -20
      vertex 200 18 -22.2
      vertex 200.429 18 -22.1577
    endloop
  endfacet
  facet normal -0.290285 0 0.95694
    outer loop
      vertex 200.429 -18 -22.1577
      vertex 200.842 -18 -22.0325
      vertex 200.842 18 -22.0325
    endloop
  endfacet
  facet normal -0.290285 0 0.95694
    outer loop
      vertex 200.429 -18 -22.1577
      vertex 200.842 18 -22.0325
      vertex 200.429 18 -22.1577
    endloop
  endfacet
  facet normal 0 1 0
    outer loop
      vertex 200 -18 -20
      vertex 200.842 -18 -22.0325
      vertex 200.429 -18 -22.1577
    endloop
  endfacet
  facet normal 0 -1 0
    outer loop
      vertex 200 18 -20
      vertex 200.429 18 -22.1577
      vertex 200.842 18 -22.0325
    endloop
  endfacet
  facet normal -0.471397 0 0.881921
    outer loop
      vertex 200.842 -18 -22.0325
      vertex 201.222 -18 -21.8292
      vertex 201.222 18 -21.8292
    endloop
  endfacet
  facet normal -0.471397 0 0.881921
    outer loop
      vertex 200.842 -18 -22.0325
      vertex 201.222 18 -21.8292
      vertex 200.842 18 -22.0325
    endloop
  endfacet
  facet normal 0 1 0
    outer loop
      vertex 200 -18 -20
      vertex 201.222 -18 -21.8292
      vertex 200.842 -18 -22.0325
    endloop
  endfacet
  facet normal 0 -1 0
    outer loop
      vertex 200 18 -20
      vertex 200.842 18 -22.0325
      vertex 201.222 18 -21.8292
    endloop
  endfacet
  facet normal -0.634393 0 0.77301
    outer loop
      vertex 201.222 -18 -21.8292
      vertex 201.556 -18 -21.5556
      vertex 201.556 18 -21.5556
    endloop
  endfacet
  facet normal -0.634393 0 0.77301
    outer loop
      vertex 201.222 -18 -21.8292
      vertex 201.556 18 -21.5556
      vertex 201.222 18 -21.8292
    endloop
  endfacet
  facet normal 0 1 0
    outer loop
      vertex 200 -18 -20
      vertex 201.556 -18 -21.5556
      vertex 201.222 -18 -21.8292
    endloop
  endfacet
  facet normal 0 -1 0
    outer loop
      vertex 200 18 -20
      vertex 201.222 18 -21.8292
      vertex 201.556 18 -21.5556
    endloop
  endfacet
  facet normal -0.77301 0 0.634393
    outer loop
      vertex 201.556 -18 -21.5556
      vertex 201.829 -18 -21.2223
      vertex 201.829 18 -21.2223
    endloop
  endfacet
  facet normal -0.77301 0 0.634393
    outer loop
      vertex 201.556 -18 -21.5556
      vertex 201.829 18 -21.2223
      vertex 201.556 18 -21.5556
    endloop
  endfacet
  facet normal 0 1 0
    outer loop
      vertex 200 -18 -20
      vertex 201.829 -18 -21.2223
      vertex 201.556 -18 -21.5556
    endloop
  endfacet
  facet normal 0 -1 0
    outer loop
      vertex 200 18 -20
      vertex 201.556 18 -21.5556
      vertex 201.829 18 -21.2223
    endloop
  endfacet
  facet normal -0.881921 0 0.471397
    outer loop
      vertex 201.829 -18 -21.2223
      vertex 202.033 -18 -20.8419
      vertex 202.033 18 -20.8419
    endloop
  endfacet
  facet normal -0.881921 0 0.471397
    outer loop
      vertex 201.829 -18 -21.2223
      vertex 202.033 18 -20.8419
      vertex 201.829 18 -21.2223
    endloop
  endfacet
  facet normal 0 1 0
    outer loop
      vertex 200 -18 -20
      vertex 202.033 -18 -20.8419
      vertex 201.829 -18 -21.2223
    endloop
  endfacet
  facet normal 0 -1 0
    outer loop
      vertex 200 18 -20
      vertex 201.829 18 -21.2223
      vertex 202.033 18 -20.8419
    endloop
  endfacet
  facet normal -0.95694 0 0.290285
    outer loop
      vertex 202.033 -18 -20.8419
      vertex 202.158 -18 -20.4292
      vertex 202.158 18 -20.4292
    endloop
  endfacet
  facet normal -0.95694 0 0.290285
    outer loop
      vertex 202.033 -18 -20.8419
      vertex 202.158 18 -20.4292
      vertex 202.033 18 -20.8419
    endloop
  endfacet
  facet normal 0 1 0
    outer loop
      vertex 200 -18 -20
      vertex 202.158 -18 -20.4292
      vertex 202.033 -18 -20.8419
    endloop
  endfacet
  facet normal 0 -1 0
    outer loop
      vertex 200 18 -20
      vertex 202.033 18 -20.8419
      vertex 202.158 18 -20.4292
    endloop
  endfacet
  facet normal -0.995185 0 0.0980171
    outer loop
      vertex 202.158 -18 -20.4292
      vertex 202.2 -18 -20
      vertex 202.2 18 -20
    endloop
  endfacet
  facet normal -0.995185 0 0.0980171
    outer loop
      vertex 202.158 -18 -20.4292
      vertex 202.2 18 -20
      vertex 202.158 18 -20.4292
    endloop
  endfacet
  facet normal -0 1 0
    outer loop
      vertex 200 -18 -20
      vertex 202.2 -18 -20
      vertex 202.158 -18 -20.4292
    endloop
  endfacet
  facet normal 0 -1 0
    outer loop
      vertex 200 18 -20
      vertex 202.158 18 -20.4292
      vertex 202.2 18 -20
    endloop
  endfacet
  facet normal 0 0 1
    outer loop
      vertex -55 -13 74
      vertex 5 -13 74
      vertex 5 13 74
    endloop
  endfacet
  facet normal 0 0 1
    outer loop
      vertex -55 -13 74
      vertex 5 13 74
      vertex -55 13 74
    endloop
  endfacet
  facet normal 0 0 -1
    outer loop
      vertex -55 -13 106
      vertex -55 13 106
      vertex 5 13 106
    endloop
  endfacet
  facet normal 0 0 -1
    outer loop
      vertex -55 -13 106
      vertex 5 13 106
      vertex 5 -13 106
    endloop
  endfacet
  facet normal 0 1 0
    outer loop
      vertex -55 -13 74
      vertex -55 -13 106
      vertex 5 -13 106
    endloop
  endfacet
  facet normal 0 1 0
    outer loop
      vertex -55 -13 74
      vertex 5 -13 106
      vertex 5 -13 74
    endloop
  endfacet
  facet normal -1 0 0
    outer loop
      vertex 5 -13 74
      vertex 5 -13 106
      vertex 5 13 106
    endloop
  endfacet
  facet normal -1 0 0
    outer loop
      vertex 5 -13 74
      vertex 5 13 106
      vertex 5 13 74
    endloop
  endfacet
  facet normal 0 -1 0
    outer loop
      vertex 5 13 74
      vertex 5 13 106
      vertex -55 13 106
    endloop
  endfacet
  facet normal 0 -1 0
    outer loop
      vertex 5 13 74
      vertex -55 13 106
      vertex -55 13 74
    endloop
  endfacet
  facet normal 1 0 -0
    outer loop
      vertex -55 13 74
      vertex -55 13 106
      vertex -55 -13 106
    endloop
  endfacet
  facet normal 1 0 0
    outer loop
      vertex -55 13 74
      vertex -55 -13 106
      vertex -55 -13 74
    endloop
  endfacet
  facet normal 0 0.995185 0.0980171
    outer loop
      vertex 0 8 90
      vertex 0 7.84628 91.5607
      vertex 20 7.84628 91.5607
    endloop
  endfacet
  facet normal -0 0.995185 0.0980171
    outer loop
      vertex 0 8 90
      vertex 20 7.84628 91.5607
      vertex 20 8 90
    endloop
  endfacet
  facet normal -1 0 0
    outer loop
      vertex 0 0 90
      vertex 0 7.84628 91.5607
      vertex 0 8 90
    endloop
  endfacet
  facet normal 1 0 0
    outer loop
      vertex 20 0 90
      vertex 20 8 90
      vertex 20 7.84628 91.5607
    endloop
  endfacet
  facet normal 0 0.95694 0.290285
    outer loop
      vertex 0 7.84628 91.5607
      vertex 0 7.39104 93.0615
      vertex 20 7.39104 93.0615
    endloop
  endfacet
  facet normal -0 0.95694 0.290285
    outer loop
      vertex 0 7.84628 91.5607
      vertex 20 7.39104 93.0615
      vertex 20 7.84628 91.5607
    endloop
  endfacet
  facet normal -1 0 0
    outer loop
      vertex 0 0 90
      vertex 0 7.39104 93.0615
      vertex 0 7.84628 91.5607
    endloop
  endfacet
  facet normal 1 0 0
    outer loop
      vertex 20 0 90
      vertex 20 7.84628 91.5607
      vertex 20 7.39104 93.0615
    endloop
  endfacet
  facet normal 0 0.881921 0.471397
    outer loop
      vertex 0 7.39104 93.0615
      vertex 0 6.65176 94.4446
      vertex 20 6.65176 94.4446
    endloop
  endfacet
  facet normal -0 0.881921 0.471397
    outer loop
      vertex 0 7.39104 93.0615
      vertex 20 6.65176 94.4446
      vertex 20 7.39104 93.0615
    endloop
  endfacet
  facet normal -1 0 0
    outer loop
      vertex 0 0 90
      vertex 0 6.65176 94.4446
      vertex 0 7.39104 93.0615
    endloop
  endfacet
  facet normal 1 0 0
    outer loop
      vertex 20 0 90
      vertex 20 7.39104 93.0615
      vertex 20 6.65176 94.4446
    endloop
  endfacet
  facet normal 0 0.77301 0.634393
    outer loop
      vertex 0 6.65176 94.4446
      vertex 0 5.65685 95.6569
      vertex 20 5.65685 95.6569
    endloop
  endfacet
  facet normal -0 0.77301 0.634393
    outer loop
      vertex 0 6.65176 94.4446
      vertex 20 5.65685 95.6569
      vertex 20 6.65176 94.4446
    endloop
  endfacet
  facet normal -1 0 0
    outer loop
      vertex 0 0 90
      vertex 0 5.65685 95.6569
      vertex 0 6.65176 94.4446
    endloop
  endfacet
  facet normal 1 0 0
    outer loop
      vertex 20 0 90
      vertex 20 6.65176 94.4446
      vertex 20 5.65685 95.6569
    endloop
  endfacet
  facet normal 0 0.634393 0.77301
    outer loop
      vertex 0 5.65685 95.6569
      vertex 0 4.44456 96.6518
      vertex 20 4.44456 96.6518
    endloop
  endfacet
  facet normal -0 0.634393 0.77301
    outer loop
      vertex 0 5.65685 95.6569
      vertex 20 4.44456 96.6518
      vertex 20 5.65685 95.6569
    endloop
  endfacet
  facet normal -1 0 0
    outer loop
      vertex 0 0 90
      vertex 0 4.44456 96.6518
      vertex 0 5.65685 95.6569
    endloop
  endfacet
  facet normal 1 0 0
    outer loop
      vertex 20 0 90
      vertex 20 5.65685 95.6569
      vertex 20 4.44456 96.6518
    endloop
  endfacet
  facet normal 0 0.471397 0.881921
    outer loop
      vertex 0 4.44456 96.6518
      vertex 0 3.06147 97.391
      vertex 20 3.06147 97.391
    endloop
  endfacet
  facet normal -0 0.471397 0.881921
    outer loop
      vertex 0 4.44456 96.6518
      vertex 20 3.06147 97.391
      vertex 20 4.44456 96.6518
    endloop
  endfacet
  facet normal -1 0 0
    outer loop
      vertex 0 0 90
      vertex 0 3.06147 97.391
      vertex 0 4.44456 96.6518
    endloop
  endfacet
  facet normal 1 0 0
    outer loop
      vertex 20 0 90
      vertex 20 4.44456 96.6518
      vertex 20 3.06147 97.391
    endloop
  endfacet
  facet normal 0 0.290285 0.95694
    outer loop
      vertex 0 3.06147 97.391
      vertex 0 1.56072 97.8463
      vertex 20 1.56072 97.8463
    endloop
  endfacet
  facet normal -0 0.290285 0.95694
    outer loop
      vertex 0 3.06147 97.391
      vertex 20 1.56072 97.8463
      vertex 20 3.06147 97.391
    endloop
  endfacet
  facet normal -1 0 0
    outer loop
      vertex 0 0 90
      vertex 0 1.56072 97.8463
      vertex 0 3.06147 97.391
    endloop
  endfacet
  facet normal 1 0 0
    outer loop
      vertex 20 0 90
      vertex 20 3.06147 97.391
      vertex 20 1.56072 97.8463
    endloop
  endfacet
  facet normal 0 0.0980171 0.995185
    outer loop
      vertex 0 1.56072 97.8463
      vertex 0 4.89859e-16 98
      vertex 20 4.89859e-16 98
    endloop
  endfacet
  facet normal -0 0.0980171 0.995185
    outer loop
      vertex 0 1.56072 97.8463
      vertex 20 4.89859e-16 98
      vertex 20 1.56072 97.8463
    endloop
  endfacet
  facet normal -1 0 0
    outer loop
      vertex 0 0 90
      vertex 0 4.89859e-16 98
      vertex 0 1.56072 97.8463
    endloop
  endfacet
  facet normal 1 0 0
    outer loop
      vertex 20 0 90
      vertex 20 1.56072 97.8463
      vertex 20 4.89859e-16 98
    endloop
  endfacet
  facet normal 0 -0.0980171 0.995185
    outer loop
      vertex 0 4.89859e-16 98
      vertex 0 -1.56072 97.8463
      vertex 20 -1.56072 97.8463
    endloop
  endfacet
  facet normal 0 -0.0980171 0.995185
    outer loop
      vertex 0 4.89859e-16 98
      vertex 20 -1.56072 97.8463
      vertex 20 4.89859e-16 98
    endloop
  endfacet
  facet normal -1 0 0
    outer loop
      vertex 0 0 90
      vertex 0 -1.56072 97.8463
      vertex 0 4.89859e-16 98
    endloop
  endfacet
  facet normal 1 0 -0
    outer loop
      vertex 20 0 90
      vertex 20 4.89859e-16 98
      vertex 20 -1.56072 97.8463
    endloop
  endfacet
  facet normal 0 -0.290285 0.95694
    outer loop
      vertex 0 -1.56072 97.8463
      vertex 0 -3.06147 97.391
      vertex 20 -3.06147 97.391
    endloop
  endfacet
  facet normal 0 -0.290285 0.95694
    outer loop
      vertex 0 -1.56072 97.8463
      vertex 20 -3.06147 97.391
      vertex 20 -1.56072 97.8463
    endloop
  endfacet
  facet normal -1 0 0
    outer loop
      vertex 0 0 90
      vertex 0 -3.06147 97.391
      vertex 0 -1.56072 97.8463
    endloop
  endfacet
  facet normal 1 0 0
    outer loop
      vertex 20 0 90
      vertex 20 -1.56072 97.8463
      vertex 20 -3.06147 97.391
    endloop
  endfacet
  facet normal 0 -0.471397 0.881921
    outer loop
      vertex 0 -3.06147 97.391
      vertex 0 -4.44456 96.6518
      vertex 20 -4.44456 96.6518
    endloop
  endfacet
  facet normal 0 -0.471397 0.881921
    outer loop
      vertex 0 -3.06147 97.391
      vertex 20 -4.44456 96.6518
      vertex 20 -3.06147 97.391
    endloop
  endfacet
  facet normal -1 0 0
    outer loop
      vertex 0 0 90
      vertex 0 -4.44456 96.6518
      vertex 0 -3.06147 97.391
    endloop
  endfacet
  facet normal 1 0 0
    outer loop
      vertex 20 0 90
      vertex 20 -3.06147 97.391
      vertex 20 -4.44456 96.6518
    endloop
  endfacet
  facet normal 0 -0.634393 0.77301
    outer loop
      vertex 0 -4.44456 96.6518
      vertex 0 -5.65685 95.6569
      vertex 20 -5.65685 95.6569
    endloop
  endfacet
  facet normal 0 -0.634393 0.77301
    outer loop
      vertex 0 -4.44456 96.6518
      vertex 20 -5.65685 95.6569
      vertex 20 -4.44456 96.6518
    endloop
  endfacet
  facet normal -1 0 0
    outer loop
      vertex 0 0 90
      vertex 0 -5.65685 95.6569
      vertex 0 -4.44456 96.6518
    endloop
  endfacet
  facet normal 1 0 0
    outer loop
      vertex 20 0 90
      vertex 20 -4.44456 96.6518
      vertex 20 -5.65685 95.6569
    endloop
  endfacet
  facet normal 0 -0.77301 0.634393
    outer loop
      vertex 0 -5.65685 95.6569
      vertex 0 -6.65176 94.4446
      vertex 20 -6.65176 94.4446
    endloop
  endfacet
  facet normal 0 -0.77301 0.634393
    outer loop
      vertex 0 -5.65685 95.6569
      vertex 20 -6.65176 94.4446
      vertex 20 -5.65685 95.6569
    endloop
  endfacet
  facet normal -1 0 0
    outer loop
      vertex 0 0 90
      vertex 0 -6.65176 94.4446
      vertex 0 -5.65685 95.6569
    endloop
  endfacet
  facet normal 1 0 0
    outer loop
      vertex 20 0 90
      vertex 20 -5.65685 95.6569
      vertex 20 -6.65176 94.4446
    endloop
  endfacet
  facet normal 0 -0.881921 0.471397
    outer loop
      vertex 0 -6.65176 94.4446
      vertex 0 -7.39104 93.0615
      vertex 20 -7.39104 93.0615
    endloop
  endfacet
  facet normal 0 -0.881921 0.471397
    outer loop
      vertex 0 -6.65176 94.4446
      vertex 20 -7.39104 93.0615
      vertex 20 -6.65176 94.4446
    endloop
  endfacet
  facet normal -1 0 0
    outer loop
      vertex 0 0 90
      vertex 0 -7.39104 93.0615
      vertex 0 -6.65176 94.4446
    endloop
  endfacet
  facet normal 1 0 0
    outer loop
      vertex 20 0 90
      vertex 20 -6.65176 94.4446
      vertex 20 -7.39104 93.0615
    endloop
  endfacet
  facet normal 0 -0.95694 0.290285
    outer loop
      vertex 0 -7.39104 93.0615
      vertex 0 -7.84628 91.5607
      vertex 20 -7.84628 91.5607
    endloop
  endfacet
  facet normal 0 -0.95694 0.290285
    outer loop
      vertex 0 -7.39104 93.0615
      vertex 20 -7.84628 91.5607
      vertex 20 -7.39104 93.0615
    endloop
  endfacet
  facet normal -1 0 0
    outer loop
      vertex 0 0 90
      vertex 0 -7.84628 91.5607
      vertex 0 -7.39104 93.0615
    endloop
  endfacet
  facet normal 1 0 0
    outer loop
      vertex 20 0 90
      vertex 20 -7.39104 93.0615
      vertex 20 -7.84628 91.5607
    endloop
  endfacet
  facet normal 0 -0.995185 0.0980171
    outer loop
      vertex 0 -7.84628 91.5607
      vertex 0 -8 90
      vertex 20 -8 90
    endloop
  endfacet
  facet normal 0 -0.995185 0.0980171
    outer loop
      vertex 0 -7.84628 91.5607
      vertex 20 -8 90
      vertex 20 -7.84628 91.5607
    endloop
  endfacet
  facet normal -1 0 0
    outer loop
      vertex 0 0 90
      vertex 0 -8 90
      vertex 0 -7.84628 91.5607
    endloop
  endfacet
  facet normal 1 0 0
    outer loop
      vertex 20 0 90
      vertex 20 -7.84628 91.5607
      vertex 20 -8 90
    endloop
  endfacet
  facet normal 0 -0.995185 -0.0980171
    outer loop
      vertex 0 -8 90
      vertex 0 -7.84628 88.4393
      vertex 20 -7.84628 88.4393
    endloop
  endfacet
  facet normal 0 -0.995185 -0.0980171
    outer loop
      vertex 0 -8 90
      vertex 20 -7.84628 88.4393
      vertex 20 -8 90
    endloop
  endfacet
  facet normal -1 -0 0
    outer loop
      vertex 0 0 90
      vertex 0 -7.84628 88.4393
      vertex 0 -8 90
    endloop
  endfacet
  facet normal 1 0 0
    outer loop
      vertex 20 0 90
      vertex 20 -8 90
      vertex 20 -7.84628 88.4393
    endloop
  endfacet
  facet normal 0 -0.95694 -0.290285
    outer loop
      vertex 0 -7.84628 88.4393
      vertex 0 -7.39104 86.9385
      vertex 20 -7.39104 86.9385
    endloop
  endfacet
  facet normal 0 -0.95694 -0.290285
    outer loop
      vertex 0 -7.84628 88.4393
      vertex 20 -7.39104 86.9385
      vertex 20 -7.84628 88.4393
    endloop
  endfacet
  facet normal -1 0 0
    outer loop
      vertex 0 0 90
      vertex 0 -7.39104 86.9385
      vertex 0 -7.84628 88.4393
    endloop
  endfacet
  facet normal 1 0 0
    outer loop
      vertex 20 0 90
      vertex 20 -7.84628 88.4393
      vertex 20 -7.39104 86.9385
    endloop
  endfacet
  facet normal 0 -0.881921 -0.471397
    outer loop
      vertex 0 -7.39104 86.9385
      vertex 0 -6.65176 85.5554
      vertex 20 -6.65176 85.5554
    endloop
  endfacet
  facet normal 0 -0.881921 -0.471397
    outer loop
      vertex 0 -7.39104 86.9385
      vertex 20 -6.65176 85.5554
      vertex 20 -7.39104 86.9385
    endloop
  endfacet
  facet normal -1 0 0
    outer loop
      vertex 0 0 90
      vertex 0 -6.65176 85.5554
      vertex 0 -7.39104 86.9385
    endloop
  endfacet
  facet normal 1 0 0
    outer loop
      vertex 20 0 90
      vertex 20 -7.39104 86.9385
      vertex 20 -6.65176 85.5554
    endloop
  endfacet
  facet normal 0 -0.77301 -0.634393
    outer loop
      vertex 0 -6.65176 85.5554
      vertex 0 -5.65685 84.3431
      vertex 20 -5.65685 84.3431
    endloop
  endfacet
  facet normal 0 -0.77301 -0.634393
    outer loop
      vertex 0 -6.65176 85.5554
      vertex 20 -5.65685 84.3431
      vertex 20 -6.65176 85.5554
    endloop
  endfacet
  facet normal -1 0 0
    outer loop
      vertex 0 0 90
      vertex 0 -5.65685 84.3431
      vertex 0 -6.65176 85.5554
    endloop
  endfacet
  facet normal 1 0 0
    outer loop
      vertex 20 0 90
      vertex 20 -6.65176 85.5554
      vertex 20 -5.65685 84.3431
    endloop
  endfacet
  facet normal 0 -0.634393 -0.77301
    outer loop
      vertex 0 -5.65685 84.3431
      vertex 0 -4.44456 83.3482
      vertex 20 -4.44456 83.3482
    endloop
  endfacet
  facet normal 0 -0.634393 -0.77301
    outer loop
      vertex 0 -5.65685 84.3431
      vertex 20 -4.44456 83.3482
      vertex 20 -5.65685 84.3431
    endloop
  endfacet
  facet normal -1 0 0
    outer loop
      vertex 0 0 90
      vertex 0 -4.44456 83.3482
      vertex 0 -5.65685 84.3431
    endloop
  endfacet
  facet normal 1 0 0
    outer loop
      vertex 20 0 90
      vertex 20 -5.65685 84.3431
      vertex 20 -4.44456 83.3482
    endloop
  endfacet
  facet normal 0 -0.471397 -0.881921
    outer loop
      vertex 0 -4.44456 83.3482
      vertex 0 -3.06147 82.609
      vertex 20 -3.06147 82.609
    endloop
  endfacet
  facet normal 0 -0.471397 -0.881921
    outer loop
      vertex 0 -4.44456 83.3482
      vertex 20 -3.06147 82.609
      vertex 20 -4.44456 83.3482
    endloop
  endfacet
  facet normal -1 0 0
    outer loop
      vertex 0 0 90
      vertex 0 -3.06147 82.609
      vertex 0 -4.44456 83.3482
    endloop
  endfacet
  facet normal 1 0 0
    outer loop
      vertex 20 0 90
      vertex 20 -4.44456 83.3482
      vertex 20 -3.06147 82.609
    endloop
  endfacet
  facet normal 0 -0.290285 -0.95694
    outer loop
      vertex 0 -3.06147 82.609
      vertex 0 -1.56072 82.1537
      vertex 20 -1.56072 82.1537
    endloop
  endfacet
  facet normal 0 -0.290285 -0.95694
    outer loop
      vertex 0 -3.06147 82.609
      vertex 20 -1.56072 82.1537
      vertex 20 -3.06147 82.609
    endloop
  endfacet
  facet normal -1 0 0
    outer loop
      vertex 0 0 90
      vertex 0 -1.56072 82.1537
      vertex 0 -3.06147 82.609
    endloop
  endfacet
  facet normal 1 0 0
    outer loop
      vertex 20 0 90
      vertex 20 -3.06147 82.609
      vertex 20 -1.56072 82.1537
    endloop
  endfacet
  facet normal 0 -0.0980171 -0.995185
    outer loop
      vertex 0 -1.56072 82.1537
      vertex 0 -1.46958e-15 82
      vertex 20 -1.46958e-15 82
    endloop
  endfacet
  facet normal 0 -0.0980171 -0.995185
    outer loop
      vertex 0 -1.56072 82.1537
      vertex 20 -1.46958e-15 82
      vertex 20 -1.56072 82.1537
    endloop
  endfacet
  facet normal -1 0 0
    outer loop
      vertex 0 0 90
      vertex 0 -1.46958e-15 82
      vertex 0 -1.56072 82.1537
    endloop
  endfacet
  facet normal 1 0 0
    outer loop
      vertex 20 0 90
      vertex 20 -1.56072 82.1537
      vertex 20 -1.46958e-15 82
    endloop
  endfacet
  facet normal 0 0.0980171 -0.995185
    outer loop
      vertex 0 -1.46958e-15 82
      vertex 0 1.56072 82.1537
      vertex 20 1.56072 82.1537
    endloop
  endfacet
  facet normal 0 0.0980171 -0.995185
    outer loop
      vertex 0 -1.46958e-15 82
      vertex 20 1.56072 82.1537
      vertex 20 -1.46958e-15 82
    endloop
  endfacet
  facet normal -1 0 -0
    outer loop
      vertex 0 0 90
      vertex 0 1.56072 82.1537
      vertex 0 -1.46958e-15 82
    endloop
  endfacet
  facet normal 1 0 0
    outer loop
      vertex 20 0 90
      vertex 20 -1.46958e-15 82
      vertex 20 1.56072 82.1537
    endloop
  endfacet
  facet normal 0 0.290285 -0.95694
    outer loop
      vertex 0 1.56072 82.1537
      vertex 0 3.06147 82.609
      vertex 20 3.06147 82.609
    endloop
  endfacet
  facet normal 0 0.290285 -0.95694
    outer loop
      vertex 0 1.56072 82.1537
      vertex 20 3.06147 82.609
      vertex 20 1.56072 82.1537
    endloop
  endfacet
  facet normal -1 0 0
    outer loop
      vertex 0 0 90
      vertex 0 3.06147 82.609
      vertex 0 1.56072 82.1537
    endloop
  endfacet
  facet normal 1 0 0
    outer loop
      vertex 20 0 90
      vertex 20 1.56072 82.1537
      vertex 20 3.06147 82.609
    endloop
  endfacet
  facet normal 0 0.471397 -0.881921
    outer loop
      vertex 0 3.06147 82.609
      vertex 0 4.44456 83.3482
      vertex 20 4.44456 83.3482
    endloop
  endfacet
  facet normal 0 0.471397 -0.881921
    outer loop
      vertex 0 3.06147 82.609
      vertex 20 4.44456 83.3482
      vertex 20 3.06147 82.609
    endloop
  endfacet
  facet normal -1 0 0
    outer loop
      vertex 0 0 90
      vertex 0 4.44456 83.3482
      vertex 0 3.06147 82.609
    endloop
  endfacet
  facet normal 1 0 0
    outer loop
      vertex 20 0 90
      vertex 20 3.06147 82.609
      vertex 20 4.44456 83.3482
    endloop
  endfacet
  facet normal 0 0.634393 -0.77301
    outer loop
      vertex 0 4.44456 83.3482
      vertex 0 5.65685 84.3431
      vertex 20 5.65685 84.3431
    endloop
  endfacet
  facet normal 0 0.634393 -0.77301
    outer loop
      vertex 0 4.44456 83.3482
      vertex 20 5.65685 84.3431
      vertex 20 4.44456 83.3482
    endloop
  endfacet
  facet normal -1 0 0
    outer loop
      vertex 0 0 90
      vertex 0 5.65685 84.3431
      vertex 0 4.44456 83.3482
    endloop
  endfacet
  facet normal 1 0 0
    outer loop
      vertex 20 0 90
      vertex 20 4.44456 83.3482
      vertex 20 5.65685 84.3431
    endloop
  endfacet
  facet normal 0 0.77301 -0.634393
    outer loop
      vertex 0 5.65685 84.3431
      vertex 0 6.65176 85.5554
      vertex 20 6.65176 85.5554
    endloop
  endfacet
  facet normal 0 0.77301 -0.634393
    outer loop
      vertex 0 5.65685 84.3431
      vertex 20 6.65176 85.5554
      vertex 20 5.65685 84.3431
    endloop
  endfacet
  facet normal -1 0 0
    outer loop
      vertex 0 0 90
      vertex 0 6.65176 85.5554
      vertex 0 5.65685 84.3431
    endloop
  endfacet
  facet normal 1 0 0
    outer loop
      vertex 20 0 90
      vertex 20 5.65685 84.3431
      vertex 20 6.65176 85.5554
    endloop
  endfacet
  facet normal 0 0.881921 -0.471397
    outer loop
      vertex 0 6.65176 85.5554
      vertex 0 7.39104 86.9385
      vertex 20 7.39104 86.9385
    endloop
  endfacet
  facet normal 0 0.881921 -0.471397
    outer loop
      vertex 0 6.65176 85.5554
      vertex 20 7.39104 86.9385
      vertex 20 6.65176 85.5554
    endloop
  endfacet
  facet normal -1 0 0
    outer loop
      vertex 0 0 90
      vertex 0 7.39104 86.9385
      vertex 0 6.65176 85.5554
    endloop
  endfacet
  facet normal 1 0 0
    outer loop
      vertex 20 0 90
      vertex 20 6.65176 85.5554
      vertex 20 7.39104 86.9385
    endloop
  endfacet
  facet normal 0 0.95694 -0.290285
    outer loop
      vertex 0 7.39104 86.9385
      vertex 0 7.84628 88.4393
      vertex 20 7.84628 88.4393
    endloop
  endfacet
  facet normal 0 0.95694 -0.290285
    outer loop
      vertex 0 7.39104 86.9385
      vertex 20 7.84628 88.4393
      vertex 20 7.39104 86.9385
    endloop
  endfacet
  facet normal -1 0 0
    outer loop
      vertex 0 0 90
      vertex 0 7.84628 88.4393
      vertex 0 7.39104 86.9385
    endloop
  endfacet
  facet normal 1 0 0
    outer loop
      vertex 20 0 90
      vertex 20 7.39104 86.9385
      vertex 20 7.84628 88.4393
    endloop
  endfacet
  facet normal 0 0.995185 -0.0980171
    outer loop
      vertex 0 7.84628 88.4393
      vertex 0 8 90
      vertex 20 8 90
    endloop
  endfacet
  facet normal 0 0.995185 -0.0980171
    outer loop
      vertex 0 7.84628 88.4393
      vertex 20 8 90
      vertex 20 7.84628 88.4393
    endloop
  endfacet
  facet normal -1 0 0
    outer loop
      vertex 0 0 90
      vertex 0 8 90
      vertex 0 7.84628 88.4393
    endloop
  endfacet
  facet normal 1 -0 0
    outer loop
      vertex 20 0 90
      vertex 20 7.84628 88.4393
      vertex 20 8 90
    endloop
  endfacet
  facet normal -0.997859 0 -0.0654031
    outer loop
      vertex -37 -12 80
      vertex -37.154 -12 82.3495
      vertex -37.154 12 82.3495
    endloop
  endfacet
  facet normal -0.997859 0 -0.0654031
    outer loop
      vertex -37 -12 80
      vertex -37.154 12 82.3495
      vertex -37 12 80
    endloop
  endfacet
  facet normal 0 1 0
    outer loop
      vertex -55 -12 80
      vertex -37.154 -12 82.3495
      vertex -37 -12 80
    endloop
  endfacet
  facet normal 0 -1 0
    outer loop
      vertex -55 12 80
      vertex -37 12 80
      vertex -37.154 12 82.3495
    endloop
  endfacet
  facet normal -0.980785 0 -0.19509
    outer loop
      vertex -37.154 -12 82.3495
      vertex -37.6133 -12 84.6587
      vertex -37.6133 12 84.6587
    endloop
  endfacet
  facet normal -0.980785 0 -0.19509
    outer loop
      vertex -37.154 -12 82.3495
      vertex -37.6133 12 84.6587
      vertex -37.154 12 82.3495
    endloop
  endfacet
  facet normal 0 1 0
    outer loop
      vertex -55 -12 80
      vertex -37.6133 -12 84.6587
      vertex -37.154 -12 82.3495
    endloop
  endfacet
  facet normal 0 -1 0
    outer loop
      vertex -55 12 80
      vertex -37.154 12 82.3495
      vertex -37.6133 12 84.6587
    endloop
  endfacet
  facet normal -0.94693 0 -0.321439
    outer loop
      vertex -37.6133 -12 84.6587
      vertex -38.3702 -12 86.8883
      vertex -38.3702 12 86.8883
    endloop
  endfacet
  facet normal -0.94693 0 -0.321439
    outer loop
      vertex -37.6133 -12 84.6587
      vertex -38.3702 12 86.8883
      vertex -37.6133 12 84.6587
    endloop
  endfacet
  facet normal 0 1 0
    outer loop
      vertex -55 -12 80
      vertex -38.3702 -12 86.8883
      vertex -37.6133 -12 84.6587
    endloop
  endfacet
  facet normal 0 -1 0
    outer loop
      vertex -55 12 80
      vertex -37.6133 12 84.6587
      vertex -38.3702 12 86.8883
    endloop
  endfacet
  facet normal -0.896873 0 -0.442289
    outer loop
      vertex -38.3702 -12 86.8883
      vertex -39.4115 -12 89
      vertex -39.4115 12 89
    endloop
  endfacet
  facet normal -0.896873 0 -0.442289
    outer loop
      vertex -38.3702 -12 86.8883
      vertex -39.4115 12 89
      vertex -38.3702 12 86.8883
    endloop
  endfacet
  facet normal 0 1 0
    outer loop
      vertex -55 -12 80
      vertex -39.4115 -12 89
      vertex -38.3702 -12 86.8883
    endloop
  endfacet
  facet normal 0 -1 0
    outer loop
      vertex -55 12 80
      vertex -38.3702 12 86.8883
      vertex -39.4115 12 89
    endloop
  endfacet
  facet normal -0.83147 0 -0.55557
    outer loop
      vertex -39.4115 -12 89
      vertex -40.7196 -12 90.9577
      vertex -40.7196 12 90.9577
    endloop
  endfacet
  facet normal -0.83147 0 -0.55557
    outer loop
      vertex -39.4115 -12 89
      vertex -40.7196 12 90.9577
      vertex -39.4115 12 89
    endloop
  endfacet
  facet normal 0 1 0
    outer loop
      vertex -55 -12 80
      vertex -40.7196 -12 90.9577
      vertex -39.4115 -12 89
    endloop
  endfacet
  facet normal 0 -1 0
    outer loop
      vertex -55 12 80
      vertex -39.4115 12 89
      vertex -40.7196 12 90.9577
    endloop
  endfacet
  facet normal -0.75184 0 -0.659346
    outer loop
      vertex -40.7196 -12 90.9577
      vertex -42.2721 -12 92.7279
      vertex -42.2721 12 92.7279
    endloop
  endfacet
  facet normal -0.75184 0 -0.659346
    outer loop
      vertex -40.7196 -12 90.9577
      vertex -42.2721 12 92.7279
      vertex -40.7196 12 90.9577
    endloop
  endfacet
  facet normal 0 1 0
    outer loop
      vertex -55 -12 80
      vertex -42.2721 -12 92.7279
      vertex -40.7196 -12 90.9577
    endloop
  endfacet
  facet normal 0 -1 0
    outer loop
      vertex -55 12 80
      vertex -40.7196 12 90.9577
      vertex -42.2721 12 92.7279
    endloop
  endfacet
  facet normal -0.659346 0 -0.75184
    outer loop
      vertex -42.2721 -12 92.7279
      vertex -44.0423 -12 94.2804
      vertex -44.0423 12 94.2804
    endloop
  endfacet
  facet normal -0.659346 0 -0.75184
    outer loop
      vertex -42.2721 -12 92.7279
      vertex -44.0423 12 94.2804
      vertex -42.2721 12 92.7279
    endloop
  endfacet
  facet normal 0 1 0
    outer loop
      vertex -55 -12 80
      vertex -44.0423 -12 94.2804
      vertex -42.2721 -12 92.7279
    endloop
  endfacet
  facet normal 0 -1 0
    outer loop
      vertex -55 12 80
      vertex -42.2721 12 92.7279
      vertex -44.0423 12 94.2804
    endloop
  endfacet
  facet normal -0.55557 0 -0.83147
    outer loop
      vertex -44.0423 -12 94.2804
      vertex -46 -12 95.5885
      vertex -46 12 95.5885
    endloop
  endfacet
  facet normal -0.55557 0 -0.83147
    outer loop
      vertex -44.0423 -12 94.2804
      vertex -46 12 95.5885
      vertex -44.0423 12 94.2804
    endloop
  endfacet
  facet normal 0 1 0
    outer loop
      vertex -55 -12 80
      vertex -46 -12 95.5885
      vertex -44.0423 -12 94.2804
    endloop
  endfacet
  facet normal 0 -1 0
    outer loop
      vertex -55 12 80
      vertex -44.0423 12 94.2804
      vertex -46 12 95.5885
    endloop
  endfacet
  facet normal -0.442289 0 -0.896873
    outer loop
      vertex -46 -12 95.5885
      vertex -48.1117 -12 96.6298
      vertex -48.1117 12 96.6298
    endloop
  endfacet
  facet normal -0.442289 0 -0.896873
    outer loop
      vertex -46 -12 95.5885
      vertex -48.1117 12 96.6298
      vertex -46 12 95.5885
    endloop
  endfacet
  facet normal 0 1 0
    outer loop
      vertex -55 -12 80
      vertex -48.1117 -12 96.6298
      vertex -46 -12 95.5885
    endloop
  endfacet
  facet normal 0 -1 0
    outer loop
      vertex -55 12 80
      vertex -46 12 95.5885
      vertex -48.1117 12 96.6298
    endloop
  endfacet
  facet normal -0.321439 0 -0.94693
    outer loop
      vertex -48.1117 -12 96.6298
      vertex -50.3413 -12 97.3867
      vertex -50.3413 12 97.3867
    endloop
  endfacet
  facet normal -0.321439 0 -0.94693
    outer loop
      vertex -48.1117 -12 96.6298
      vertex -50.3413 12 97.3867
      vertex -48.1117 12 96.6298
    endloop
  endfacet
  facet normal 0 1 0
    outer loop
      vertex -55 -12 80
      vertex -50.3413 -12 97.3867
      vertex -48.1117 -12 96.6298
    endloop
  endfacet
  facet normal 0 -1 0
    outer loop
      vertex -55 12 80
      vertex -48.1117 12 96.6298
      vertex -50.3413 12 97.3867
    endloop
  endfacet
  facet normal -0.19509 0 -0.980785
    outer loop
      vertex -50.3413 -12 97.3867
      vertex -52.6505 -12 97.846
      vertex -52.6505 12 97.846
    endloop
  endfacet
  facet normal -0.19509 0 -0.980785
    outer loop
      vertex -50.3413 -12 97.3867
      vertex -52.6505 12 97.846
      vertex -50.3413 12 97.3867
    endloop
  endfacet
  facet normal 0 1 0
    outer loop
      vertex -55 -12 80
      vertex -52.6505 -12 97.846
      vertex -50.3413 -12 97.3867
    endloop
  endfacet
  facet normal 0 -1 0
    outer loop
      vertex -55 12 80
      vertex -50.3413 12 97.3867
      vertex -52.6505 12 97.846
    endloop
  endfacet
  facet normal -0.0654031 0 -0.997859
    outer loop
      vertex -52.6505 -12 97.846
      vertex -55 -12 98
      vertex -55 12 98
    endloop
  endfacet
  facet normal -0.0654031 0 -0.997859
    outer loop
      vertex -52.6505 -12 97.846
      vertex -55 12 98
      vertex -52.6505 12 97.846
    endloop
  endfacet
  facet normal 0 1 0
    outer loop
      vertex -55 -12 80
      vertex -55 -12 98
      vertex -52.6505 -12 97.846
    endloop
  endfacet
  facet normal 0 -1 0
    outer loop
      vertex -55 12 80
      vertex -52.6505 12 97.846
      vertex -55 12 98
    endloop
  endfacet
  facet normal 0.0654031 0 -0.997859
    outer loop
      vertex -55 -12 98
      vertex -57.3495 -12 97.846
      vertex -57.3495 12 97.846
    endloop
  endfacet
  facet normal 0.0654031 0 -0.997859
    outer loop
      vertex -55 -12 98
      vertex -57.3495 12 97.846
      vertex -55 12 98
    endloop
  endfacet
  facet normal 0 1 -0
    outer loop
      vertex -55 -12 80
      vertex -57.3495 -12 97.846
      vertex -55 -12 98
    endloop
  endfacet
  facet normal 0 -1 0
    outer loop
      vertex -55 12 80
      vertex -55 12 98
      vertex -57.3495 12 97.846
    endloop
  endfacet
  facet normal 0.19509 0 -0.980785
    outer loop
      vertex -57.3495 -12 97.846
      vertex -59.6587 -12 97.3867
      vertex -59.6587 12 97.3867
    endloop
  endfacet
  facet normal 0.19509 0 -0.980785
    outer loop
      vertex -57.3495 -12 97.846
      vertex -59.6587 12 97.3867
      vertex -57.3495 12 97.846
    endloop
  endfacet
  facet normal 0 1 0
    outer loop
      vertex -55 -12 80
      vertex -59.6587 -12 97.3867
      vertex -57.3495 -12 97.846
    endloop
  endfacet
  facet normal 0 -1 0
    outer loop
      vertex -55 12 80
      vertex -57.3495 12 97.846
      vertex -59.6587 12 97.3867
    endloop
  endfacet
  facet normal 0.321439 0 -0.94693
    outer loop
      vertex -59.6587 -12 97.3867
      vertex -61.8883 -12 96.6298
      vertex -61.8883 12 96.6298
    endloop
  endfacet
  facet normal 0.321439 0 -0.94693
    outer loop
      vertex -59.6587 -12 97.3867
      vertex -61.8883 12 96.6298
      vertex -59.6587 12 97.3867
    endloop
  endfacet
  facet normal 0 1 0
    outer loop
      vertex -55 -12 80
      vertex -61.8883 -12 96.6298
      vertex -59.6587 -12 97.3867
    endloop
  endfacet
  facet normal 0 -1 0
    outer loop
      vertex -55 12 80
      vertex -59.6587 12 97.3867
      vertex -61.8883 12 96.6298
    endloop
  endfacet
  facet normal 0.442289 0 -0.896873
    outer loop
      vertex -61.8883 -12 96.6298
      vertex -64 -12 95.5885
      vertex -64 12 95.5885
    endloop
  endfacet
  facet normal 0.442289 0 -0.896873
    outer loop
      vertex -61.8883 -12 96.6298
      vertex -64 12 95.5885
      vertex -61.8883 12 96.6298
    endloop
  endfacet
  facet normal 0 1 0
    outer loop
      vertex -55 -12 80
      vertex -64 -12 95.5885
      vertex -61.8883 -12 96.6298
    endloop
  endfacet
  facet normal 0 -1 0
    outer loop
      vertex -55 12 80
      vertex -61.8883 12 96.6298
      vertex -64 12 95.5885
    endloop
  endfacet
  facet normal 0.55557 0 -0.83147
    outer loop
      vertex -64 -12 95.5885
      vertex -65.9577 -12 94.2804
      vertex -65.9577 12 94.2804
    endloop
  endfacet
  facet normal 0.55557 0 -0.83147
    outer loop
      vertex -64 -12 95.5885
      vertex -65.9577 12 94.2804
      vertex -64 12 95.5885
    endloop
  endfacet
  facet normal 0 1 0
    outer loop
      vertex -55 -12 80
      vertex -65.9577 -12 94.2804
      vertex -64 -12 95.5885
    endloop
  endfacet
  facet normal 0 -1 0
    outer loop
      vertex -55 12 80
      vertex -64 12 95.5885
      vertex -65.9577 12 94.2804
    endloop
  endfacet
  facet normal 0.659346 0 -0.75184
    outer loop
      vertex -65.9577 -12 94.2804
      vertex -67.7279 -12 92.7279
      vertex -67.7279 12 92.7279
    endloop
  endfacet
  facet normal 0.659346 0 -0.75184
    outer loop
      vertex -65.9577 -12 94.2804
      vertex -67.7279 12 92.7279
      vertex -65.9577 12 94.2804
    endloop
  endfacet
  facet normal 0 1 0
    outer loop
      vertex -55 -12 80
      vertex -67.7279 -12 92.7279
      vertex -65.9577 -12 94.2804
    endloop
  endfacet
  facet normal 0 -1 0
    outer loop
      vertex -55 12 80
      vertex -65.9577 12 94.2804
      vertex -67.7279 12 92.7279
    endloop
  endfacet
  facet normal 0.75184 0 -0.659346
    outer loop
      vertex -67.7279 -12 92.7279
      vertex -69.2804 -12 90.9577
      vertex -69.2804 12 90.9577
    endloop
  endfacet
  facet normal 0.75184 0 -0.659346
    outer loop
      vertex -67.7279 -12 92.7279
      vertex -69.2804 12 90.9577
      vertex -67.7279 12 92.7279
    endloop
  endfacet
  facet normal 0 1 0
    outer loop
      vertex -55 -12 80
      vertex -69.2804 -12 90.9577
      vertex -67.7279 -12 92.7279
    endloop
  endfacet
  facet normal 0 -1 0
    outer loop
      vertex -55 12 80
      vertex -67.7279 12 92.7279
      vertex -69.2804 12 90.9577
    endloop
  endfacet
  facet normal 0.83147 0 -0.55557
    outer loop
      vertex -69.2804 -12 90.9577
      vertex -70.5885 -12 89
      vertex -70.5885 12 89
    endloop
  endfacet
  facet normal 0.83147 0 -0.55557
    outer loop
      vertex -69.2804 -12 90.9577
      vertex -70.5885 12 89
      vertex -69.2804 12 90.9577
    endloop
  endfacet
  facet normal 0 1 0
    outer loop
      vertex -55 -12 80
      vertex -70.5885 -12 89
      vertex -69.2804 -12 90.9577
    endloop
  endfacet
  facet normal 0 -1 0
    outer loop
      vertex -55 12 80
      vertex -69.2804 12 90.9577
      vertex -70.5885 12 89
    endloop
  endfacet
  facet normal 0.896873 0 -0.442289
    outer loop
      vertex -70.5885 -12 89
      vertex -71.6298 -12 86.8883
      vertex -71.6298 12 86.8883
    endloop
  endfacet
  facet normal 0.896873 0 -0.442289
    outer loop
      vertex -70.5885 -12 89
      vertex -71.6298 12 86.8883
      vertex -70.5885 12 89
    endloop
  endfacet
  facet normal 0 1 0
    outer loop
      vertex -55 -12 80
      vertex -71.6298 -12 86.8883
      vertex -70.5885 -12 89
    endloop
  endfacet
  facet normal 0 -1 0
    outer loop
      vertex -55 12 80
      vertex -70.5885 12 89
      vertex -71.6298 12 86.8883
    endloop
  endfacet
  facet normal 0.94693 0 -0.321439
    outer loop
      vertex -71.6298 -12 86.8883
      vertex -72.3867 -12 84.6587
      vertex -72.3867 12 84.6587
    endloop
  endfacet
  facet normal 0.94693 0 -0.321439
    outer loop
      vertex -71.6298 -12 86.8883
      vertex -72.3867 12 84.6587
      vertex -71.6298 12 86.8883
    endloop
  endfacet
  facet normal 0 1 0
    outer loop
      vertex -55 -12 80
      vertex -72.3867 -12 84.6587
      vertex -71.6298 -12 86.8883
    endloop
  endfacet
  facet normal 0 -1 0
    outer loop
      vertex -55 12 80
      vertex -71.6298 12 86.8883
      vertex -72.3867 12 84.6587
    endloop
  endfacet
  facet normal 0.980785 0 -0.19509
    outer loop
      vertex -72.3867 -12 84.6587
      vertex -72.846 -12 82.3495
      vertex -72.846 12 82.3495
    endloop
  endfacet
  facet normal 0.980785 0 -0.19509
    outer loop
      vertex -72.3867 -12 84.6587
      vertex -72.846 12 82.3495
      vertex -72.3867 12 84.6587
    endloop
  endfacet
  facet normal 0 1 0
    outer loop
      vertex -55 -12 80
      vertex -72.846 -12 82.3495
      vertex -72.3867 -12 84.6587
    endloop
  endfacet
  facet normal 0 -1 0
    outer loop
      vertex -55 12 80
      vertex -72.3867 12 84.6587
      vertex -72.846 12 82.3495
    endloop
  endfacet
  facet normal 0.997859 0 -0.0654031
    outer loop
      vertex -72.846 -12 82.3495
      vertex -73 -12 80
      vertex -73 12 80
    endloop
  endfacet
  facet normal 0.997859 0 -0.0654031
    outer loop
      vertex -72.846 -12 82.3495
      vertex -73 12 80
      vertex -72.846 12 82.3495
    endloop
  endfacet
  facet normal 0 1 0
    outer loop
      vertex -55 -12 80
      vertex -73 -12 80
      vertex -72.846 -12 82.3495
    endloop
  endfacet
  facet normal 0 -1 0
    outer loop
      vertex -55 12 80
      vertex -72.846 12 82.3495
      vertex -73 12 80
    endloop
  endfacet
  facet normal 0.997859 0 0.0654031
    outer loop
      vertex -73 -12 80
      vertex -72.846 -12 77.6505
      vertex -72.846 12 77.6505
    endloop
  endfacet
  facet normal 0.997859 -0 0.0654031
    outer loop
      vertex -73 -12 80
      vertex -72.846 12 77.6505
      vertex -73 12 80
    endloop
  endfacet
  facet normal 0 1 0
    outer loop
      vertex -55 -12 80
      vertex -72.846 -12 77.6505
      vertex -73 -12 80
    endloop
  endfacet
  facet normal -0 -1 0
    outer loop
      vertex -55 12 80
      vertex -73 12 80
      vertex -72.846 12 77.6505
    endloop
  endfacet
  facet normal 0.980785 0 0.19509
    outer loop
      vertex -72.846 -12 77.6505
      vertex -72.3867 -12 75.3413
      vertex -72.3867 12 75.3413
    endloop
  endfacet
  facet normal 0.980785 -0 0.19509
    outer loop
      vertex -72.846 -12 77.6505
      vertex -72.3867 12 75.3413
      vertex -72.846 12 77.6505
    endloop
  endfacet
  facet normal 0 1 0
    outer loop
      vertex -55 -12 80
      vertex -72.3867 -12 75.3413
      vertex -72.846 -12 77.6505
    endloop
  endfacet
  facet normal 0 -1 0
    outer loop
      vertex -55 12 80
      vertex -72.846 12 77.6505
      vertex -72.3867 12 75.3413
    endloop
  endfacet
  facet normal 0.94693 0 0.321439
    outer loop
      vertex -72.3867 -12 75.3413
      vertex -71.6298 -12 73.1117
      vertex -71.6298 12 73.1117
    endloop
  endfacet
  facet normal 0.94693 -0 0.321439
    outer loop
      vertex -72.3867 -12 75.3413
      vertex -71.6298 12 73.1117
      vertex -72.3867 12 75.3413
    endloop
  endfacet
  facet normal 0 1 0
    outer loop
      vertex -55 -12 80
      vertex -71.6298 -12 73.1117
      vertex -72.3867 -12 75.3413
    endloop
  endfacet
  facet normal 0 -1 0
    outer loop
      vertex -55 12 80
      vertex -72.3867 12 75.3413
      vertex -71.6298 12 73.1117
    endloop
  endfacet
  facet normal 0.896873 0 0.442289
    outer loop
      vertex -71.6298 -12 73.1117
      vertex -70.5885 -12 71
      vertex -70.5885 12 71
    endloop
  endfacet
  facet normal 0.896873 -0 0.442289
    outer loop
      vertex -71.6298 -12 73.1117
      vertex -70.5885 12 71
      vertex -71.6298 12 73.1117
    endloop
  endfacet
  facet normal 0 1 0
    outer loop
      vertex -55 -12 80
      vertex -70.5885 -12 71
      vertex -71.6298 -12 73.1117
    endloop
  endfacet
  facet normal 0 -1 0
    outer loop
      vertex -55 12 80
      vertex -71.6298 12 73.1117
      vertex -70.5885 12 71
    endloop
  endfacet
  facet normal 0.83147 0 0.55557
    outer loop
      vertex -70.5885 -12 71
      vertex -69.2804 -12 69.0423
      vertex -69.2804 12 69.0423
    endloop
  endfacet
  facet normal 0.83147 -0 0.55557
    outer loop
      vertex -70.5885 -12 71
      vertex -69.2804 12 69.0423
      vertex -70.5885 12 71
    endloop
  endfacet
  facet normal 0 1 0
    outer loop
      vertex -55 -12 80
      vertex -69.2804 -12 69.0423
      vertex -70.5885 -12 71
    endloop
  endfacet
  facet normal 0 -1 0
    outer loop
      vertex -55 12 80
      vertex -70.5885 12 71
      vertex -69.2804 12 69.0423
    endloop
  endfacet
  facet normal 0.75184 0 0.659346
    outer loop
      vertex -69.2804 -12 69.0423
      vertex -67.7279 -12 67.2721
      vertex -67.7279 12 67.2721
    endloop
  endfacet
  facet normal 0.75184 -0 0.659346
    outer loop
      vertex -69.2804 -12 69.0423
      vertex -67.7279 12 67.2721
      vertex -69.2804 12 69.0423
    endloop
  endfacet
  facet normal 0 1 0
    outer loop
      vertex -55 -12 80
      vertex -67.7279 -12 67.2721
      vertex -69.2804 -12 69.0423
    endloop
  endfacet
  facet normal 0 -1 0
    outer loop
      vertex -55 12 80
      vertex -69.2804 12 69.0423
      vertex -67.7279 12 67.2721
    endloop
  endfacet
  facet normal 0.659346 0 0.75184
    outer loop
      vertex -67.7279 -12 67.2721
      vertex -65.9577 -12 65.7196
      vertex -65.9577 12 65.7196
    endloop
  endfacet
  facet normal 0.659346 -0 0.75184
    outer loop
      vertex -67.7279 -12 67.2721
      vertex -65.9577 12 65.7196
      vertex -67.7279 12 67.2721
    endloop
  endfacet
  facet normal 0 1 0
    outer loop
      vertex -55 -12 80
      vertex -65.9577 -12 65.7196
      vertex -67.7279 -12 67.2721
    endloop
  endfacet
  facet normal 0 -1 0
    outer loop
      vertex -55 12 80
      vertex -67.7279 12 67.2721
      vertex -65.9577 12 65.7196
    endloop
  endfacet
  facet normal 0.55557 0 0.83147
    outer loop
      vertex -65.9577 -12 65.7196
      vertex -64 -12 64.4115
      vertex -64 12 64.4115
    endloop
  endfacet
  facet normal 0.55557 -0 0.83147
    outer loop
      vertex -65.9577 -12 65.7196
      vertex -64 12 64.4115
      vertex -65.9577 12 65.7196
    endloop
  endfacet
  facet normal 0 1 0
    outer loop
      vertex -55 -12 80
      vertex -64 -12 64.4115
      vertex -65.9577 -12 65.7196
    endloop
  endfacet
  facet normal 0 -1 0
    outer loop
      vertex -55 12 80
      vertex -65.9577 12 65.7196
      vertex -64 12 64.4115
    endloop
  endfacet
  facet normal 0.442289 0 0.896873
    outer loop
      vertex -64 -12 64.4115
      vertex -61.8883 -12 63.3702
      vertex -61.8883 12 63.3702
    endloop
  endfacet
  facet normal 0.442289 -0 0.896873
    outer loop
      vertex -64 -12 64.4115
      vertex -61.8883 12 63.3702
      vertex -64 12 64.4115
    endloop
  endfacet
  facet normal 0 1 0
    outer loop
      vertex -55 -12 80
      vertex -61.8883 -12 63.3702
      vertex -64 -12 64.4115
    endloop
  endfacet
  facet normal 0 -1 0
    outer loop
      vertex -55 12 80
      vertex -64 12 64.4115
      vertex -61.8883 12 63.3702
    endloop
  endfacet
  facet normal 0.321439 0 0.94693
    outer loop
      vertex -61.8883 -12 63.3702
      vertex -59.6587 -12 62.6133
      vertex -59.6587 12 62.6133
    endloop
  endfacet
  facet normal 0.321439 -0 0.94693
    outer loop
      vertex -61.8883 -12 63.3702
      vertex -59.6587 12 62.6133
      vertex -61.8883 12 63.3702
    endloop
  endfacet
  facet normal 0 1 0
    outer loop
      vertex -55 -12 80
      vertex -59.6587 -12 62.6133
      vertex -61.8883 -12 63.3702
    endloop
  endfacet
  facet normal 0 -1 0
    outer loop
      vertex -55 12 80
      vertex -61.8883 12 63.3702
      vertex -59.6587 12 62.6133
    endloop
  endfacet
  facet normal 0.19509 0 0.980785
    outer loop
      vertex -59.6587 -12 62.6133
      vertex -57.3495 -12 62.154
      vertex -57.3495 12 62.154
    endloop
  endfacet
  facet normal 0.19509 -0 0.980785
    outer loop
      vertex -59.6587 -12 62.6133
      vertex -57.3495 12 62.154
      vertex -59.6587 12 62.6133
    endloop
  endfacet
  facet normal 0 1 0
    outer loop
      vertex -55 -12 80
      vertex -57.3495 -12 62.154
      vertex -59.6587 -12 62.6133
    endloop
  endfacet
  facet normal 0 -1 0
    outer loop
      vertex -55 12 80
      vertex -59.6587 12 62.6133
      vertex -57.3495 12 62.154
    endloop
  endfacet
  facet normal 0.0654031 0 0.997859
    outer loop
      vertex -57.3495 -12 62.154
      vertex -55 -12 62
      vertex -55 12 62
    endloop
  endfacet
  facet normal 0.0654031 -0 0.997859
    outer loop
      vertex -57.3495 -12 62.154
      vertex -55 12 62
      vertex -57.3495 12 62.154
    endloop
  endfacet
  facet normal 0 1 0
    outer loop
      vertex -55 -12 80
      vertex -55 -12 62
      vertex -57.3495 -12 62.154
    endloop
  endfacet
  facet normal 0 -1 -0
    outer loop
      vertex -55 12 80
      vertex -57.3495 12 62.154
      vertex -55 12 62
    endloop
  endfacet
  facet normal -0.0654031 0 0.997859
    outer loop
      vertex -55 -12 62
      vertex -52.6505 -12 62.154
      vertex -52.6505 12 62.154
    endloop
  endfacet
  facet normal -0.0654031 0 0.997859
    outer loop
      vertex -55 -12 62
      vertex -52.6505 12 62.154
      vertex -55 12 62
    endloop
  endfacet
  facet normal 0 1 0
    outer loop
      vertex -55 -12 80
      vertex -52.6505 -12 62.154
      vertex -55 -12 62
    endloop
  endfacet
  facet normal 0 -1 0
    outer loop
      vertex -55 12 80
      vertex -55 12 62
      vertex -52.6505 12 62.154
    endloop
  endfacet
  facet normal -0.19509 0 0.980785
    outer loop
      vertex -52.6505 -12 62.154
      vertex -50.3413 -12 62.6133
      vertex -50.3413 12 62.6133
    endloop
  endfacet
  facet normal -0.19509 0 0.980785
    outer loop
      vertex -52.6505 -12 62.154
      vertex -50.3413 12 62.6133
      vertex -52.6505 12 62.154
    endloop
  endfacet
  facet normal 0 1 0
    outer loop
      vertex -55 -12 80
      vertex -50.3413 -12 62.6133
      vertex -52.6505 -12 62.154
    endloop
  endfacet
  facet normal 0 -1 0
    outer loop
      vertex -55 12 80
      vertex -52.6505 12 62.154
      vertex -50.3413 12 62.6133
    endloop
  endfacet
  facet normal -0.321439 0 0.94693
    outer loop
      vertex -50.3413 -12 62.6133
      vertex -48.1117 -12 63.3702
      vertex -48.1117 12 63.3702
    endloop
  endfacet
  facet normal -0.321439 0 0.94693
    outer loop
      vertex -50.3413 -12 62.6133
      vertex -48.1117 12 63.3702
      vertex -50.3413 12 62.6133
    endloop
  endfacet
  facet normal 0 1 0
    outer loop
      vertex -55 -12 80
      vertex -48.1117 -12 63.3702
      vertex -50.3413 -12 62.6133
    endloop
  endfacet
  facet normal 0 -1 0
    outer loop
      vertex -55 12 80
      vertex -50.3413 12 62.6133
      vertex -48.1117 12 63.3702
    endloop
  endfacet
  facet normal -0.442289 0 0.896873
    outer loop
      vertex -48.1117 -12 63.3702
      vertex -46 -12 64.4115
      vertex -46 12 64.4115
    endloop
  endfacet
  facet normal -0.442289 0 0.896873
    outer loop
      vertex -48.1117 -12 63.3702
      vertex -46 12 64.4115
      vertex -48.1117 12 63.3702
    endloop
  endfacet
  facet normal 0 1 0
    outer loop
      vertex -55 -12 80
      vertex -46 -12 64.4115
      vertex -48.1117 -12 63.3702
    endloop
  endfacet
  facet normal 0 -1 0
    outer loop
      vertex -55 12 80
      vertex -48.1117 12 63.3702
      vertex -46 12 64.4115
    endloop
  endfacet
  facet normal -0.55557 0 0.83147
    outer loop
      vertex -46 -12 64.4115
      vertex -44.0423 -12 65.7196
      vertex -44.0423 12 65.7196
    endloop
  endfacet
  facet normal -0.55557 0 0.83147
    outer loop
      vertex -46 -12 64.4115
      vertex -44.0423 12 65.7196
      vertex -46 12 64.4115
    endloop
  endfacet
  facet normal 0 1 0
    outer loop
      vertex -55 -12 80
      vertex -44.0423 -12 65.7196
      vertex -46 -12 64.4115
    endloop
  endfacet
  facet normal 0 -1 0
    outer loop
      vertex -55 12 80
      vertex -46 12 64.4115
      vertex -44.0423 12 65.7196
    endloop
  endfacet
  facet normal -0.659346 0 0.75184
    outer loop
      vertex -44.0423 -12 65.7196
      vertex -42.2721 -12 67.2721
      vertex -42.2721 12 67.2721
    endloop
  endfacet
  facet normal -0.659346 0 0.75184
    outer loop
      vertex -44.0423 -12 65.7196
      vertex -42.2721 12 67.2721
      vertex -44.0423 12 65.7196
    endloop
  endfacet
  facet normal 0 1 0
    outer loop
      vertex -55 -12 80
      vertex -42.2721 -12 67.2721
      vertex -44.0423 -12 65.7196
    endloop
  endfacet
  facet normal 0 -1 0
    outer loop
      vertex -55 12 80
      vertex -44.0423 12 65.7196
      vertex -42.2721 12 67.2721
    endloop
  endfacet
  facet normal -0.75184 0 0.659346
    outer loop
      vertex -42.2721 -12 67.2721
      vertex -40.7196 -12 69.0423
      vertex -40.7196 12 69.0423
    endloop
  endfacet
  facet normal -0.75184 0 0.659346
    outer loop
      vertex -42.2721 -12 67.2721
      vertex -40.7196 12 69.0423
      vertex -42.2721 12 67.2721
    endloop
  endfacet
  facet normal 0 1 0
    outer loop
      vertex -55 -12 80
      vertex -40.7196 -12 69.0423
      vertex -42.2721 -12 67.2721
    endloop
  endfacet
  facet normal 0 -1 0
    outer loop
      vertex -55 12 80
      vertex -42.2721 12 67.2721
      vertex -40.7196 12 69.0423
    endloop
  endfacet
  facet normal -0.83147 0 0.55557
    outer loop
      vertex -40.7196 -12 69.0423
      vertex -39.4115 -12 71
      vertex -39.4115 12 71
    endloop
  endfacet
  facet normal -0.83147 0 0.55557
    outer loop
      vertex -40.7196 -12 69.0423
      vertex -39.4115 12 71
      vertex -40.7196 12 69.0423
    endloop
  endfacet
  facet normal 0 1 0
    outer loop
      vertex -55 -12 80
      vertex -39.4115 -12 71
      vertex -40.7196 -12 69.0423
    endloop
  endfacet
  facet normal 0 -1 0
    outer loop
      vertex -55 12 80
      vertex -40.7196 12 69.0423
      vertex -39.4115 12 71
    endloop
  endfacet
  facet normal -0.896873 0 0.442289
    outer loop
      vertex -39.4115 -12 71
      vertex -38.3702 -12 73.1117
      vertex -38.3702 12 73.1117
    endloop
  endfacet
  facet normal -0.896873 0 0.442289
    outer loop
      vertex -39.4115 -12 71
      vertex -38.3702 12 73.1117
      vertex -39.4115 12 71
    endloop
  endfacet
  facet normal 0 1 0
    outer loop
      vertex -55 -12 80
      vertex -38.3702 -12 73.1117
      vertex -39.4115 -12 71
    endloop
  endfacet
  facet normal 0 -1 0
    outer loop
      vertex -55 12 80
      vertex -39.4115 12 71
      vertex -38.3702 12 73.1117
    endloop
  endfacet
  facet normal -0.94693 0 0.321439
    outer loop
      vertex -38.3702 -12 73.1117
      vertex -37.6133 -12 75.3413
      vertex -37.6133 12 75.3413
    endloop
  endfacet
  facet normal -0.94693 0 0.321439
    outer loop
      vertex -38.3702 -12 73.1117
      vertex -37.6133 12 75.3413
      vertex -38.3702 12 73.1117
    endloop
  endfacet
  facet normal 0 1 0
    outer loop
      vertex -55 -12 80
      vertex -37.6133 -12 75.3413
      vertex -38.3702 -12 73.1117
    endloop
  endfacet
  facet normal 0 -1 0
    outer loop
      vertex -55 12 80
      vertex -38.3702 12 73.1117
      vertex -37.6133 12 75.3413
    endloop
  endfacet
  facet normal -0.980785 0 0.19509
    outer loop
      vertex -37.6133 -12 75.3413
      vertex -37.154 -12 77.6505
      vertex -37.154 12 77.6505
    endloop
  endfacet
  facet normal -0.980785 0 0.19509
    outer loop
      vertex -37.6133 -12 75.3413
      vertex -37.154 12 77.6505
      vertex -37.6133 12 75.3413
    endloop
  endfacet
  facet normal 0 1 0
    outer loop
      vertex -55 -12 80
      vertex -37.154 -12 77.6505
      vertex -37.6133 -12 75.3413
    endloop
  endfacet
  facet normal 0 -1 0
    outer loop
      vertex -55 12 80
      vertex -37.6133 12 75.3413
      vertex -37.154 12 77.6505
    endloop
  endfacet
  facet normal -0.997859 0 0.0654031
    outer loop
      vertex -37.154 -12 77.6505
      vertex -37 -12 80
      vertex -37 12 80
    endloop
  endfacet
  facet normal -0.997859 0 0.0654031
    outer loop
      vertex -37.154 -12 77.6505
      vertex -37 12 80
      vertex -37.154 12 77.6505
    endloop
  endfacet
  facet normal -0 1 0
    outer loop
      vertex -55 -12 80
      vertex -37 -12 80
      vertex -37.154 -12 77.6505
    endloop
  endfacet
  facet normal 0 -1 0
    outer loop
      vertex -55 12 80
      vertex -37.154 12 77.6505
      vertex -37 12 80
    endloop
  endfacet
  facet normal -0.997859 0 -0.0654031
    outer loop
      vertex -45 -16 80
      vertex -45.0856 -16 81.3053
      vertex -45.0856 16 81.3053
    endloop
  endfacet
  facet normal -0.997859 0 -0.0654031
    outer loop
      vertex -45 -16 80
      vertex -45.0856 16 81.3053
      vertex -45 16 80
    endloop
  endfacet
  facet normal 0 1 0
    outer loop
      vertex -55 -16 80
      vertex -45.0856 -16 81.3053
      vertex -45 -16 80
    endloop
  endfacet
  facet normal 0 -1 0
    outer loop
      vertex -55 16 80
      vertex -45 16 80
      vertex -45.0856 16 81.3053
    endloop
  endfacet
  facet normal -0.980785 0 -0.19509
    outer loop
      vertex -45.0856 -16 81.3053
      vertex -45.3407 -16 82.5882
      vertex -45.3407 16 82.5882
    endloop
  endfacet
  facet normal -0.980785 0 -0.19509
    outer loop
      vertex -45.0856 -16 81.3053
      vertex -45.3407 16 82.5882
      vertex -45.0856 16 81.3053
    endloop
  endfacet
  facet normal 0 1 0
    outer loop
      vertex -55 -16 80
      vertex -45.3407 -16 82.5882
      vertex -45.0856 -16 81.3053
    endloop
  endfacet
  facet normal 0 -1 0
    outer loop
      vertex -55 16 80
      vertex -45.0856 16 81.3053
      vertex -45.3407 16 82.5882
    endloop
  endfacet
  facet normal -0.94693 0 -0.321439
    outer loop
      vertex -45.3407 -16 82.5882
      vertex -45.7612 -16 83.8268
      vertex -45.7612 16 83.8268
    endloop
  endfacet
  facet normal -0.94693 0 -0.321439
    outer loop
      vertex -45.3407 -16 82.5882
      vertex -45.7612 16 83.8268
      vertex -45.3407 16 82.5882
    endloop
  endfacet
  facet normal 0 1 0
    outer loop
      vertex -55 -16 80
      vertex -45.7612 -16 83.8268
      vertex -45.3407 -16 82.5882
    endloop
  endfacet
  facet normal 0 -1 0
    outer loop
      vertex -55 16 80
      vertex -45.3407 16 82.5882
      vertex -45.7612 16 83.8268
    endloop
  endfacet
  facet normal -0.896873 0 -0.442289
    outer loop
      vertex -45.7612 -16 83.8268
      vertex -46.3397 -16 85
      vertex -46.3397 16 85
    endloop
  endfacet
  facet normal -0.896873 0 -0.442289
    outer loop
      vertex -45.7612 -16 83.8268
      vertex -46.3397 16 85
      vertex -45.7612 16 83.8268
    endloop
  endfacet
  facet normal 0 1 0
    outer loop
      vertex -55 -16 80
      vertex -46.3397 -16 85
      vertex -45.7612 -16 83.8268
    endloop
  endfacet
  facet normal 0 -1 0
    outer loop
      vertex -55 16 80
      vertex -45.7612 16 83.8268
      vertex -46.3397 16 85
    endloop
  endfacet
  facet normal -0.83147 0 -0.55557
    outer loop
      vertex -46.3397 -16 85
      vertex -47.0665 -16 86.0876
      vertex -47.0665 16 86.0876
    endloop
  endfacet
  facet normal -0.83147 0 -0.55557
    outer loop
      vertex -46.3397 -16 85
      vertex -47.0665 16 86.0876
      vertex -46.3397 16 85
    endloop
  endfacet
  facet normal 0 1 0
    outer loop
      vertex -55 -16 80
      vertex -47.0665 -16 86.0876
      vertex -46.3397 -16 85
    endloop
  endfacet
  facet normal 0 -1 0
    outer loop
      vertex -55 16 80
      vertex -46.3397 16 85
      vertex -47.0665 16 86.0876
    endloop
  endfacet
  facet normal -0.75184 0 -0.659346
    outer loop
      vertex -47.0665 -16 86.0876
      vertex -47.9289 -16 87.0711
      vertex -47.9289 16 87.0711
    endloop
  endfacet
  facet normal -0.75184 0 -0.659346
    outer loop
      vertex -47.0665 -16 86.0876
      vertex -47.9289 16 87.0711
      vertex -47.0665 16 86.0876
    endloop
  endfacet
  facet normal 0 1 0
    outer loop
      vertex -55 -16 80
      vertex -47.9289 -16 87.0711
      vertex -47.0665 -16 86.0876
    endloop
  endfacet
  facet normal 0 -1 0
    outer loop
      vertex -55 16 80
      vertex -47.0665 16 86.0876
      vertex -47.9289 16 87.0711
    endloop
  endfacet
  facet normal -0.659346 0 -0.75184
    outer loop
      vertex -47.9289 -16 87.0711
      vertex -48.9124 -16 87.9335
      vertex -48.9124 16 87.9335
    endloop
  endfacet
  facet normal -0.659346 0 -0.75184
    outer loop
      vertex -47.9289 -16 87.0711
      vertex -48.9124 16 87.9335
      vertex -47.9289 16 87.0711
    endloop
  endfacet
  facet normal 0 1 0
    outer loop
      vertex -55 -16 80
      vertex -48.9124 -16 87.9335
      vertex -47.9289 -16 87.0711
    endloop
  endfacet
  facet normal 0 -1 0
    outer loop
      vertex -55 16 80
      vertex -47.9289 16 87.0711
      vertex -48.9124 16 87.9335
    endloop
  endfacet
  facet normal -0.55557 0 -0.83147
    outer loop
      vertex -48.9124 -16 87.9335
      vertex -50 -16 88.6603
      vertex -50 16 88.6603
    endloop
  endfacet
  facet normal -0.55557 0 -0.83147
    outer loop
      vertex -48.9124 -16 87.9335
      vertex -50 16 88.6603
      vertex -48.9124 16 87.9335
    endloop
  endfacet
  facet normal 0 1 0
    outer loop
      vertex -55 -16 80
      vertex -50 -16 88.6603
      vertex -48.9124 -16 87.9335
    endloop
  endfacet
  facet normal 0 -1 0
    outer loop
      vertex -55 16 80
      vertex -48.9124 16 87.9335
      vertex -50 16 88.6603
    endloop
  endfacet
  facet normal -0.442289 0 -0.896873
    outer loop
      vertex -50 -16 88.6603
      vertex -51.1732 -16 89.2388
      vertex -51.1732 16 89.2388
    endloop
  endfacet
  facet normal -0.442289 0 -0.896873
    outer loop
      vertex -50 -16 88.6603
      vertex -51.1732 16 89.2388
      vertex -50 16 88.6603
    endloop
  endfacet
  facet normal 0 1 0
    outer loop
      vertex -55 -16 80
      vertex -51.1732 -16 89.2388
      vertex -50 -16 88.6603
    endloop
  endfacet
  facet normal 0 -1 0
    outer loop
      vertex -55 16 80
      vertex -50 16 88.6603
      vertex -51.1732 16 89.2388
    endloop
  endfacet
  facet normal -0.321439 0 -0.94693
    outer loop
      vertex -51.1732 -16 89.2388
      vertex -52.4118 -16 89.6593
      vertex -52.4118 16 89.6593
    endloop
  endfacet
  facet normal -0.321439 0 -0.94693
    outer loop
      vertex -51.1732 -16 89.2388
      vertex -52.4118 16 89.6593
      vertex -51.1732 16 89.2388
    endloop
  endfacet
  facet normal 0 1 0
    outer loop
      vertex -55 -16 80
      vertex -52.4118 -16 89.6593
      vertex -51.1732 -16 89.2388
    endloop
  endfacet
  facet normal 0 -1 0
    outer loop
      vertex -55 16 80
      vertex -51.1732 16 89.2388
      vertex -52.4118 16 89.6593
    endloop
  endfacet
  facet normal -0.19509 0 -0.980785
    outer loop
      vertex -52.4118 -16 89.6593
      vertex -53.6947 -16 89.9144
      vertex -53.6947 16 89.9144
    endloop
  endfacet
  facet normal -0.19509 0 -0.980785
    outer loop
      vertex -52.4118 -16 89.6593
      vertex -53.6947 16 89.9144
      vertex -52.4118 16 89.6593
    endloop
  endfacet
  facet normal 0 1 0
    outer loop
      vertex -55 -16 80
      vertex -53.6947 -16 89.9144
      vertex -52.4118 -16 89.6593
    endloop
  endfacet
  facet normal 0 -1 0
    outer loop
      vertex -55 16 80
      vertex -52.4118 16 89.6593
      vertex -53.6947 16 89.9144
    endloop
  endfacet
  facet normal -0.0654031 0 -0.997859
    outer loop
      vertex -53.6947 -16 89.9144
      vertex -55 -16 90
      vertex -55 16 90
    endloop
  endfacet
  facet normal -0.0654031 0 -0.997859
    outer loop
      vertex -53.6947 -16 89.9144
      vertex -55 16 90
      vertex -53.6947 16 89.9144
    endloop
  endfacet
  facet normal 0 1 0
    outer loop
      vertex -55 -16 80
      vertex -55 -16 90
      vertex -53.6947 -16 89.9144
    endloop
  endfacet
  facet normal 0 -1 0
    outer loop
      vertex -55 16 80
      vertex -53.6947 16 89.9144
      vertex -55 16 90
    endloop
  endfacet
  facet normal 0.0654031 0 -0.997859
    outer loop
      vertex -55 -16 90
      vertex -56.3053 -16 89.9144
      vertex -56.3053 16 89.9144
    endloop
  endfacet
  facet normal 0.0654031 0 -0.997859
    outer loop
      vertex -55 -16 90
      vertex -56.3053 16 89.9144
      vertex -55 16 90
    endloop
  endfacet
  facet normal 0 1 -0
    outer loop
      vertex -55 -16 80
      vertex -56.3053 -16 89.9144
      vertex -55 -16 90
    endloop
  endfacet
  facet normal 0 -1 0
    outer loop
      vertex -55 16 80
      vertex -55 16 90
      vertex -56.3053 16 89.9144
    endloop
  endfacet
  facet normal 0.19509 0 -0.980785
    outer loop
      vertex -56.3053 -16 89.9144
      vertex -57.5882 -16 89.6593
      vertex -57.5882 16 89.6593
    endloop
  endfacet
  facet normal 0.19509 0 -0.980785
    outer loop
      vertex -56.3053 -16 89.9144
      vertex -57.5882 16 89.6593
      vertex -56.3053 16 89.9144
    endloop
  endfacet
  facet normal 0 1 0
    outer loop
      vertex -55 -16 80
      vertex -57.5882 -16 89.6593
      vertex -56.3053 -16 89.9144
    endloop
  endfacet
  facet normal 0 -1 0
    outer loop
      vertex -55 16 80
      vertex -56.3053 16 89.9144
      vertex -57.5882 16 89.6593
    endloop
  endfacet
  facet normal 0.321439 0 -0.94693
    outer loop
      vertex -57.5882 -16 89.6593
      vertex -58.8268 -16 89.2388
      vertex -58.8268 16 89.2388
    endloop
  endfacet
  facet normal 0.321439 0 -0.94693
    outer loop
      vertex -57.5882 -16 89.6593
      vertex -58.8268 16 89.2388
      vertex -57.5882 16 89.6593
    endloop
  endfacet
  facet normal 0 1 0
    outer loop
      vertex -55 -16 80
      vertex -58.8268 -16 89.2388
      vertex -57.5882 -16 89.6593
    endloop
  endfacet
  facet normal 0 -1 0
    outer loop
      vertex -55 16 80
      vertex -57.5882 16 89.6593
      vertex -58.8268 16 89.2388
    endloop
  endfacet
  facet normal 0.442289 0 -0.896873
    outer loop
      vertex -58.8268 -16 89.2388
      vertex -60 -16 88.6603
      vertex -60 16 88.6603
    endloop
  endfacet
  facet normal 0.442289 0 -0.896873
    outer loop
      vertex -58.8268 -16 89.2388
      vertex -60 16 88.6603
      vertex -58.8268 16 89.2388
    endloop
  endfacet
  facet normal 0 1 0
    outer loop
      vertex -55 -16 80
      vertex -60 -16 88.6603
      vertex -58.8268 -16 89.2388
    endloop
  endfacet
  facet normal 0 -1 0
    outer loop
      vertex -55 16 80
      vertex -58.8268 16 89.2388
      vertex -60 16 88.6603
    endloop
  endfacet
  facet normal 0.55557 0 -0.83147
    outer loop
      vertex -60 -16 88.6603
      vertex -61.0876 -16 87.9335
      vertex -61.0876 16 87.9335
    endloop
  endfacet
  facet normal 0.55557 0 -0.83147
    outer loop
      vertex -60 -16 88.6603
      vertex -61.0876 16 87.9335
      vertex -60 16 88.6603
    endloop
  endfacet
  facet normal 0 1 0
    outer loop
      vertex -55 -16 80
      vertex -61.0876 -16 87.9335
      vertex -60 -16 88.6603
    endloop
  endfacet
  facet normal 0 -1 0
    outer loop
      vertex -55 16 80
      vertex -60 16 88.6603
      vertex -61.0876 16 87.9335
    endloop
  endfacet
  facet normal 0.659346 0 -0.75184
    outer loop
      vertex -61.0876 -16 87.9335
      vertex -62.0711 -16 87.0711
      vertex -62.0711 16 87.0711
    endloop
  endfacet
  facet normal 0.659346 0 -0.75184
    outer loop
      vertex -61.0876 -16 87.9335
      vertex -62.0711 16 87.0711
      vertex -61.0876 16 87.9335
    endloop
  endfacet
  facet normal 0 1 0
    outer loop
      vertex -55 -16 80
      vertex -62.0711 -16 87.0711
      vertex -61.0876 -16 87.9335
    endloop
  endfacet
  facet normal 0 -1 0
    outer loop
      vertex -55 16 80
      vertex -61.0876 16 87.9335
      vertex -62.0711 16 87.0711
    endloop
  endfacet
  facet normal 0.75184 0 -0.659346
    outer loop
      vertex -62.0711 -16 87.0711
      vertex -62.9335 -16 86.0876
      vertex -62.9335 16 86.0876
    endloop
  endfacet
  facet normal 0.75184 0 -0.659346
    outer loop
      vertex -62.0711 -16 87.0711
      vertex -62.9335 16 86.0876
      vertex -62.0711 16 87.0711
    endloop
  endfacet
  facet normal 0 1 0
    outer loop
      vertex -55 -16 80
      vertex -62.9335 -16 86.0876
      vertex -62.0711 -16 87.0711
    endloop
  endfacet
  facet normal 0 -1 0
    outer loop
      vertex -55 16 80
      vertex -62.0711 16 87.0711
      vertex -62.9335 16 86.0876
    endloop
  endfacet
  facet normal 0.83147 0 -0.55557
    outer loop
      vertex -62.9335 -16 86.0876
      vertex -63.6603 -16 85
      vertex -63.6603 16 85
    endloop
  endfacet
  facet normal 0.83147 0 -0.55557
    outer loop
      vertex -62.9335 -16 86.0876
      vertex -63.6603 16 85
      vertex -62.9335 16 86.0876
    endloop
  endfacet
  facet normal 0 1 0
    outer loop
      vertex -55 -16 80
      vertex -63.6603 -16 85
      vertex -62.9335 -16 86.0876
    endloop
  endfacet
  facet normal 0 -1 0
    outer loop
      vertex -55 16 80
      vertex -62.9335 16 86.0876
      vertex -63.6603 16 85
    endloop
  endfacet
  facet normal 0.896873 0 -0.442289
    outer loop
      vertex -63.6603 -16 85
      vertex -64.2388 -16 83.8268
      vertex -64.2388 16 83.8268
    endloop
  endfacet
  facet normal 0.896873 0 -0.442289
    outer loop
      vertex -63.6603 -16 85
      vertex -64.2388 16 83.8268
      vertex -63.6603 16 85
    endloop
  endfacet
  facet normal 0 1 0
    outer loop
      vertex -55 -16 80
      vertex -64.2388 -16 83.8268
      vertex -63.6603 -16 85
    endloop
  endfacet
  facet normal 0 -1 0
    outer loop
      vertex -55 16 80
      vertex -63.6603 16 85
      vertex -64.2388 16 83.8268
    endloop
  endfacet
  facet normal 0.94693 0 -0.321439
    outer loop
      vertex -64.2388 -16 83.8268
      vertex -64.6593 -16 82.5882
      vertex -64.6593 16 82.5882
    endloop
  endfacet
  facet normal 0.94693 0 -0.321439
    outer loop
      vertex -64.2388 -16 83.8268
      vertex -64.6593 16 82.5882
      vertex -64.2388 16 83.8268
    endloop
  endfacet
  facet normal 0 1 0
    outer loop
      vertex -55 -16 80
      vertex -64.6593 -16 82.5882
      vertex -64.2388 -16 83.8268
    endloop
  endfacet
  facet normal 0 -1 0
    outer loop
      vertex -55 16 80
      vertex -64.2388 16 83.8268
      vertex -64.6593 16 82.5882
    endloop
  endfacet
  facet normal 0.980785 0 -0.19509
    outer loop
      vertex -64.6593 -16 82.5882
      vertex -64.9144 -16 81.3053
      vertex -64.9144 16 81.3053
    endloop
  endfacet
  facet normal 0.980785 0 -0.19509
    outer loop
      vertex -64.6593 -16 82.5882
      vertex -64.9144 16 81.3053
      vertex -64.6593 16 82.5882
    endloop
  endfacet
  facet normal 0 1 0
    outer loop
      vertex -55 -16 80
      vertex -64.9144 -16 81.3053
      vertex -64.6593 -16 82.5882
    endloop
  endfacet
  facet normal 0 -1 0
    outer loop
      vertex -55 16 80
      vertex -64.6593 16 82.5882
      vertex -64.9144 16 81.3053
    endloop
  endfacet
  facet normal 0.997859 0 -0.0654031
    outer loop
      vertex -64.9144 -16 81.3053
      vertex -65 -16 80
      vertex -65 16 80
    endloop
  endfacet
  facet normal 0.997859 0 -0.0654031
    outer loop
      vertex -64.9144 -16 81.3053
      vertex -65 16 80
      vertex -64.9144 16 81.3053
    endloop
  endfacet
  facet normal 0 1 0
    outer loop
      vertex -55 -16 80
      vertex -65 -16 80
      vertex -64.9144 -16 81.3053
    endloop
  endfacet
  facet normal 0 -1 0
    outer loop
      vertex -55 16 80
      vertex -64.9144 16 81.3053
      vertex -65 16 80
    endloop
  endfacet
  facet normal 0.997859 0 0.0654031
    outer loop
      vertex -65 -16 80
      vertex -64.9144 -16 78.6947
      vertex -64.9144 16 78.6947
    endloop
  endfacet
  facet normal 0.997859 -0 0.0654031
    outer loop
      vertex -65 -16 80
      vertex -64.9144 16 78.6947
      vertex -65 16 80
    endloop
  endfacet
  facet normal 0 1 0
    outer loop
      vertex -55 -16 80
      vertex -64.9144 -16 78.6947
      vertex -65 -16 80
    endloop
  endfacet
  facet normal -0 -1 0
    outer loop
      vertex -55 16 80
      vertex -65 16 80
      vertex -64.9144 16 78.6947
    endloop
  endfacet
  facet normal 0.980785 0 0.19509
    outer loop
      vertex -64.9144 -16 78.6947
      vertex -64.6593 -16 77.4118
      vertex -64.6593 16 77.4118
    endloop
  endfacet
  facet normal 0.980785 -0 0.19509
    outer loop
      vertex -64.9144 -16 78.6947
      vertex -64.6593 16 77.4118
      vertex -64.9144 16 78.6947
    endloop
  endfacet
  facet normal 0 1 0
    outer loop
      vertex -55 -16 80
      vertex -64.6593 -16 77.4118
      vertex -64.9144 -16 78.6947
    endloop
  endfacet
  facet normal 0 -1 0
    outer loop
      vertex -55 16 80
      vertex -64.9144 16 78.6947
      vertex -64.6593 16 77.4118
    endloop
  endfacet
  facet normal 0.94693 0 0.321439
    outer loop
      vertex -64.6593 -16 77.4118
      vertex -64.2388 -16 76.1732
      vertex -64.2388 16 76.1732
    endloop
  endfacet
  facet normal 0.94693 -0 0.321439
    outer loop
      vertex -64.6593 -16 77.4118
      vertex -64.2388 16 76.1732
      vertex -64.6593 16 77.4118
    endloop
  endfacet
  facet normal 0 1 0
    outer loop
      vertex -55 -16 80
      vertex -64.2388 -16 76.1732
      vertex -64.6593 -16 77.4118
    endloop
  endfacet
  facet normal 0 -1 0
    outer loop
      vertex -55 16 80
      vertex -64.6593 16 77.4118
      vertex -64.2388 16 76.1732
    endloop
  endfacet
  facet normal 0.896873 0 0.442289
    outer loop
      vertex -64.2388 -16 76.1732
      vertex -63.6603 -16 75
      vertex -63.6603 16 75
    endloop
  endfacet
  facet normal 0.896873 -0 0.442289
    outer loop
      vertex -64.2388 -16 76.1732
      vertex -63.6603 16 75
      vertex -64.2388 16 76.1732
    endloop
  endfacet
  facet normal 0 1 0
    outer loop
      vertex -55 -16 80
      vertex -63.6603 -16 75
      vertex -64.2388 -16 76.1732
    endloop
  endfacet
  facet normal 0 -1 0
    outer loop
      vertex -55 16 80
      vertex -64.2388 16 76.1732
      vertex -63.6603 16 75
    endloop
  endfacet
  facet normal 0.83147 0 0.55557
    outer loop
      vertex -63.6603 -16 75
      vertex -62.9335 -16 73.9124
      vertex -62.9335 16 73.9124
    endloop
  endfacet
  facet normal 0.83147 -0 0.55557
    outer loop
      vertex -63.6603 -16 75
      vertex -62.9335 16 73.9124
      vertex -63.6603 16 75
    endloop
  endfacet
  facet normal 0 1 0
    outer loop
      vertex -55 -16 80
      vertex -62.9335 -16 73.9124
      vertex -63.6603 -16 75
    endloop
  endfacet
  facet normal 0 -1 0
    outer loop
      vertex -55 16 80
      vertex -63.6603 16 75
      vertex -62.9335 16 73.9124
    endloop
  endfacet
  facet normal 0.75184 0 0.659346
    outer loop
      vertex -62.9335 -16 73.9124
      vertex -62.0711 -16 72.9289
      vertex -62.0711 16 72.9289
    endloop
  endfacet
  facet normal 0.75184 -0 0.659346
    outer loop
      vertex -62.9335 -16 73.9124
      vertex -62.0711 16 72.9289
      vertex -62.9335 16 73.9124
    endloop
  endfacet
  facet normal 0 1 0
    outer loop
      vertex -55 -16 80
      vertex -62.0711 -16 72.9289
      vertex -62.9335 -16 73.9124
    endloop
  endfacet
  facet normal 0 -1 0
    outer loop
      vertex -55 16 80
      vertex -62.9335 16 73.9124
      vertex -62.0711 16 72.9289
    endloop
  endfacet
  facet normal 0.659346 0 0.75184
    outer loop
      vertex -62.0711 -16 72.9289
      vertex -61.0876 -16 72.0665
      vertex -61.0876 16 72.0665
    endloop
  endfacet
  facet normal 0.659346 -0 0.75184
    outer loop
      vertex -62.0711 -16 72.9289
      vertex -61.0876 16 72.0665
      vertex -62.0711 16 72.9289
    endloop
  endfacet
  facet normal 0 1 0
    outer loop
      vertex -55 -16 80
      vertex -61.0876 -16 72.0665
      vertex -62.0711 -16 72.9289
    endloop
  endfacet
  facet normal 0 -1 0
    outer loop
      vertex -55 16 80
      vertex -62.0711 16 72.9289
      vertex -61.0876 16 72.0665
    endloop
  endfacet
  facet normal 0.55557 0 0.83147
    outer loop
      vertex -61.0876 -16 72.0665
      vertex -60 -16 71.3397
      vertex -60 16 71.3397
    endloop
  endfacet
  facet normal 0.55557 -0 0.83147
    outer loop
      vertex -61.0876 -16 72.0665
      vertex -60 16 71.3397
      vertex -61.0876 16 72.0665
    endloop
  endfacet
  facet normal 0 1 0
    outer loop
      vertex -55 -16 80
      vertex -60 -16 71.3397
      vertex -61.0876 -16 72.0665
    endloop
  endfacet
  facet normal 0 -1 0
    outer loop
      vertex -55 16 80
      vertex -61.0876 16 72.0665
      vertex -60 16 71.3397
    endloop
  endfacet
  facet normal 0.442289 0 0.896873
    outer loop
      vertex -60 -16 71.3397
      vertex -58.8268 -16 70.7612
      vertex -58.8268 16 70.7612
    endloop
  endfacet
  facet normal 0.442289 -0 0.896873
    outer loop
      vertex -60 -16 71.3397
      vertex -58.8268 16 70.7612
      vertex -60 16 71.3397
    endloop
  endfacet
  facet normal 0 1 0
    outer loop
      vertex -55 -16 80
      vertex -58.8268 -16 70.7612
      vertex -60 -16 71.3397
    endloop
  endfacet
  facet normal 0 -1 0
    outer loop
      vertex -55 16 80
      vertex -60 16 71.3397
      vertex -58.8268 16 70.7612
    endloop
  endfacet
  facet normal 0.321439 0 0.94693
    outer loop
      vertex -58.8268 -16 70.7612
      vertex -57.5882 -16 70.3407
      vertex -57.5882 16 70.3407
    endloop
  endfacet
  facet normal 0.321439 -0 0.94693
    outer loop
      vertex -58.8268 -16 70.7612
      vertex -57.5882 16 70.3407
      vertex -58.8268 16 70.7612
    endloop
  endfacet
  facet normal 0 1 0
    outer loop
      vertex -55 -16 80
      vertex -57.5882 -16 70.3407
      vertex -58.8268 -16 70.7612
    endloop
  endfacet
  facet normal 0 -1 0
    outer loop
      vertex -55 16 80
      vertex -58.8268 16 70.7612
      vertex -57.5882 16 70.3407
    endloop
  endfacet
  facet normal 0.19509 0 0.980785
    outer loop
      vertex -57.5882 -16 70.3407
      vertex -56.3053 -16 70.0856
      vertex -56.3053 16 70.0856
    endloop
  endfacet
  facet normal 0.19509 -0 0.980785
    outer loop
      vertex -57.5882 -16 70.3407
      vertex -56.3053 16 70.0856
      vertex -57.5882 16 70.3407
    endloop
  endfacet
  facet normal 0 1 0
    outer loop
      vertex -55 -16 80
      vertex -56.3053 -16 70.0856
      vertex -57.5882 -16 70.3407
    endloop
  endfacet
  facet normal 0 -1 0
    outer loop
      vertex -55 16 80
      vertex -57.5882 16 70.3407
      vertex -56.3053 16 70.0856
    endloop
  endfacet
  facet normal 0.0654031 0 0.997859
    outer loop
      vertex -56.3053 -16 70.0856
      vertex -55 -16 70
      vertex -55 16 70
    endloop
  endfacet
  facet normal 0.0654031 -0 0.997859
    outer loop
      vertex -56.3053 -16 70.0856
      vertex -55 16 70
      vertex -56.3053 16 70.0856
    endloop
  endfacet
  facet normal 0 1 0
    outer loop
      vertex -55 -16 80
      vertex -55 -16 70
      vertex -56.3053 -16 70.0856
    endloop
  endfacet
  facet normal 0 -1 -0
    outer loop
      vertex -55 16 80
      vertex -56.3053 16 70.0856
      vertex -55 16 70
    endloop
  endfacet
  facet normal -0.0654031 0 0.997859
    outer loop
      vertex -55 -16 70
      vertex -53.6947 -16 70.0856
      vertex -53.6947 16 70.0856
    endloop
  endfacet
  facet normal -0.0654031 0 0.997859
    outer loop
      vertex -55 -16 70
      vertex -53.6947 16 70.0856
      vertex -55 16 70
    endloop
  endfacet
  facet normal 0 1 0
    outer loop
      vertex -55 -16 80
      vertex -53.6947 -16 70.0856
      vertex -55 -16 70
    endloop
  endfacet
  facet normal 0 -1 0
    outer loop
      vertex -55 16 80
      vertex -55 16 70
      vertex -53.6947 16 70.0856
    endloop
  endfacet
  facet normal -0.19509 0 0.980785
    outer loop
      vertex -53.6947 -16 70.0856
      vertex -52.4118 -16 70.3407
      vertex -52.4118 16 70.3407
    endloop
  endfacet
  facet normal -0.19509 0 0.980785
    outer loop
      vertex -53.6947 -16 70.0856
      vertex -52.4118 16 70.3407
      vertex -53.6947 16 70.0856
    endloop
  endfacet
  facet normal 0 1 0
    outer loop
      vertex -55 -16 80
      vertex -52.4118 -16 70.3407
      vertex -53.6947 -16 70.0856
    endloop
  endfacet
  facet normal 0 -1 0
    outer loop
      vertex -55 16 80
      vertex -53.6947 16 70.0856
      vertex -52.4118 16 70.3407
    endloop
  endfacet
  facet normal -0.321439 0 0.94693
    outer loop
      vertex -52.4118 -16 70.3407
      vertex -51.1732 -16 70.7612
      vertex -51.1732 16 70.7612
    endloop
  endfacet
  facet normal -0.321439 0 0.94693
    outer loop
      vertex -52.4118 -16 70.3407
      vertex -51.1732 16 70.7612
      vertex -52.4118 16 70.3407
    endloop
  endfacet
  facet normal 0 1 0
    outer loop
      vertex -55 -16 80
      vertex -51.1732 -16 70.7612
      vertex -52.4118 -16 70.3407
    endloop
  endfacet
  facet normal 0 -1 0
    outer loop
      vertex -55 16 80
      vertex -52.4118 16 70.3407
      vertex -51.1732 16 70.7612
    endloop
  endfacet
  facet normal -0.442289 0 0.896873
    outer loop
      vertex -51.1732 -16 70.7612
      vertex -50 -16 71.3397
      vertex -50 16 71.3397
    endloop
  endfacet
  facet normal -0.442289 0 0.896873
    outer loop
      vertex -51.1732 -16 70.7612
      vertex -50 16 71.3397
      vertex -51.1732 16 70.7612
    endloop
  endfacet
  facet normal 0 1 0
    outer loop
      vertex -55 -16 80
      vertex -50 -16 71.3397
      vertex -51.1732 -16 70.7612
    endloop
  endfacet
  facet normal 0 -1 0
    outer loop
      vertex -55 16 80
      vertex -51.1732 16 70.7612
      vertex -50 16 71.3397
    endloop
  endfacet
  facet normal -0.55557 0 0.83147
    outer loop
      vertex -50 -16 71.3397
      vertex -48.9124 -16 72.0665
      vertex -48.9124 16 72.0665
    endloop
  endfacet
  facet normal -0.55557 0 0.83147
    outer loop
      vertex -50 -16 71.3397
      vertex -48.9124 16 72.0665
      vertex -50 16 71.3397
    endloop
  endfacet
  facet normal 0 1 0
    outer loop
      vertex -55 -16 80
      vertex -48.9124 -16 72.0665
      vertex -50 -16 71.3397
    endloop
  endfacet
  facet normal 0 -1 0
    outer loop
      vertex -55 16 80
      vertex -50 16 71.3397
      vertex -48.9124 16 72.0665
    endloop
  endfacet
  facet normal -0.659346 0 0.75184
    outer loop
      vertex -48.9124 -16 72.0665
      vertex -47.9289 -16 72.9289
      vertex -47.9289 16 72.9289
    endloop
  endfacet
  facet normal -0.659346 0 0.75184
    outer loop
      vertex -48.9124 -16 72.0665
      vertex -47.9289 16 72.9289
      vertex -48.9124 16 72.0665
    endloop
  endfacet
  facet normal 0 1 0
    outer loop
      vertex -55 -16 80
      vertex -47.9289 -16 72.9289
      vertex -48.9124 -16 72.0665
    endloop
  endfacet
  facet normal 0 -1 0
    outer loop
      vertex -55 16 80
      vertex -48.9124 16 72.0665
      vertex -47.9289 16 72.9289
    endloop
  endfacet
  facet normal -0.75184 0 0.659346
    outer loop
      vertex -47.9289 -16 72.9289
      vertex -47.0665 -16 73.9124
      vertex -47.0665 16 73.9124
    endloop
  endfacet
  facet normal -0.75184 0 0.659346
    outer loop
      vertex -47.9289 -16 72.9289
      vertex -47.0665 16 73.9124
      vertex -47.9289 16 72.9289
    endloop
  endfacet
  facet normal 0 1 0
    outer loop
      vertex -55 -16 80
      vertex -47.0665 -16 73.9124
      vertex -47.9289 -16 72.9289
    endloop
  endfacet
  facet normal 0 -1 0
    outer loop
      vertex -55 16 80
      vertex -47.9289 16 72.9289
      vertex -47.0665 16 73.9124
    endloop
  endfacet
  facet normal -0.83147 0 0.55557
    outer loop
      vertex -47.0665 -16 73.9124
      vertex -46.3397 -16 75
      vertex -46.3397 16 75
    endloop
  endfacet
  facet normal -0.83147 0 0.55557
    outer loop
      vertex -47.0665 -16 73.9124
      vertex -46.3397 16 75
      vertex -47.0665 16 73.9124
    endloop
  endfacet
  facet normal 0 1 0
    outer loop
      vertex -55 -16 80
      vertex -46.3397 -16 75
      vertex -47.0665 -16 73.9124
    endloop
  endfacet
  facet normal 0 -1 0
    outer loop
      vertex -55 16 80
      vertex -47.0665 16 73.9124
      vertex -46.3397 16 75
    endloop
  endfacet
  facet normal -0.896873 0 0.442289
    outer loop
      vertex -46.3397 -16 75
      vertex -45.7612 -16 76.1732
      vertex -45.7612 16 76.1732
    endloop
  endfacet
  facet normal -0.896873 0 0.442289
    outer loop
      vertex -46.3397 -16 75
      vertex -45.7612 16 76.1732
      vertex -46.3397 16 75
    endloop
  endfacet
  facet normal 0 1 0
    outer loop
      vertex -55 -16 80
      vertex -45.7612 -16 76.1732
      vertex -46.3397 -16 75
    endloop
  endfacet
  facet normal 0 -1 0
    outer loop
      vertex -55 16 80
      vertex -46.3397 16 75
      vertex -45.7612 16 76.1732
    endloop
  endfacet
  facet normal -0.94693 0 0.321439
    outer loop
      vertex -45.7612 -16 76.1732
      vertex -45.3407 -16 77.4118
      vertex -45.3407 16 77.4118
    endloop
  endfacet
  facet normal -0.94693 0 0.321439
    outer loop
      vertex -45.7612 -16 76.1732
      vertex -45.3407 16 77.4118
      vertex -45.7612 16 76.1732
    endloop
  endfacet
  facet normal 0 1 0
    outer loop
      vertex -55 -16 80
      vertex -45.3407 -16 77.4118
      vertex -45.7612 -16 76.1732
    endloop
  endfacet
  facet normal 0 -1 0
    outer loop
      vertex -55 16 80
      vertex -45.7612 16 76.1732
      vertex -45.3407 16 77.4118
    endloop
  endfacet
  facet normal -0.980785 0 0.19509
    outer loop
      vertex -45.3407 -16 77.4118
      vertex -45.0856 -16 78.6947
      vertex -45.0856 16 78.6947
    endloop
  endfacet
  facet normal -0.980785 0 0.19509
    outer loop
      vertex -45.3407 -16 77.4118
      vertex -45.0856 16 78.6947
      vertex -45.3407 16 77.4118
    endloop
  endfacet
  facet normal 0 1 0
    outer loop
      vertex -55 -16 80
      vertex -45.0856 -16 78.6947
      vertex -45.3407 -16 77.4118
    endloop
  endfacet
  facet normal 0 -1 0
    outer loop
      vertex -55 16 80
      vertex -45.3407 16 77.4118
      vertex -45.0856 16 78.6947
    endloop
  endfacet
  facet normal -0.997859 0 0.0654031
    outer loop
      vertex -45.0856 -16 78.6947
      vertex -45 -16 80
      vertex -45 16 80
    endloop
  endfacet
  facet normal -0.997859 0 0.0654031
    outer loop
      vertex -45.0856 -16 78.6947
      vertex -45 16 80
      vertex -45.0856 16 78.6947
    endloop
  endfacet
  facet normal -0 1 0
    outer loop
      vertex -55 -16 80
      vertex -45 -16 80
      vertex -45.0856 -16 78.6947
    endloop
  endfacet
  facet normal 0 -1 0
    outer loop
      vertex -55 16 80
      vertex -45.0856 16 78.6947
      vertex -45 16 80
    endloop
  endfacet
  facet normal 0 0 1
    outer loop
      vertex 116 -11 77.5
      vertex 154 -11 77.5
      vertex 154 11 77.5
    endloop
  endfacet
  facet normal 0 0 1
    outer loop
      vertex 116 -11 77.5
      vertex 154 11 77.5
      vertex 116 11 77.5
    endloop
  endfacet
  facet normal 0 0 -1
    outer loop
      vertex 116 -11 112.5
      vertex 116 11 112.5
      vertex 154 11 112.5
    endloop
  endfacet
  facet normal 0 0 -1
    outer loop
      vertex 116 -11 112.5
      vertex 154 11 112.5
      vertex 154 -11 112.5
    endloop
  endfacet
  facet normal 0 1 0
    outer loop
      vertex 116 -11 77.5
      vertex 116 -11 112.5
      vertex 154 -11 112.5
    endloop
  endfacet
  facet normal 0 1 0
    outer loop
      vertex 116 -11 77.5
      vertex 154 -11 112.5
      vertex 154 -11 77.5
    endloop
  endfacet
  facet normal -1 0 0
    outer loop
      vertex 154 -11 77.5
      vertex 154 -11 112.5
      vertex 154 11 112.5
    endloop
  endfacet
  facet normal -1 0 0
    outer loop
      vertex 154 -11 77.5
      vertex 154 11 112.5
      vertex 154 11 77.5
    endloop
  endfacet
  facet normal 0 -1 0
    outer loop
      vertex 154 11 77.5
      vertex 154 11 112.5
      vertex 116 11 112.5
    endloop
  endfacet
  facet normal 0 -1 0
    outer loop
      vertex 154 11 77.5
      vertex 116 11 112.5
      vertex 116 11 77.5
    endloop
  endfacet
  facet normal 1 0 -0
    outer loop
      vertex 116 11 77.5
      vertex 116 11 112.5
      vertex 116 -11 112.5
    endloop
  endfacet
  facet normal 1 0 0
    outer loop
      vertex 116 11 77.5
      vertex 116 -11 112.5
      vertex 116 -11 77.5
    endloop
  endfacet
  facet normal 0 0 1
    outer loop
      vertex 111 -2 99
      vertex 129 -2 99
      vertex 129 2 99
    endloop
  endfacet
  facet normal 0 0 1
    outer loop
      vertex 111 -2 99
      vertex 129 2 99
      vertex 111 2 99
    endloop
  endfacet
  facet normal 0 0 -1
    outer loop
      vertex 111 -2 137
      vertex 111 2 137
      vertex 129 2 137
    endloop
  endfacet
  facet normal 0 0 -1
    outer loop
      vertex 111 -2 137
      vertex 129 2 137
      vertex 129 -2 137
    endloop
  endfacet
  facet normal 0 1 0
    outer loop
      vertex 111 -2 99
      vertex 111 -2 137
      vertex 129 -2 137
    endloop
  endfacet
  facet normal 0 1 0
    outer loop
      vertex 111 -2 99
      vertex 129 -2 137
      vertex 129 -2 99
    endloop
  endfacet
  facet normal -1 0 0
    outer loop
      vertex 129 -2 99
      vertex 129 -2 137
      vertex 129 2 137
    endloop
  endfacet
  facet normal -1 0 0
    outer loop
      vertex 129 -2 99
      vertex 129 2 137
      vertex 129 2 99
    endloop
  endfacet
  facet normal 0 -1 0
    outer loop
      vertex 129 2 99
      vertex 129 2 137
      vertex 111 2 137
    endloop
  endfacet
  facet normal 0 -1 0
    outer loop
      vertex 129 2 99
      vertex 111 2 137
      vertex 111 2 99
    endloop
  endfacet
  facet normal 1 0 -0
    outer loop
      vertex 111 2 99
      vertex 111 2 137
      vertex 111 -2 137
    endloop
  endfacet
  facet normal 1 0 0
    outer loop
      vertex 111 2 99
      vertex 111 -2 137
      vertex 111 -2 99
    endloop
  endfacet
  facet normal 0 0 1
    outer loop
      vertex 55 -4 66
      vertex 105 -4 66
      vertex 105 4 66
    endloop
  endfacet
  facet normal 0 0 1
    outer loop
      vertex 55 -4 66
      vertex 105 4 66
      vertex 55 4 66
    endloop
  endfacet
  facet normal 0 0 -1
    outer loop
      vertex 55 -4 78
      vertex 55 4 78
      vertex 105 4 78
    endloop
  endfacet
  facet normal 0 0 -1
    outer loop
      vertex 55 -4 78
      vertex 105 4 78
      vertex 105 -4 78
    endloop
  endfacet
  facet normal 0 1 0
    outer loop
      vertex 55 -4 66
      vertex 55 -4 78
      vertex 105 -4 78
    endloop
  endfacet
  facet normal 0 1 0
    outer loop
      vertex 55 -4 66
      vertex 105 -4 78
      vertex 105 -4 66
    endloop
  endfacet
  facet normal -1 0 0
    outer loop
      vertex 105 -4 66
      vertex 105 -4 78
      vertex 105 4 78
    endloop
  endfacet
  facet normal -1 0 0
    outer loop
      vertex 105 -4 66
      vertex 105 4 78
      vertex 105 4 66
    endloop
  endfacet
  facet normal 0 -1 0
    outer loop
      vertex 105 4 66
      vertex 105 4 78
      vertex 55 4 78
    endloop
  endfacet
  facet normal 0 -1 0
    outer loop
      vertex 105 4 66
      vertex 55 4 78
      vertex 55 4 66
    endloop
  endfacet
  facet normal 1 0 -0
    outer loop
      vertex 55 4 66
      vertex 55 4 78
      vertex 55 -4 78
    endloop
  endfacet
  facet normal 1 0 0
    outer loop
      vertex 55 4 66
      vertex 55 -4 78
      vertex 55 -4 66
    endloop
  endfacet
  facet normal 0 0 1
    outer loop
      vertex 97 -4 65.5
      vertex 107 -4 65.5
      vertex 107 4 65.5
    endloop
  endfacet
  facet normal 0 0 1
    outer loop
      vertex 97 -4 65.5
      vertex 107 4 65.5
      vertex 97 4 65.5
    endloop
  endfacet
  facet normal 0 0 -1
    outer loop
      vertex 97 -4 110.5
      vertex 97 4 110.5
      vertex 107 4 110.5
    endloop
  endfacet
  facet normal 0 0 -1
    outer loop
      vertex 97 -4 110.5
      vertex 107 4 110.5
      vertex 107 -4 110.5
    endloop
  endfacet
  facet normal 0 1 0
    outer loop
      vertex 97 -4 65.5
      vertex 97 -4 110.5
      vertex 107 -4 110.5
    endloop
  endfacet
  facet normal 0 1 0
    outer loop
      vertex 97 -4 65.5
      vertex 107 -4 110.5
      vertex 107 -4 65.5
    endloop
  endfacet
  facet normal -1 0 0
    outer loop
      vertex 107 -4 65.5
      vertex 107 -4 110.5
      vertex 107 4 110.5
    endloop
  endfacet
  facet normal -1 0 0
    outer loop
      vertex 107 -4 65.5
      vertex 107 4 110.5
      vertex 107 4 65.5
    endloop
  endfacet
  facet normal 0 -1 0
    outer loop
      vertex 107 4 65.5
      vertex 107 4 110.5
      vertex 97 4 110.5
    endloop
  endfacet
  facet normal 0 -1 0
    outer loop
      vertex 107 4 65.5
      vertex 97 4 110.5
      vertex 97 4 65.5
    endloop
  endfacet
  facet normal 1 0 -0
    outer loop
      vertex 97 4 65.5
      vertex 97 4 110.5
      vertex 97 -4 110.5
    endloop
  endfacet
  facet normal 1 0 0
    outer loop
      vertex 97 4 65.5
      vertex 97 -4 110.5
      vertex 97 -4 65.5
    endloop
  endfacet
endsolid kangaroo_basic_assembly
